NETWERK 1
NODES 15668
0 776 -118
1 709 -115
2 762 -113
3 732 -108
4 792 -104
5 752 -102
6 1431 -96
7 1447 -92
8 1430 -90
9 1433 -90
10 1462 -89
11 1469 -88
12 715 -87
13 1436 -87
14 1451 -87
15 1460 -85
16 1435 -84
17 1444 -80
18 1460 -78
19 1463 -78
20 591 -75
21 1454 -75
22 566 -74
23 1446 -73
24 1459 -73
25 683 -71
26 575 -70
27 767 -70
28 1453 -70
29 597 -69
30 572 -67
31 583 -67
32 580 -65
33 589 -61
34 587 -58
35 2635 -58
36 2626 -57
37 2544 -56
38 2553 -56
39 598 -52
40 595 -50
41 592 -47
42 2105 -47
43 2111 -47
44 604 -46
45 2029 -45
46 590 -44
47 628 -44
48 758 -44
49 2056 -44
50 602 -43
51 599 -41
52 2058 -41
53 597 -38
54 709 -36
55 1484 -33
56 1511 -33
57 386 -32
58 1427 -32
59 1445 -32
60 1366 -31
61 62 -30
62 67 -30
63 1339 -30
64 1513 -30
65 817 -28
66 793 -27
67 2751 -27
68 2768 -27
69 1148 -26
70 1168 -26
71 2029 -25
72 2058 -25
73 1071 -24
74 1096 -24
75 1011 -23
76 1020 -23
77 1032 -23
78 375 -21
79 943 -21
80 545 -20
81 914 -20
82 421 -19
83 2675 -19
84 2705 -19
85 50 -18
86 252 -16
87 910 -15
88 2504 -15
89 82 -14
90 2011 -14
91 2473 -14
92 1973 -13
93 1513 -12
94 172 -11
95 1485 -11
96 1886 -11
97 1894 -11
98 364 -10
99 1826 -10
100 1846 -10
101 2112 -9
102 2132 -9
103 2627 -9
104 410 -8
105 2330 -8
106 2345 -8
107 2371 -8
108 2554 -8
109 2570 -8
110 2305 -7
111 241 -6
112 480 -6
113 911 -6
114 1168 -6
115 1195 -6
116 1741 -6
117 1760 -6
118 2059 -6
119 1704 -5
120 1722 -5
121 2016 -5
122 35 -4
123 1323 -4
124 1627 -4
125 1647 -4
126 1667 -4
127 1685 -4
128 1295 -3
129 1605 -3
130 2396 -2
131 2751 -2
132 1323 -1
133 1340 -1
134 2371 -1
135 2676 -1
136 2706 -1
137 2721 -1
138 67 0
139 161 0
140 794 0
141 818 0
142 1485 0
143 2787 0
144 98 1
145 354 1
146 1446 1
147 1447 1
148 1466 1
149 1826 1
150 2016 1
151 1428 2
152 1797 2
153 1974 2
154 399 3
155 571 3
156 1428 3
157 2213 3
158 2504 3
159 569 4
160 1410 4
161 2166 4
162 2181 4
163 2473 4
164 230 5
165 444 5
166 1366 5
167 1372 5
168 2133 5
169 2781 5
170 2782 5
171 98 6
172 514 6
173 2721 6
174 275 7
175 1021 7
176 1033 7
177 1561 7
178 1590 7
179 1826 7
180 2451 7
181 1097 8
182 2068 8
183 2106 8
184 2456 8
185 2724 8
186 1072 9
187 21 10
188 464 10
189 1323 10
190 1514 10
191 2283 10
192 2443 10
193 150 11
194 1296 11
195 1485 11
196 2231 11
197 2246 11
198 2702 11
199 343 12
200 866 12
201 885 12
202 1281 12
203 1958 12
204 2213 12
205 2371 12
206 2408 12
207 2459 12
208 196 13
209 841 13
210 1191 13
211 1240 13
212 1895 13
213 2059 13
214 2371 13
215 53 14
216 388 14
217 768 14
218 793 14
219 805 14
220 1012 14
221 1149 14
222 1159 14
223 1207 14
224 1561 14
225 1860 14
226 2331 14
227 2346 14
228 743 15
229 755 15
230 1192 15
231 1529 15
232 1859 15
233 1869 15
234 2305 15
235 2780 15
236 108 16
237 113 16
238 219 16
239 434 16
240 920 16
241 944 16
242 1856 16
243 1974 17
244 2016 17
245 2673 17
246 2752 17
247 85 18
248 264 18
249 1872 18
250 2649 18
251 2702 18
252 2726 18
253 2782 18
254 2830 18
255 2676 19
256 2783 19
257 2802 19
258 2818 19
259 2833 20
260 1826 21
261 1874 21
262 2213 21
263 2504 21
264 140 22
265 332 22
266 509 22
267 1797 22
268 2166 22
269 2181 22
270 2423 22
271 2474 22
272 2725 22
273 2785 22
274 2799 22
275 1367 23
276 1851 23
277 2133 23
278 2420 23
279 2788 23
280 7 24
281 185 24
282 377 24
283 533 24
284 1323 24
285 2106 24
286 2400 24
287 2790 24
288 1296 25
289 2069 25
290 2105 25
291 2305 25
292 2399 25
293 2648 25
294 2722 25
295 208 26
296 1761 26
297 2247 26
298 2283 26
299 2706 26
300 2707 26
301 423 27
302 1561 27
303 1590 27
304 1723 27
305 1742 27
306 2752 27
307 39 28
308 96 28
309 1607 28
310 1628 28
311 1647 28
312 1667 28
313 1686 28
314 1705 28
315 2107 28
316 2710 28
317 2715 28
318 254 29
319 2070 29
320 2416 29
321 484 30
322 485 30
323 1513 30
324 1852 30
325 1875 30
326 1959 30
327 2107 30
328 2113 30
329 2133 30
330 2435 30
331 2459 30
332 299 31
333 444 31
334 1192 31
335 1409 31
336 1906 31
337 1926 31
338 2062 31
339 71 32
340 129 32
341 1150 32
342 1207 32
343 1240 32
344 1411 32
345 1448 32
346 1873 32
347 1895 32
348 2011 32
349 2017 32
350 2032 32
351 756 33
352 1401 33
353 1486 33
354 1511 33
355 1529 33
356 1561 33
357 1974 33
358 2063 33
359 2637 33
360 2642 33
361 730 34
362 1367 34
363 1467 34
364 2114 34
365 174 35
366 325 35
367 367 35
368 638 35
369 1417 35
370 1871 35
371 2346 35
372 2372 35
373 2571 35
374 2637 35
375 471 36
376 1281 36
377 1398 36
378 2306 36
379 2331 36
380 198 37
381 412 37
382 1013 37
383 1241 37
384 1250 37
385 1443 37
386 1856 37
387 2398 37
388 -7 38
389 1826 38
390 2372 38
391 243 39
392 929 39
393 1396 39
394 2067 39
395 1760 40
396 1778 40
397 2182 40
398 2214 40
399 2474 40
400 2505 40
401 1723 41
402 1742 41
403 2133 41
404 2167 41
405 2546 41
406 25 42
407 81 42
408 192 42
409 288 42
410 1429 42
411 1443 42
412 1704 42
413 1798 42
414 1827 42
415 1906 42
416 2214 42
417 2232 42
418 2505 42
419 118 43
420 456 43
421 897 43
422 1648 43
423 1668 43
424 1686 43
425 2133 43
426 866 44
427 1420 44
428 1429 44
429 1609 44
430 1628 44
431 2677 44
432 163 45
433 806 45
434 842 45
435 1783 45
436 2058 45
437 2637 45
438 57 46
439 314 46
440 356 46
441 449 46
442 756 46
443 769 46
444 793 46
445 1590 46
446 1872 46
447 114 47
448 719 47
449 1562 47
450 1590 47
451 1606 47
452 1959 47
453 112 48
454 401 48
455 899 48
456 1367 48
457 1420 48
458 830 49
459 867 49
460 1397 49
461 1445 49
462 1464 49
463 1467 49
464 1486 49
465 1513 49
466 2166 49
467 2182 49
468 2845 49
469 232 50
470 806 50
471 1192 50
472 1251 50
473 1297 50
474 2790 50
475 2800 50
476 2809 50
477 2818 50
478 2828 50
479 -20 51
480 724 51
481 1150 51
482 1207 51
483 1448 51
484 1530 51
485 1562 51
486 1857 51
487 1858 51
488 2087 51
489 2276 51
490 2415 51
491 2752 51
492 2770 51
493 2771 51
494 277 52
495 716 52
496 1399 52
497 1461 52
498 1515 52
499 1530 52
500 1974 52
501 2011 52
502 2247 52
503 2473 52
504 1451 53
505 2473 53
506 107 54
507 204 54
508 1416 54
509 2417 54
510 2457 54
511 2715 54
512 2716 54
513 2733 54
514 2752 54
515 -20 55
516 1413 55
517 2186 55
518 2398 55
519 2677 55
520 2696 55
521 10 56
522 152 56
523 303 56
524 1933 56
525 2399 56
526 2435 56
527 2454 56
528 67 57
529 1251 57
530 1282 57
531 1368 57
532 1878 57
533 2051 57
534 2188 57
535 2332 57
536 2347 57
537 2372 57
538 176 58
539 2092 58
540 2161 58
541 2306 58
542 348 59
543 390 59
544 417 59
545 2100 59
546 42 60
547 2160 60
548 2214 60
549 2372 60
550 2470 60
551 100 61
552 221 61
553 1208 61
554 1827 61
555 2103 61
556 2134 61
557 709 62
558 1193 62
559 1798 62
560 1827 62
561 2033 62
562 266 63
563 1863 63
564 2031 63
565 2084 63
566 2106 63
567 2505 63
568 96 64
569 1913 64
570 1396 65
571 2465 65
572 216 66
573 1952 66
574 2404 66
575 142 67
576 1562 67
577 1591 67
578 2406 67
579 165 68
580 428 68
581 1251 68
582 2190 68
583 1186 69
584 1217 69
585 1515 69
586 1959 69
587 188 70
588 337 70
589 380 70
590 1150 70
591 1486 70
592 1562 70
593 2189 70
594 -4 71
595 53 71
596 210 71
597 1530 71
598 1827 71
599 1886 71
600 1975 71
601 2011 71
602 2019 71
603 2059 71
604 2083 71
605 2108 71
606 2161 71
607 2412 71
608 2415 71
609 2435 71
610 2453 71
611 1783 72
612 1893 72
613 2161 72
614 2232 72
615 2417 72
616 287 73
617 1742 73
618 1761 73
619 2021 73
620 2188 73
621 2214 73
622 28 74
623 256 74
624 1687 74
625 1705 74
626 1724 74
627 2134 74
628 2277 74
629 2306 74
630 2854 74
631 85 75
632 332 75
633 1629 75
634 1648 75
635 1668 75
636 1928 75
637 2051 75
638 2248 75
639 1607 76
640 2058 76
641 131 77
642 1282 77
643 1871 77
644 2059 77
645 911 78
646 1251 78
647 1841 78
648 2106 78
649 2166 78
650 2373 78
651 867 79
652 2023 79
653 2169 79
654 2181 79
655 2332 79
656 2347 79
657 2852 79
658 177 80
659 327 80
660 807 80
661 831 80
662 1368 80
663 1976 80
664 1996 80
665 2086 80
666 2103 80
667 2171 80
668 2307 80
669 2829 80
670 667 81
671 1217 81
672 1468 81
673 1487 81
674 2010 81
675 2023 81
676 200 82
677 709 82
678 725 82
679 1186 82
680 1430 82
681 1449 82
682 1827 82
683 2088 82
684 2810 82
685 276 83
686 372 83
687 1798 83
688 1908 83
689 2096 83
690 2772 83
691 2791 83
692 149 84
693 245 84
694 558 84
695 1869 84
696 2012 84
697 2734 84
698 2753 84
699 38 85
700 392 85
701 412 85
702 2016 85
703 2678 85
704 2696 85
705 2715 85
706 75 86
707 1391 86
708 1960 86
709 2656 86
710 1562 87
711 1591 87
712 1929 87
713 120 88
714 2031 88
715 2037 88
716 71 89
717 407 89
718 1530 89
719 1562 89
720 1487 90
721 1515 90
722 316 91
723 1217 91
724 1389 91
725 1888 91
726 2215 91
727 189 92
728 915 92
729 1187 92
730 1202 92
731 1402 92
732 1430 92
733 2864 92
734 361 93
735 400 93
736 873 93
737 887 93
738 897 93
739 2135 93
740 2638 93
741 2643 93
742 2837 93
743 265 94
744 810 94
745 848 94
746 1884 94
747 234 95
748 500 95
749 761 95
750 770 95
751 782 95
752 794 95
753 825 95
754 1853 95
755 64 96
756 161 96
757 310 96
758 381 96
759 712 96
760 725 96
761 737 96
762 749 96
763 1851 96
764 26 97
765 136 97
766 688 97
767 700 97
768 1251 97
769 2496 97
770 2506 97
771 2802 97
772 2815 97
773 641 98
774 2436 98
775 2458 98
776 2748 98
777 2766 98
778 2783 98
779 2802 98
780 109 99
781 356 99
782 1151 99
783 1283 99
784 2373 99
785 2412 99
786 2415 99
787 2733 99
788 1258 100
789 1799 100
790 2065 100
791 2332 100
792 2348 100
793 2684 100
794 2715 100
795 1843 101
796 2307 101
797 2660 101
798 2730 101
799 26 102
800 387 102
801 634 102
802 2233 102
803 2248 102
804 57 103
805 178 103
806 1783 103
807 1801 103
808 1828 103
809 2192 103
810 2215 103
811 2655 103
812 350 104
813 1592 104
814 1607 104
815 2158 104
816 2174 104
817 1023 105
818 1061 105
819 1762 105
820 1780 105
821 2108 105
822 2130 105
823 2135 105
824 223 106
825 371 106
826 1531 106
827 1687 106
828 1725 106
829 1743 106
830 2059 106
831 2065 106
832 2096 106
833 53 107
834 300 107
835 1369 107
836 1609 107
837 1629 107
838 1649 107
839 1669 107
840 1706 107
841 1997 107
842 2025 107
843 173 108
844 1590 108
845 1976 108
846 98 109
847 1298 109
848 1400 109
849 1533 109
850 1918 109
851 1930 109
852 249 110
853 966 110
854 1387 110
855 1563 110
856 1861 110
857 1894 110
858 122 111
859 995 111
860 1514 111
861 2871 111
862 378 112
863 1402 112
864 1487 112
865 2837 112
866 1431 113
867 1450 113
868 1468 113
869 167 114
870 958 114
871 1385 114
872 1406 114
873 1894 114
874 2415 114
875 2419 114
876 2608 114
877 2638 114
878 2639 114
879 339 115
880 674 115
881 958 115
882 997 115
883 1369 115
884 213 116
885 607 116
886 1861 116
887 2307 116
888 361 117
889 2249 117
890 42 118
891 289 118
892 2715 118
893 1804 119
894 1828 119
895 1845 119
896 2684 119
897 87 120
898 1754 120
899 1762 120
900 1783 120
901 2684 120
902 160 121
903 238 121
904 1728 121
905 2290 121
906 2655 121
907 111 122
908 997 122
909 1369 122
910 1656 122
911 1676 122
912 1695 122
913 1703 122
914 2265 122
915 2816 122
916 2837 122
917 283 123
918 927 123
919 1259 123
920 1283 123
921 1360 123
922 1611 123
923 1629 123
924 2138 123
925 2234 123
926 2255 123
927 2276 123
928 2301 123
929 156 124
930 368 124
931 874 124
932 887 124
933 898 124
934 1203 124
935 1231 124
936 1579 124
937 1595 124
938 2147 124
939 2206 124
940 2803 124
941 583 125
942 848 125
943 962 125
944 995 125
945 1152 125
946 1165 125
947 1175 125
948 1534 125
949 1563 125
950 2374 125
951 2784 125
952 772 126
953 783 126
954 794 126
955 811 126
956 825 126
957 1099 126
958 1511 126
959 1866 126
960 2333 126
961 2348 126
962 202 127
963 725 127
964 737 127
965 750 127
966 762 127
967 968 127
968 992 127
969 1061 127
970 1462 127
971 1483 127
972 1531 127
973 1867 127
974 2131 127
975 2132 127
976 2149 127
977 2308 127
978 350 128
979 665 128
980 674 128
981 689 128
982 700 128
983 712 128
984 929 128
985 1024 128
986 1419 128
987 1441 128
988 1515 128
989 2506 128
990 480 129
991 886 129
992 963 129
993 1398 129
994 2419 129
995 33 130
996 850 130
997 862 130
998 1365 130
999 2255 130
1000 2266 130
1001 2276 130
1002 2291 130
1003 2301 130
1004 2761 130
1005 2766 130
1006 2784 130
1007 2879 130
1008 76 131
1009 227 131
1010 323 131
1011 783 131
1012 811 131
1013 826 131
1014 837 131
1015 2129 131
1016 2308 131
1017 2731 131
1018 2749 131
1019 2838 131
1020 100 132
1021 361 132
1022 493 132
1023 550 132
1024 737 132
1025 750 132
1026 762 132
1027 772 132
1028 2249 132
1029 661 133
1030 674 133
1031 689 133
1032 701 133
1033 713 133
1034 2639 133
1035 273 134
1036 2608 134
1037 146 135
1038 358 135
1039 534 135
1040 2109 136
1041 2716 136
1042 191 137
1043 1854 137
1044 2043 137
1045 2076 137
1046 2153 137
1047 2685 137
1048 340 138
1049 1977 138
1050 2010 138
1051 528 139
1052 2685 139
1053 528 140
1054 2656 140
1055 -14 141
1056 44 141
1057 66 142
1058 216 142
1059 372 142
1060 2234 142
1061 89 143
1062 1563 143
1063 2131 143
1064 2150 143
1065 2175 143
1066 2204 143
1067 2206 143
1068 2785 143
1069 262 144
1070 1517 144
1071 1531 144
1072 1870 144
1073 2149 144
1074 1484 145
1075 1894 145
1076 2134 145
1077 17 146
1078 135 146
1079 349 146
1080 1828 146
1081 1852 146
1082 1871 146
1083 2308 146
1084 2837 146
1085 2838 146
1086 307 147
1087 470 147
1088 1783 147
1089 1795 147
1090 1805 147
1091 2147 147
1092 2817 147
1093 180 148
1094 1762 148
1095 1850 148
1096 2249 148
1097 2886 148
1098 330 149
1099 1284 149
1100 2109 149
1101 2135 149
1102 2785 149
1103 2804 149
1104 345 150
1105 522 150
1106 2838 150
1107 1166 151
1108 1729 151
1109 1732 151
1110 1755 151
1111 363 152
1112 1676 152
1113 1696 152
1114 1703 152
1115 1849 152
1116 2507 152
1117 2817 152
1118 206 153
1119 1630 153
1120 1657 153
1121 56 154
1122 78 154
1123 1463 154
1124 1479 154
1125 1484 154
1126 2420 154
1127 2716 154
1128 2804 154
1129 2818 154
1130 -29 155
1131 251 155
1132 488 155
1133 1420 155
1134 1441 155
1135 2374 155
1136 2609 155
1137 2685 155
1138 2731 155
1139 5 156
1140 124 156
1141 1385 156
1142 1399 156
1143 1409 156
1144 2555 156
1145 2582 156
1146 2640 156
1147 27 157
1148 1829 157
1149 1874 157
1150 2507 157
1151 2512 157
1152 2609 157
1153 2821 157
1154 3 158
1155 296 158
1156 368 158
1157 941 158
1158 1762 158
1159 1873 158
1160 2685 158
1161 2733 158
1162 2801 158
1163 169 159
1164 887 159
1165 2656 159
1166 2744 159
1167 2749 159
1168 2821 159
1169 319 160
1170 613 160
1171 851 160
1172 863 160
1173 342 161
1174 523 161
1175 812 161
1176 827 161
1177 838 161
1178 1564 161
1179 1852 161
1180 1872 161
1181 2714 161
1182 2752 161
1183 750 162
1184 762 162
1185 773 162
1186 783 162
1187 1100 162
1188 1517 162
1189 1531 162
1190 2308 162
1191 524 163
1192 533 163
1193 701 163
1194 713 163
1195 738 163
1196 1484 163
1197 2148 163
1198 2176 163
1199 2234 163
1200 2250 163
1201 2754 163
1202 195 164
1203 690 164
1204 977 164
1205 2176 164
1206 2205 164
1207 640 165
1208 661 165
1209 675 165
1210 68 166
1211 240 166
1212 1795 166
1213 1862 166
1214 2709 166
1215 -6 167
1216 113 167
1217 1793 167
1218 2077 167
1219 2110 167
1220 2801 167
1221 2821 167
1222 2822 167
1223 2893 167
1224 -43 168
1225 285 168
1226 2010 168
1227 2043 168
1228 2821 168
1229 2839 168
1230 40 169
1231 1804 169
1232 1977 169
1233 2825 169
1234 158 170
1235 2136 170
1236 2785 170
1237 2803 170
1238 309 171
1239 1805 171
1240 1862 171
1241 2110 171
1242 2757 171
1243 2819 171
1244 -11 172
1245 946 172
1246 1829 172
1247 923 173
1248 1785 173
1249 2806 173
1250 2817 173
1251 184 174
1252 887 174
1253 905 174
1254 2708 174
1255 2797 174
1256 2809 174
1257 2812 174
1258 850 175
1259 869 175
1260 1784 175
1261 2702 175
1262 2709 175
1263 57 176
1264 581 176
1265 603 176
1266 811 176
1267 826 176
1268 838 176
1269 1284 176
1270 1630 176
1271 229 177
1272 337 177
1273 568 177
1274 772 177
1275 796 177
1276 1580 177
1277 1596 177
1278 1612 177
1279 2309 177
1280 2555 177
1281 2564 177
1282 2686 177
1283 2756 177
1284 102 178
1285 533 178
1286 541 178
1287 690 178
1288 702 178
1289 726 178
1290 738 178
1291 1166 178
1292 1564 178
1293 2250 178
1294 2657 178
1295 274 179
1296 661 179
1297 674 179
1298 1532 179
1299 1564 179
1300 28 180
1301 147 180
1302 629 180
1303 649 180
1304 1485 180
1305 1517 180
1306 1733 180
1307 1763 180
1308 2753 180
1309 298 181
1310 1696 181
1311 2552 181
1312 -58 182
1313 349 182
1314 1442 182
1315 1450 182
1316 1807 182
1317 2513 182
1318 2518 182
1319 2713 182
1320 2714 182
1321 -23 183
1322 2148 183
1323 2176 183
1324 1453 184
1325 2720 184
1326 2732 184
1327 2743 184
1328 173 185
1329 352 185
1330 1453 185
1331 1895 185
1332 1940 185
1333 1962 185
1334 2901 185
1335 -26 186
1336 1485 186
1337 1804 186
1338 1862 186
1339 1895 186
1340 2640 186
1341 2686 186
1342 2709 186
1343 2839 186
1344 47 187
1345 218 187
1346 1456 187
1347 2235 187
1348 2583 187
1349 2610 187
1350 2839 187
1351 1434 188
1352 2206 188
1353 91 189
1354 1829 189
1355 2721 189
1356 17 190
1357 264 190
1358 796 190
1359 811 190
1360 1433 190
1361 1697 190
1362 1763 190
1363 1788 190
1364 1804 190
1365 136 191
1366 924 191
1367 931 191
1368 1631 191
1369 1658 191
1370 287 192
1371 1412 192
1372 1788 192
1373 2110 192
1374 2136 192
1375 2786 192
1376 333 193
1377 2235 193
1378 2640 193
1379 1862 194
1380 2195 194
1381 2215 194
1382 2610 194
1383 1300 195
1384 1457 195
1385 1829 195
1386 2176 195
1387 2639 195
1388 12 196
1389 162 196
1390 956 196
1391 2686 196
1392 931 197
1393 932 197
1394 1532 197
1395 1564 197
1396 2656 197
1397 2786 197
1398 36 198
1399 208 198
1400 1485 198
1401 1518 198
1402 2309 198
1403 -40 199
1404 81 199
1405 1101 199
1406 2250 199
1407 2280 199
1408 253 200
1409 1435 200
1410 2508 200
1411 2610 200
1412 330 201
1413 991 201
1414 1413 201
1415 2466 201
1416 2564 201
1417 2583 201
1418 2587 201
1419 2813 201
1420 2840 201
1421 126 202
1422 2177 202
1423 2421 202
1424 2519 202
1425 2542 202
1426 2786 202
1427 276 203
1428 2148 203
1429 2908 203
1430 1167 204
1431 960 205
1432 1101 205
1433 2840 205
1434 1 206
1435 151 206
1436 929 206
1437 931 206
1438 2895 206
1439 2909 206
1440 582 207
1441 891 207
1442 903 207
1443 906 207
1444 915 207
1445 960 207
1446 1443 207
1447 2877 207
1448 25 208
1449 827 208
1450 867 208
1451 870 208
1452 879 208
1453 888 208
1454 2910 208
1455 197 209
1456 328 209
1457 570 209
1458 827 209
1459 839 209
1460 842 209
1461 851 209
1462 854 209
1463 70 210
1464 570 210
1465 581 210
1466 769 210
1467 773 210
1468 781 210
1469 794 210
1470 797 210
1471 812 210
1472 1458 210
1473 1485 210
1474 242 211
1475 507 211
1476 522 211
1477 552 211
1478 711 211
1479 727 211
1480 733 211
1481 739 211
1482 745 211
1483 757 211
1484 1804 211
1485 1830 211
1486 1896 211
1487 2751 211
1488 2764 211
1489 2769 211
1490 2786 211
1491 674 212
1492 690 212
1493 702 212
1494 1763 212
1495 1789 212
1496 1863 212
1497 2733 212
1498 115 213
1499 638 213
1500 650 213
1501 656 213
1502 662 213
1503 1863 213
1504 2137 213
1505 265 214
1506 606 214
1507 620 214
1508 1830 214
1509 2111 214
1510 310 215
1511 1533 215
1512 1565 215
1513 2669 215
1514 2687 215
1515 1485 216
1516 1518 216
1517 1763 216
1518 2610 216
1519 2633 216
1520 2651 216
1521 2733 216
1522 141 217
1523 1704 217
1524 2710 217
1525 2467 218
1526 2687 218
1527 2689 218
1528 186 219
1529 2448 219
1530 2429 220
1531 59 221
1532 231 222
1533 2177 222
1534 2310 222
1535 104 223
1536 1417 223
1537 1444 223
1538 2149 223
1539 2251 223
1540 2269 223
1541 2281 223
1542 2288 223
1543 2216 224
1544 2236 224
1545 8 225
1546 254 225
1547 2195 225
1548 300 226
1549 675 227
1550 130 228
1551 657 228
1552 175 230
1553 1458 230
1554 1486 230
1555 48 231
1556 1168 231
1557 1183 231
1558 1198 231
1559 220 232
1560 1519 233
1561 1533 233
1562 1565 233
1563 1805 233
1564 1830 233
1565 2646 233
1566 94 234
1567 1486 234
1568 1632 234
1569 1764 234
1570 1789 234
1571 1896 234
1572 2921 234
1573 244 235
1574 1602 235
1575 1830 235
1576 1848 235
1577 1863 235
1578 2111 235
1579 2137 235
1580 -4 237
1581 288 237
1582 2920 237
1583 590 238
1584 1081 238
1585 1102 238
1586 335 239
1587 843 239
1588 855 239
1589 2896 239
1590 2917 239
1591 794 240
1592 812 240
1593 828 240
1594 867 240
1595 1006 240
1596 2877 240
1597 164 241
1598 733 241
1599 745 241
1600 758 241
1601 770 241
1602 782 241
1603 880 241
1604 2841 241
1605 37 242
1606 691 242
1607 712 242
1608 878 242
1609 2787 242
1610 114 243
1611 209 243
1612 590 243
1613 657 243
1614 675 243
1615 976 243
1616 2629 243
1617 2752 243
1618 2770 243
1619 -86 244
1620 621 244
1621 639 244
1622 2711 244
1623 2734 244
1624 83 245
1625 949 245
1626 1444 245
1627 2646 245
1628 2688 245
1629 2711 245
1630 931 246
1631 1420 246
1632 2588 246
1633 2611 246
1634 2627 246
1635 2669 246
1636 891 247
1637 2542 247
1638 2565 247
1639 31 248
1640 278 248
1641 892 248
1642 2509 248
1643 2514 248
1644 2520 248
1645 1486 249
1646 2467 249
1647 324 250
1648 1459 250
1649 2149 250
1650 2422 250
1651 2430 250
1652 2449 250
1653 -93 251
1654 -19 251
1655 1566 251
1656 2376 251
1657 153 252
1658 1486 252
1659 1519 252
1660 1533 252
1661 2891 252
1662 2916 252
1663 902 253
1664 2269 253
1665 2289 253
1666 2310 253
1667 103 254
1668 199 254
1669 855 254
1670 2236 254
1671 2252 254
1672 2836 254
1673 2871 254
1674 72 255
1675 807 255
1676 831 255
1677 843 255
1678 904 255
1679 2154 255
1680 2178 255
1681 2196 255
1682 2217 255
1683 2798 255
1684 2816 255
1685 2919 255
1686 770 256
1687 782 256
1688 794 256
1689 866 256
1690 2135 256
1691 2779 256
1692 2856 256
1693 554 257
1694 734 257
1695 752 257
1696 2112 257
1697 2869 257
1698 267 258
1699 344 258
1700 1978 258
1701 2734 258
1702 2762 258
1703 484 259
1704 717 259
1705 2707 259
1706 2775 259
1707 19 260
1708 672 260
1709 687 260
1710 1789 260
1711 1962 260
1712 1981 260
1713 2679 260
1714 313 261
1715 1805 261
1716 1942 261
1717 2622 261
1718 2651 261
1719 1864 262
1720 1897 262
1721 2588 262
1722 917 263
1723 1808 263
1724 1831 263
1725 1849 263
1726 2533 263
1727 16 264
1728 575 264
1729 884 264
1730 1764 264
1731 1787 264
1732 2510 264
1733 2542 264
1734 2629 264
1735 2647 264
1736 92 265
1737 188 265
1738 2456 265
1739 2488 265
1740 2923 265
1741 61 266
1742 879 266
1743 1698 266
1744 1705 266
1745 2353 266
1746 2394 266
1747 2410 266
1748 2426 266
1749 2478 266
1750 -62 267
1751 138 267
1752 211 267
1753 1534 267
1754 1632 267
1755 2300 267
1756 2316 267
1757 2338 267
1758 2370 267
1759 2381 267
1760 2434 267
1761 412 268
1762 1459 268
1763 1603 268
1764 2277 268
1765 1444 269
1766 1538 269
1767 1566 269
1768 2217 269
1769 2232 269
1770 2245 269
1771 2254 269
1772 1517 270
1773 2189 270
1774 2199 270
1775 1461 271
1776 1487 271
1777 2144 271
1778 2167 271
1779 302 272
1780 931 272
1781 988 272
1782 1425 272
1783 1442 272
1784 2080 272
1785 2112 272
1786 2134 272
1787 329 273
1788 932 273
1789 2035 273
1790 2057 273
1791 2089 273
1792 -70 274
1793 2025 274
1794 4 275
1795 177 275
1796 1020 275
1797 1287 275
1798 1302 275
1799 1946 275
1800 1965 275
1801 1979 275
1802 1995 275
1803 81 276
1804 350 276
1805 1199 276
1806 1901 276
1807 1909 276
1808 1916 276
1809 1931 276
1810 200 277
1811 1024 277
1812 1082 277
1813 1168 277
1814 1184 277
1815 1863 277
1816 1886 277
1817 1893 277
1818 127 278
1819 1102 278
1820 1825 278
1821 1832 278
1822 1840 278
1823 2817 278
1824 2895 278
1825 1792 279
1826 1805 279
1827 1817 279
1828 2488 279
1829 2511 279
1830 2775 279
1831 2798 279
1832 2870 279
1833 951 280
1834 986 280
1835 1755 280
1836 1779 280
1837 2435 280
1838 2456 280
1839 2763 280
1840 2735 281
1841 291 282
1842 969 282
1843 1712 282
1844 1738 282
1845 1667 283
1846 1689 283
1847 -50 284
1848 880 284
1849 910 284
1850 915 284
1851 1621 284
1852 1636 284
1853 1651 284
1854 2858 284
1855 -7 285
1856 831 285
1857 837 285
1858 844 285
1859 856 285
1860 868 285
1861 1567 285
1862 1591 285
1863 1606 285
1864 2629 285
1865 2824 285
1866 2837 285
1867 2931 285
1868 771 286
1869 783 286
1870 795 286
1871 807 286
1872 918 286
1873 1519 286
1874 1537 286
1875 1552 286
1876 2167 286
1877 2588 286
1878 39 287
1879 71 287
1880 734 287
1881 752 287
1882 765 287
1883 1471 287
1884 1499 287
1885 2145 287
1886 2478 287
1887 1353 288
1888 1437 288
1889 1451 288
1890 2401 288
1891 2410 288
1892 2426 288
1893 2456 288
1894 116 289
1895 189 289
1896 1306 289
1897 1392 289
1898 1414 289
1899 2346 289
1900 2353 289
1901 2370 289
1902 2381 289
1903 2394 289
1904 2533 289
1905 2680 289
1906 235 290
1907 1277 290
1908 1370 290
1909 2317 290
1910 2338 290
1911 2511 290
1912 2647 290
1913 161 291
1914 1272 291
1915 2254 291
1916 2278 291
1917 468 292
1918 1200 292
1919 1215 292
1920 1230 292
1921 1239 292
1922 1245 292
1923 1251 292
1924 1261 292
1925 1266 292
1926 1139 293
1927 1169 293
1928 1218 293
1929 1224 293
1930 2511 293
1931 2533 293
1932 -61 294
1933 1124 294
1934 1323 294
1935 1337 294
1936 2488 294
1937 307 295
1938 938 295
1939 1055 295
1940 1309 295
1941 1350 295
1942 1755 295
1943 1779 295
1944 2778 295
1945 -17 296
1946 1031 296
1947 1049 296
1948 2035 296
1949 2058 296
1950 2435 296
1951 2457 296
1952 2903 296
1953 838 297
1954 868 297
1955 1995 297
1956 2003 297
1957 2026 297
1958 28 298
1959 992 298
1960 1980 298
1961 2301 298
1962 2720 298
1963 2736 298
1964 59 299
1965 734 299
1966 765 299
1967 1027 299
1968 2246 299
1969 2255 299
1970 2278 299
1971 2685 299
1972 2708 299
1973 105 300
1974 368 300
1975 911 300
1976 1323 300
1977 1333 300
1978 2200 300
1979 2218 300
1980 2222 300
1981 2233 300
1982 224 301
1983 880 301
1984 2190 301
1985 2788 301
1986 2825 301
1987 2905 301
1988 150 302
1989 807 302
1990 838 302
1991 1338 302
1992 1341 302
1993 2135 302
1994 2145 302
1995 2168 302
1996 2788 302
1997 2870 302
1998 765 303
1999 795 303
2000 1027 303
2001 1309 303
2002 1317 303
2003 1321 303
2004 2090 303
2005 2112 303
2006 2426 303
2007 2858 303
2008 174 304
2009 205 304
2010 1321 304
2011 2026 304
2012 2402 304
2013 2630 304
2014 2767 304
2015 2825 304
2016 1319 305
2017 1342 305
2018 1350 305
2019 1965 305
2020 2003 305
2021 2347 305
2022 2371 305
2023 2589 305
2024 2767 305
2025 2790 305
2026 2939 305
2027 -28 306
2028 361 306
2029 1326 306
2030 1333 306
2031 1932 306
2032 1947 306
2033 1980 306
2034 2317 306
2035 2686 306
2036 1886 307
2037 1894 307
2038 1902 307
2039 1909 307
2040 1917 307
2041 17 308
2042 1240 308
2043 1246 308
2044 1251 308
2045 1261 308
2046 1267 308
2047 1273 308
2048 1335 308
2049 1342 308
2050 1864 308
2051 2511 308
2052 2871 308
2053 1218 309
2054 1224 309
2055 1230 309
2056 1311 309
2057 1319 309
2058 1803 309
2059 1805 309
2060 1818 309
2061 1826 309
2062 1833 309
2063 1841 309
2064 2489 309
2065 2738 309
2066 2857 309
2067 94 310
2068 394 310
2069 1255 310
2070 1261 310
2071 1267 310
2072 1273 310
2073 1330 310
2074 1780 310
2075 1793 310
2076 1966 310
2077 2081 310
2078 2457 310
2079 2479 310
2080 2874 310
2081 1218 311
2082 1224 311
2083 1230 311
2084 1237 311
2085 1243 311
2086 1249 311
2087 1390 311
2088 1393 311
2089 1456 311
2090 1468 311
2091 1713 311
2092 1738 311
2093 1755 311
2094 1917 311
2095 1932 311
2096 1947 311
2097 2035 311
2098 2058 311
2099 2381 311
2100 2402 311
2101 2435 311
2102 2854 311
2103 1370 312
2104 1411 312
2105 1415 312
2106 1434 312
2107 1438 312
2108 1652 312
2109 1668 312
2110 1690 312
2111 1879 312
2112 1902 312
2113 2003 312
2114 2511 312
2115 2534 312
2116 44 313
2117 139 313
2118 1350 313
2119 1607 313
2120 1622 313
2121 1636 313
2122 1849 313
2123 1864 313
2124 1980 313
2125 2648 313
2126 259 314
2127 1319 314
2128 1330 314
2129 1342 314
2130 1553 314
2131 1568 314
2132 1591 314
2133 1803 314
2134 1818 314
2135 2255 314
2136 2278 314
2137 162 315
2138 524 315
2139 1327 315
2140 1491 315
2141 1519 315
2142 1537 315
2143 1756 315
2144 1773 315
2145 1788 315
2146 2246 315
2147 2792 315
2148 2852 315
2149 286 316
2150 954 316
2151 974 316
2152 1330 316
2153 1340 316
2154 1499 316
2155 1720 316
2156 1738 316
2157 2200 316
2158 2222 316
2159 2911 316
2160 -38 317
2161 892 317
2162 908 317
2163 912 317
2164 923 317
2165 939 317
2166 1315 317
2167 1318 317
2168 1661 317
2169 1675 317
2170 1690 317
2171 1705 317
2172 2767 317
2173 6 318
2174 847 318
2175 862 318
2176 869 318
2177 877 318
2178 881 318
2179 1340 318
2180 1630 318
2181 1645 318
2182 2278 318
2183 2301 318
2184 796 319
2185 808 319
2186 816 319
2187 832 319
2188 838 319
2189 1338 319
2190 1561 319
2191 1585 319
2192 1607 319
2193 2381 319
2194 2402 319
2195 2426 319
2196 30 320
2197 189 320
2198 220 320
2199 752 320
2200 765 320
2201 766 320
2202 780 320
2203 790 320
2204 1320 320
2205 1324 320
2206 1344 320
2207 1530 320
2208 1545 320
2209 2770 320
2210 84 321
2211 735 321
2212 738 321
2213 791 321
2214 1311 321
2215 1346 321
2216 1496 321
2217 2770 321
2218 2788 321
2219 2877 321
2220 82 322
2221 719 322
2222 735 322
2223 1335 322
2224 2853 322
2225 128 323
2226 689 323
2227 1330 323
2228 1334 323
2229 2702 323
2230 2739 323
2231 2776 323
2232 2947 323
2233 674 324
2234 2190 324
2235 2489 324
2236 2512 324
2237 2633 324
2238 2694 324
2239 2948 324
2240 248 325
2241 337 325
2242 1966 325
2243 2145 325
2244 2168 325
2245 2457 325
2246 2589 325
2247 2705 325
2248 2780 325
2249 2826 325
2250 2876 325
2251 1947 326
2252 2059 326
2253 2113 326
2254 2136 326
2255 2435 326
2256 2854 326
2257 197 327
2258 558 327
2259 1256 327
2260 1262 327
2261 1267 327
2262 1273 327
2263 1347 327
2264 1351 327
2265 2036 327
2266 2090 327
2267 2688 327
2268 542 328
2269 1219 328
2270 1225 328
2271 1231 328
2272 1237 328
2273 1243 328
2274 1249 328
2275 1325 328
2276 1338 328
2277 1339 328
2278 1345 328
2279 2004 328
2280 2027 328
2281 2673 328
2282 2916 328
2283 -4 329
2284 1311 329
2285 1980 329
2286 2872 329
2287 453 330
2288 1351 330
2289 1354 330
2290 2247 330
2291 2710 330
2292 2859 330
2293 94 331
2294 1307 331
2295 1336 331
2296 1339 331
2297 1345 331
2298 2223 331
2299 2534 331
2300 2860 331
2301 19 332
2302 146 332
2303 1278 332
2304 2512 332
2305 2657 332
2306 2662 332
2307 2711 332
2308 2826 332
2309 2059 333
2310 2082 333
2311 2457 333
2312 2479 333
2313 2918 333
2314 -10 334
2315 118 334
2316 1201 334
2317 1216 334
2318 2200 334
2319 2223 334
2320 205 335
2321 1008 335
2322 1065 335
2323 1140 335
2324 1170 335
2325 1457 335
2326 1487 335
2327 2402 335
2328 2426 335
2329 2919 335
2330 2951 335
2331 236 336
2332 563 336
2333 573 336
2334 1041 336
2335 1125 336
2336 1354 336
2337 1412 336
2338 1434 336
2339 2382 336
2340 67 337
2341 264 337
2342 1072 337
2343 1308 337
2344 1324 337
2345 1339 337
2346 1371 337
2347 1390 337
2348 2255 337
2349 2270 337
2350 2279 337
2351 2302 337
2352 1278 338
2353 1293 338
2354 186 339
2355 1233 339
2356 2004 339
2357 2512 339
2358 2683 339
2359 1187 340
2360 1202 340
2361 1981 340
2362 2457 340
2363 2490 340
2364 1141 341
2365 1155 341
2366 1948 341
2367 1966 341
2368 2436 341
2369 2688 341
2370 2710 341
2371 1006 342
2372 1126 342
2373 1903 342
2374 1917 342
2375 1933 342
2376 2004 342
2377 2027 342
2378 135 343
2379 1074 343
2380 1865 343
2381 1880 343
2382 2640 343
2383 2666 343
2384 107 344
2385 314 344
2386 974 344
2387 1003 344
2388 1116 344
2389 1819 344
2390 1849 344
2391 908 345
2392 924 345
2393 940 345
2394 954 345
2395 1091 345
2396 1103 345
2397 1109 345
2398 1122 345
2399 1789 345
2400 1804 345
2401 2247 345
2402 2590 345
2403 57 346
2404 780 346
2405 800 346
2406 863 346
2407 878 346
2408 893 346
2409 1084 346
2410 1097 346
2411 1706 346
2412 1720 346
2413 1739 346
2414 1756 346
2415 1774 346
2416 2223 346
2417 4 347
2418 77 347
2419 252 347
2420 740 347
2421 753 347
2422 766 347
2423 817 347
2424 832 347
2425 847 347
2426 1402 347
2427 1646 347
2428 1661 347
2429 1675 347
2430 1691 347
2431 2169 347
2432 2201 347
2433 2693 347
2434 2703 347
2435 2739 347
2436 1045 348
2437 1070 348
2438 1369 348
2439 1608 348
2440 1631 348
2441 2136 348
2442 2146 348
2443 2663 348
2444 2703 348
2445 2920 348
2446 1546 349
2447 1561 349
2448 1585 349
2449 2036 349
2450 2059 349
2451 2091 349
2452 2114 349
2453 2403 349
2454 2426 349
2455 2919 349
2456 509 350
2457 1495 350
2458 1518 350
2459 1531 350
2460 2347 350
2461 2371 350
2462 2382 350
2463 221 351
2464 1467 351
2465 1981 351
2466 2004 351
2467 2323 351
2468 2458 351
2469 2479 351
2470 1418 352
2471 1436 352
2472 1450 352
2473 2918 352
2474 172 353
2475 247 353
2476 1403 353
2477 2169 354
2478 2191 354
2479 2323 354
2480 2513 354
2481 2535 354
2482 170 355
2483 2321 355
2484 2490 355
2485 2978 355
2486 122 356
2487 1012 356
2488 2082 356
2489 2318 356
2490 2436 356
2491 2458 356
2492 2740 356
2493 945 357
2494 961 357
2495 980 357
2496 1085 357
2497 1091 357
2498 1098 357
2499 1103 357
2500 1110 357
2501 1116 357
2502 1123 357
2503 1933 357
2504 1943 357
2505 1966 357
2506 2059 357
2507 45 358
2508 242 358
2509 899 358
2510 914 358
2511 930 358
2512 1872 358
2513 1887 358
2514 1902 358
2515 1917 358
2516 2004 358
2517 2027 358
2518 2302 358
2519 2771 358
2520 2949 358
2521 839 359
2522 854 359
2523 869 359
2524 884 359
2525 1016 359
2526 1811 359
2527 1826 359
2528 1849 359
2529 1857 359
2530 2256 359
2531 2270 359
2532 2279 359
2533 2774 359
2534 2948 359
2535 91 360
2536 806 360
2537 824 360
2538 1756 360
2539 1781 360
2540 1788 360
2541 1803 360
2542 1721 361
2543 1740 361
2544 2223 361
2545 2545 361
2546 2557 361
2547 2603 361
2548 210 362
2549 766 362
2550 779 362
2551 793 362
2552 806 362
2553 1668 362
2554 1675 362
2555 1691 362
2556 1707 362
2557 2201 362
2558 2590 362
2559 290 363
2560 745 363
2561 752 363
2562 1637 363
2563 1652 363
2564 2609 363
2565 1088 364
2566 1100 364
2567 1403 364
2568 1599 364
2569 1614 364
2570 2223 364
2571 2247 364
2572 2382 364
2573 2403 364
2574 2427 364
2575 2650 364
2576 1370 365
2577 1567 365
2578 2611 365
2579 2908 365
2580 2946 365
2581 158 366
2582 742 366
2583 1526 366
2584 2004 366
2585 2348 366
2586 2372 366
2587 133 367
2588 736 367
2589 1510 368
2590 2005 368
2591 2028 368
2592 2567 368
2593 2591 368
2594 1468 369
2595 1981 369
2596 2348 369
2597 33 370
2598 1089 370
2599 1090 370
2600 1101 370
2601 1103 370
2602 1110 370
2603 1117 370
2604 1123 370
2605 2191 370
2606 2318 370
2607 2458 370
2608 2480 370
2609 2114 371
2610 2137 371
2611 2169 371
2612 2436 371
2613 2903 371
2614 2060 372
2615 2091 372
2616 84 373
2617 278 373
2618 2037 373
2619 2794 373
2620 2815 373
2621 2827 373
2622 2753 374
2623 2771 374
2624 2774 374
2625 2837 374
2626 103 375
2627 1781 375
2628 2256 375
2629 2279 375
2630 2711 375
2631 2716 375
2632 2735 375
2633 2740 375
2634 2839 375
2635 2841 375
2636 148 376
2637 1103 376
2638 1105 376
2639 1756 376
2640 2513 376
2641 2536 376
2642 2611 376
2643 2675 376
2644 2688 376
2645 2698 376
2646 195 377
2647 498 377
2648 1091 377
2649 1093 377
2650 2491 377
2651 2853 377
2652 273 378
2653 2137 378
2654 145 379
2655 272 379
2656 2005 379
2657 2028 379
2658 2114 379
2659 2224 379
2660 2427 379
2661 1325 380
2662 1340 380
2663 1355 380
2664 2201 380
2665 2403 380
2666 2860 380
2667 1124 381
2668 1279 381
2669 1294 381
2670 1309 381
2671 2005 381
2672 2303 381
2673 1111 382
2674 1116 382
2675 1982 382
2676 2279 382
2677 2895 382
2678 1094 383
2679 1105 383
2680 1117 383
2681 1203 383
2682 1234 383
2683 2248 383
2684 2382 383
2685 2403 383
2686 2420 383
2687 2591 383
2688 2659 383
2689 2871 383
2690 72 384
2691 93 384
2692 1025 384
2693 1156 384
2694 1188 384
2695 2169 384
2696 2192 384
2697 2201 384
2698 2224 384
2699 2568 384
2700 2628 384
2701 114 385
2702 268 385
2703 955 385
2704 962 385
2705 967 385
2706 979 385
2707 980 385
2708 991 385
2709 1127 385
2710 1142 385
2711 2147 385
2712 2545 385
2713 2932 385
2714 900 386
2715 905 386
2716 915 386
2717 922 386
2718 930 386
2719 938 386
2720 945 386
2721 1085 386
2722 1091 386
2723 2083 386
2724 2114 386
2725 2418 386
2726 2437 386
2727 2458 386
2728 138 387
2729 816 387
2730 854 387
2731 855 387
2732 870 387
2733 872 387
2734 885 387
2735 888 387
2736 1061 387
2737 1526 387
2738 1967 387
2739 2037 387
2740 2060 387
2741 2092 387
2742 2601 387
2743 737 388
2744 797 388
2745 809 388
2746 816 388
2747 822 388
2748 824 388
2749 838 388
2750 839 388
2751 1903 388
2752 1918 388
2753 1933 388
2754 1944 388
2755 2372 388
2756 627 389
2757 753 389
2758 761 389
2759 766 389
2760 773 389
2761 780 389
2762 785 389
2763 794 389
2764 1451 389
2765 1468 389
2766 1482 389
2767 1850 389
2768 1857 389
2769 1873 389
2770 1888 389
2771 2280 389
2772 2319 389
2773 2348 389
2774 2458 389
2775 2480 389
2776 2949 389
2777 182 390
2778 723 390
2779 737 390
2780 1419 390
2781 1423 390
2782 1437 390
2783 1439 390
2784 1789 390
2785 1804 390
2786 1811 390
2787 1827 390
2788 2256 390
2789 699 391
2790 1388 391
2791 1404 391
2792 1408 391
2793 1756 391
2794 2887 391
2795 1370 392
2796 1722 392
2797 1741 392
2798 1948 392
2799 1967 392
2800 631 393
2801 651 393
2802 1667 393
2803 1669 393
2804 1676 393
2805 1692 393
2806 1707 393
2807 1895 393
2808 1908 393
2809 1921 393
2810 1933 393
2811 1637 394
2812 1653 394
2813 1834 394
2814 1857 394
2815 1873 394
2816 2005 394
2817 2028 394
2818 82 395
2819 1548 395
2820 1600 395
2821 1615 395
2822 1781 395
2823 1804 395
2824 1815 395
2825 1827 395
2826 1568 396
2827 1756 396
2828 2420 396
2829 2883 396
2830 60 397
2831 1699 397
2832 1722 397
2833 1741 397
2834 127 398
2835 1355 398
2836 1370 398
2837 1653 398
2838 1669 398
2839 1684 398
2840 626 399
2841 1294 399
2842 1309 399
2843 1325 399
2844 1535 399
2845 1615 399
2846 1637 399
2847 2224 399
2848 2248 399
2849 2303 399
2850 2427 399
2851 2536 399
2852 172 400
2853 1233 400
2854 1248 400
2855 1264 400
2856 1501 400
2857 1521 400
2858 1585 400
2859 1600 400
2860 2280 400
2861 2491 400
2862 2514 400
2863 2996 400
2864 1188 401
2865 1203 401
2866 1218 401
2867 1483 401
2868 1553 401
2869 2115 401
2870 2137 401
2871 2918 401
2872 2996 401
2873 1154 402
2874 1169 402
2875 2224 402
2876 2404 402
2877 2427 402
2878 1095 403
2879 1127 403
2880 2202 403
2881 2349 403
2882 2372 403
2883 2382 403
2884 2680 403
2885 2815 403
2886 2830 403
2887 1064 404
2888 1089 404
2889 2319 404
2890 2459 404
2891 2663 404
2892 2772 404
2893 2775 404
2894 2795 404
2895 2832 404
2896 71 405
2897 2005 405
2898 2029 405
2899 2257 405
2900 2280 405
2901 2437 405
2902 2624 405
2903 2629 405
2904 2735 405
2905 2754 405
2906 1033 406
2907 2601 406
2908 2699 406
2909 2717 406
2910 1585 407
2911 2192 407
2912 2568 407
2913 2592 407
2914 2687 407
2915 2848 407
2916 2934 407
2917 116 408
2918 1558 408
2919 1757 408
2920 1782 408
2921 2147 408
2922 2170 408
2923 2459 408
2924 2481 408
2925 2546 408
2926 2850 408
2927 2115 409
2928 162 410
2929 2061 410
2930 2084 410
2931 2092 410
2932 2224 410
2933 2249 410
2934 2038 411
2935 2280 411
2936 2303 411
2937 2934 411
2938 1033 412
2939 621 413
2940 1030 414
2941 2592 414
2942 967 415
2943 980 415
2944 992 415
2945 2029 415
2946 2568 415
2947 2907 415
2948 60 416
2949 514 416
2950 922 416
2951 939 416
2952 955 416
2953 2006 416
2954 2115 416
2955 2138 416
2956 2867 416
2957 247 417
2958 872 417
2959 889 417
2960 905 417
2961 2944 417
2962 2970 417
2963 646 418
2964 810 418
2965 822 418
2966 839 418
2967 855 418
2968 2383 418
2969 2404 418
2970 105 419
2971 762 419
2972 774 419
2973 786 419
2974 798 419
2975 2826 419
2976 2926 419
2977 2958 419
2978 2973 419
2979 724 420
2980 737 420
2981 2257 420
2982 2280 420
2983 2974 420
2984 700 421
2985 2661 421
2986 2838 421
2987 150 422
2988 1551 422
2989 2225 422
2990 2249 422
2991 2537 422
2992 2625 422
2993 2683 422
2994 643 423
2995 1934 423
2996 1949 423
2997 1968 423
2998 2202 423
2999 2481 423
3000 2492 423
3001 2507 423
3002 2514 423
3003 2565 423
3004 2569 423
3005 2933 423
3006 611 424
3007 1873 424
3008 1896 424
3009 1908 424
3010 1922 424
3011 2437 424
3012 2451 424
3013 2459 424
3014 2467 424
3015 2546 424
3016 1816 425
3017 1827 425
3018 1835 425
3019 1858 425
3020 2427 425
3021 2680 425
3022 1757 426
3023 1782 426
3024 1805 426
3025 2017 426
3026 2029 426
3027 2333 426
3028 2349 426
3029 2360 426
3030 2373 426
3031 2404 426
3032 2850 426
3033 1722 427
3034 1742 427
3035 2006 427
3036 2280 427
3037 2303 427
3038 2319 427
3039 2660 427
3040 2917 427
3041 2949 427
3042 1670 428
3043 1685 428
3044 1700 428
3045 2592 428
3046 2890 428
3047 2897 428
3048 95 429
3049 1615 429
3050 1638 429
3051 1654 429
3052 2569 429
3053 2958 429
3054 1575 430
3055 1585 430
3056 1601 430
3057 2170 430
3058 2193 430
3059 1043 431
3060 1551 431
3061 2122 431
3062 2138 431
3063 2148 431
3064 44 432
3065 140 432
3066 518 432
3067 1008 432
3068 1020 432
3069 2084 432
3070 2093 432
3071 2106 432
3072 2115 432
3073 2914 432
3074 2973 432
3075 166 433
3076 971 433
3077 984 433
3078 996 433
3079 1502 433
3080 1522 433
3081 2038 433
3082 2061 433
3083 2383 433
3084 2404 433
3085 929 434
3086 947 434
3087 2006 434
3088 2963 434
3089 896 435
3090 909 435
3091 1983 435
3092 2249 435
3093 2280 435
3094 852 436
3095 868 436
3096 883 436
3097 2225 436
3098 2257 436
3099 806 437
3100 822 437
3101 837 437
3102 1950 437
3103 1968 437
3104 2225 437
3105 766 438
3106 775 438
3107 789 438
3108 1561 438
3109 1901 438
3110 1904 438
3111 1935 438
3112 2203 438
3113 710 439
3114 726 439
3115 741 439
3116 1521 439
3117 1542 439
3118 1850 439
3119 1866 439
3120 1881 439
3121 1889 439
3122 84 440
3123 664 440
3124 679 440
3125 695 440
3126 1356 440
3127 1357 440
3128 1371 440
3129 1484 440
3130 1502 440
3131 1817 440
3132 1835 440
3133 1306 441
3134 1310 441
3135 1323 441
3136 1326 441
3137 1377 441
3138 1390 441
3139 1396 441
3140 1409 441
3141 1447 441
3142 1465 441
3143 1469 441
3144 1757 441
3145 129 442
3146 528 442
3147 744 442
3148 762 442
3149 1265 442
3150 1295 442
3151 1357 442
3152 1372 442
3153 1375 442
3154 1410 442
3155 1424 442
3156 1429 442
3157 1440 442
3158 1729 442
3159 3012 442
3160 33 443
3161 645 443
3162 1219 443
3163 1222 443
3164 1234 443
3165 1249 443
3166 1323 443
3167 1665 443
3168 1680 443
3169 1703 443
3170 2625 443
3171 1168 444
3172 1170 444
3173 1184 444
3174 1188 444
3175 1199 444
3176 1204 444
3177 1619 444
3178 1635 444
3179 1650 444
3180 2602 444
3181 153 445
3182 537 445
3183 1128 445
3184 1138 445
3185 1153 445
3186 1155 445
3187 1581 445
3188 2537 445
3189 2652 445
3190 2888 445
3191 549 446
3192 1112 446
3193 1358 446
3194 2452 446
3195 2467 446
3196 2481 446
3197 2492 446
3198 2508 446
3199 2565 446
3200 2593 446
3201 630 447
3202 1521 447
3203 1538 447
3204 1542 447
3205 1802 447
3206 1815 447
3207 2383 447
3208 2438 447
3209 2547 447
3210 1106 448
3211 1485 448
3212 1501 448
3213 1758 448
3214 1771 448
3215 2257 448
3216 2334 448
3217 2350 448
3218 2361 448
3219 2372 448
3220 2404 448
3221 2428 448
3222 1050 449
3223 1082 449
3224 1466 449
3225 2304 449
3226 2320 449
3227 1033 450
3228 1372 450
3229 2281 450
3230 73 451
3231 1396 451
3232 2249 451
3233 615 452
3234 1346 452
3235 1392 452
3236 2171 452
3237 2193 452
3238 2203 452
3239 2225 452
3240 22 453
3241 118 453
3242 410 453
3243 2139 453
3244 2148 453
3245 2850 453
3246 2984 453
3247 1375 454
3248 1802 454
3249 1803 454
3250 1815 454
3251 1817 454
3252 2085 454
3253 2093 454
3254 2107 454
3255 2123 454
3256 216 455
3257 1378 455
3258 1387 455
3259 1389 455
3260 1757 455
3261 1758 455
3262 1770 455
3263 1771 455
3264 2039 455
3265 2062 455
3266 2927 455
3267 2934 455
3268 67 456
3269 600 456
3270 2030 456
3271 2925 456
3272 1341 457
3273 1983 457
3274 2007 457
3275 2018 457
3276 2670 457
3277 139 458
3278 776 458
3279 790 458
3280 1901 458
3281 2624 458
3282 762 459
3283 1889 459
3284 2452 459
3285 2467 459
3286 2483 459
3287 2592 459
3288 2601 459
3289 2616 459
3290 2944 459
3291 586 460
3292 1358 460
3293 2438 460
3294 2536 460
3295 2547 460
3296 2570 460
3297 2646 460
3298 2926 460
3299 2953 460
3300 14 461
3301 62 461
3302 1571 461
3303 1803 461
3304 1817 461
3305 2507 461
3306 2885 461
3307 2901 461
3308 1757 462
3309 1770 462
3310 2389 462
3311 2397 462
3312 2413 462
3313 972 463
3314 985 463
3315 997 463
3316 2371 463
3317 2430 463
3318 2492 463
3319 2884 463
3320 2928 463
3321 2959 463
3322 2975 463
3323 107 464
3324 929 464
3325 936 464
3326 948 464
3327 1009 464
3328 2281 464
3329 2305 464
3330 2349 464
3331 2383 464
3332 2648 464
3333 572 465
3334 897 465
3335 910 465
3336 1021 465
3337 1561 465
3338 2260 465
3339 2319 465
3340 174 466
3341 869 466
3342 872 466
3343 884 466
3344 890 466
3345 1542 466
3346 2195 466
3347 2250 466
3348 56 467
3349 1034 467
3350 1324 467
3351 2148 467
3352 2171 467
3353 2203 467
3354 2219 467
3355 2234 467
3356 2916 467
3357 2965 467
3358 569 468
3359 854 468
3360 1376 468
3361 1802 468
3362 1804 468
3363 1815 468
3364 1818 468
3365 2139 468
3366 3022 468
3367 719 469
3368 726 469
3369 732 469
3370 745 469
3371 838 469
3372 1358 469
3373 1757 469
3374 1758 469
3375 1770 469
3376 1771 469
3377 2093 469
3378 2116 469
3379 2943 469
3380 548 470
3381 680 470
3382 696 470
3383 699 470
3384 711 470
3385 835 470
3386 1835 470
3387 1943 470
3388 1950 470
3389 1969 470
3390 2054 470
3391 2062 470
3392 2085 470
3393 126 471
3394 652 471
3395 661 471
3396 666 471
3397 823 471
3398 1818 471
3399 1897 471
3400 1904 471
3401 1912 471
3402 1928 471
3403 1935 471
3404 2030 471
3405 2039 471
3406 2918 471
3407 3017 471
3408 51 472
3409 466 472
3410 552 472
3411 807 472
3412 1851 472
3413 1866 472
3414 1882 472
3415 1890 472
3416 1984 472
3417 206 473
3418 800 473
3419 1822 473
3420 1834 473
3421 1836 473
3422 2667 473
3423 2921 473
3424 96 474
3425 403 474
3426 642 474
3427 791 474
3428 2958 474
3429 533 475
3430 638 475
3431 1093 475
3432 1117 475
3433 1802 475
3434 1815 475
3435 3005 475
3436 775 476
3437 1234 476
3438 1680 476
3439 1684 476
3440 1704 476
3441 1730 476
3442 1757 476
3443 1759 476
3444 1771 476
3445 2850 476
3446 2933 476
3447 3003 476
3448 46 477
3449 763 477
3450 1184 477
3451 1200 477
3452 1223 477
3453 1411 477
3454 1628 477
3455 1635 477
3456 1647 477
3457 1650 477
3458 1665 477
3459 1704 477
3460 2883 477
3461 2916 477
3462 185 478
3463 1139 478
3464 1154 478
3465 1169 478
3466 1378 478
3467 1397 478
3468 1578 478
3469 1594 478
3470 1620 478
3471 2920 478
3472 2975 478
3473 3002 478
3474 626 479
3475 1125 479
3476 1550 479
3477 2350 479
3478 -5 480
3479 160 480
3480 514 480
3481 623 480
3482 1522 480
3483 1539 480
3484 1760 480
3485 1767 480
3486 1775 480
3487 1782 480
3488 1796 480
3489 1822 480
3490 1823 480
3491 1834 480
3492 1836 480
3493 2319 480
3494 2515 480
3495 2538 480
3496 2964 480
3497 3000 480
3498 1485 481
3499 1494 481
3500 1502 481
3501 1783 481
3502 2468 481
3503 2483 481
3504 2593 481
3505 2617 481
3506 2624 481
3507 40 482
3508 115 482
3509 250 482
3510 1324 482
3511 1448 482
3512 1466 482
3513 1717 482
3514 1745 482
3515 1756 482
3516 2438 482
3517 2452 482
3518 2461 482
3519 2547 482
3520 2570 482
3521 2602 482
3522 1376 483
3523 1411 483
3524 1430 483
3525 1706 483
3526 2515 483
3527 2625 483
3528 2647 483
3529 2933 483
3530 2998 483
3531 609 484
3532 610 484
3533 1359 484
3534 2493 484
3535 2507 484
3536 2924 484
3537 38 485
3538 85 485
3539 2406 485
3540 2413 485
3541 2430 485
3542 2384 486
3543 2397 486
3544 2967 486
3545 1288 487
3546 1307 487
3547 1824 487
3548 1836 487
3549 2373 487
3550 2978 487
3551 152 488
3552 594 488
3553 1273 488
3554 1783 488
3555 1796 488
3556 2282 488
3557 2305 488
3558 2350 488
3559 747 489
3560 1203 489
3561 1218 489
3562 1233 489
3563 1716 489
3564 1744 489
3565 1745 489
3566 1756 489
3567 2260 489
3568 -16 490
3569 732 490
3570 1157 490
3571 1172 490
3572 1188 490
3573 1704 490
3574 1706 490
3575 1768 490
3576 1775 490
3577 2172 490
3578 2219 490
3579 2228 490
3580 2235 490
3581 2250 490
3582 2925 490
3583 2998 490
3584 410 491
3585 496 491
3586 1140 491
3587 1761 491
3588 1775 491
3589 1782 491
3590 2149 491
3591 2204 491
3592 104 492
3593 459 492
3594 2117 492
3595 2140 492
3596 2928 492
3597 2999 492
3598 30 493
3599 147 493
3600 998 493
3601 2055 493
3602 2062 493
3603 2085 493
3604 2094 493
3605 364 494
3606 577 494
3607 766 494
3608 937 494
3609 949 494
3610 973 494
3611 1005 494
3612 1137 494
3613 1823 494
3614 1824 494
3615 1834 494
3616 1836 494
3617 2039 494
3618 2538 494
3619 748 495
3620 891 495
3621 911 495
3622 1783 495
3623 1795 495
3624 1796 495
3625 2350 495
3626 2516 495
3627 74 496
3628 873 496
3629 1744 496
3630 1745 496
3631 1757 496
3632 2320 496
3633 2625 496
3634 2851 496
3635 2882 496
3636 863 497
3637 1704 497
3638 1706 497
3639 1716 497
3640 1718 497
3641 2195 497
3642 2250 497
3643 2484 497
3644 2602 497
3645 2969 497
3646 2172 498
3647 2228 498
3648 2438 498
3649 2461 498
3650 2516 498
3651 560 499
3652 1137 499
3653 2493 499
3654 2943 499
3655 2062 500
3656 2085 500
3657 2431 500
3658 2944 500
3659 680 501
3660 696 501
3661 1834 501
3662 2172 501
3663 2195 501
3664 2406 501
3665 3003 501
3666 665 502
3667 1017 502
3668 1784 502
3669 1795 502
3670 1823 502
3671 2305 502
3672 19 503
3673 93 503
3674 136 503
3675 712 503
3676 854 503
3677 1745 503
3678 1757 503
3679 1944 503
3680 1951 503
3681 1969 503
3682 2260 503
3683 2282 503
3684 2979 503
3685 393 504
3686 649 504
3687 854 504
3688 1706 504
3689 1718 504
3690 1897 504
3691 1913 504
3692 1928 504
3693 2384 504
3694 2406 504
3695 2935 504
3696 169 505
3697 542 505
3698 1852 505
3699 1867 505
3700 1882 505
3701 2149 505
3702 2172 505
3703 2204 505
3704 2228 505
3705 2250 505
3706 2571 505
3707 2593 505
3708 64 506
3709 398 506
3710 454 506
3711 483 506
3712 998 506
3713 1836 506
3714 2140 506
3715 2548 506
3716 537 507
3717 851 507
3718 2094 507
3719 2117 507
3720 2625 507
3721 2648 507
3722 88 508
3723 634 508
3724 733 508
3725 873 508
3726 1005 508
3727 1021 508
3728 1073 508
3729 1704 508
3730 2063 508
3731 1022 509
3732 1035 509
3733 1666 509
3734 1685 509
3735 2040 509
3736 2374 509
3737 530 510
3738 772 510
3739 867 510
3740 1629 510
3741 1648 510
3742 2320 510
3743 2351 510
3744 2516 510
3745 2539 510
3746 -38 511
3747 1603 511
3748 3033 511
3749 1585 512
3750 2250 512
3751 3007 512
3752 82 513
3753 618 513
3754 1523 513
3755 1551 513
3756 2196 513
3757 2228 513
3758 3029 513
3759 8 514
3760 125 514
3761 836 514
3762 848 514
3763 1009 514
3764 1495 514
3765 2149 514
3766 2172 514
3767 2516 514
3768 2882 514
3769 801 515
3770 824 515
3771 863 515
3772 1449 515
3773 1467 515
3774 2494 515
3775 2851 515
3776 518 516
3777 519 516
3778 776 516
3779 1412 516
3780 1431 516
3781 2063 516
3782 2086 516
3783 2431 516
3784 3013 516
3785 3016 516
3786 3022 516
3787 53 517
3788 603 517
3789 1307 517
3790 1377 517
3791 1398 517
3792 2031 517
3793 2406 517
3794 77 518
3795 476 518
3796 1134 518
3797 1273 518
3798 1289 518
3799 1359 518
3800 1944 518
3801 1957 518
3802 1973 518
3803 1985 518
3804 2008 518
3805 2282 518
3806 2306 518
3807 -45 519
3808 120 519
3809 585 519
3810 1219 519
3811 1234 519
3812 1323 519
3813 1325 519
3814 1913 519
3815 1928 519
3816 2261 519
3817 2625 519
3818 3032 519
3819 758 520
3820 1173 520
3821 1188 520
3822 1203 520
3823 1872 520
3824 1893 520
3825 2228 520
3826 2251 520
3827 2571 520
3828 2603 520
3829 590 521
3830 681 521
3831 1146 521
3832 1158 521
3833 1821 521
3834 1837 521
3835 1852 521
3836 2548 521
3837 669 522
3838 705 522
3839 1776 522
3840 1792 522
3841 1806 522
3842 2141 522
3843 657 523
3844 863 523
3845 1133 523
3846 1725 523
3847 1733 523
3848 1745 523
3849 1762 523
3850 2086 523
3851 2095 523
3852 2118 523
3853 718 524
3854 1007 524
3855 1114 524
3856 1687 524
3857 1710 524
3858 1717 524
3859 2040 524
3860 2063 524
3861 2406 524
3862 114 525
3863 158 525
3864 474 525
3865 1642 525
3866 1664 525
3867 1672 525
3868 2351 525
3869 2374 525
3870 2384 525
3871 -45 526
3872 568 526
3873 1588 526
3874 1611 526
3875 1626 526
3876 2321 526
3877 42 527
3878 508 527
3879 1079 527
3880 1515 527
3881 1557 527
3882 1572 527
3883 2251 527
3884 2594 527
3885 2972 527
3886 730 528
3887 868 528
3888 1001 528
3889 1071 528
3890 1495 528
3891 1531 528
3892 2173 528
3893 2196 528
3894 2205 528
3895 2228 528
3896 2571 528
3897 -43 529
3898 66 529
3899 633 529
3900 731 529
3901 1047 529
3902 1440 529
3903 1462 529
3904 1463 529
3905 2150 529
3906 2516 529
3907 2539 529
3908 2937 529
3909 109 530
3910 1022 530
3911 1387 530
3912 1403 530
3913 1422 530
3914 2494 530
3915 2916 530
3916 2982 530
3917 505 531
3918 1349 531
3919 1367 531
3920 2031 531
3921 2649 531
3922 564 532
3923 1296 532
3924 1307 532
3925 1328 532
3926 1985 532
3927 2008 532
3928 2407 532
3929 2626 532
3930 2947 532
3931 1251 533
3932 1268 533
3933 1285 533
3934 2283 533
3935 2306 533
3936 2882 533
3937 615 534
3938 1219 534
3939 1230 534
3940 2261 534
3941 2407 534
3942 2431 534
3943 2626 534
3944 2851 534
3945 -14 535
3946 104 535
3947 374 535
3948 503 535
3949 848 535
3950 1175 535
3951 1197 535
3952 2603 535
3953 2974 535
3954 -33 536
3955 557 536
3956 668 536
3957 819 536
3958 836 536
3959 1164 536
3960 2548 536
3961 2571 536
3962 787 537
3963 1117 537
3964 2086 538
3965 150 539
3966 2040 539
3967 2063 539
3968 2374 539
3969 2987 539
3970 2988 539
3971 55 540
3972 98 540
3973 469 540
3974 755 540
3975 851 540
3976 2352 540
3977 2385 540
3978 2407 540
3979 120 541
3980 172 541
3981 2321 541
3982 -20 542
3983 586 542
3984 2251 542
3985 2990 542
3986 1010 543
3987 2173 543
3988 2197 543
3989 2205 543
3990 2229 543
3991 2141 544
3992 2150 544
3993 2539 544
3994 2980 544
3995 545 545
3996 2118 545
3997 2494 545
3998 2517 545
3999 146 546
4000 544 546
4001 2031 546
4002 2095 546
4003 973 547
4004 986 547
4005 998 547
4006 1986 547
4007 2009 547
4008 2407 547
4009 2431 547
4010 2982 547
4011 861 548
4012 945 548
4013 960 548
4014 1958 548
4015 1974 548
4016 2283 548
4017 2306 548
4018 499 549
4019 570 549
4020 909 549
4021 934 549
4022 1914 549
4023 1929 549
4024 1945 549
4025 2261 549
4026 2938 549
4027 335 550
4028 344 550
4029 498 550
4030 866 550
4031 885 550
4032 1873 550
4033 1893 550
4034 2594 550
4035 2948 550
4036 2984 550
4037 88 551
4038 774 551
4039 1822 551
4040 1838 551
4041 1853 551
4042 2549 551
4043 2571 551
4044 -6 552
4045 130 552
4046 1792 552
4047 1807 552
4048 2462 552
4049 2485 552
4050 2882 552
4051 142 553
4052 343 553
4053 565 553
4054 1734 553
4055 1746 553
4056 1762 553
4057 1777 553
4058 1943 553
4059 1956 553
4060 1973 553
4061 2086 553
4062 2118 553
4063 2141 553
4064 2440 553
4065 2852 553
4066 464 554
4067 1688 554
4068 1711 554
4069 1718 554
4070 1725 554
4071 1903 554
4072 1914 554
4073 1929 554
4074 2041 554
4075 2064 554
4076 1642 555
4077 1665 555
4078 1672 555
4079 1868 555
4080 1892 555
4081 2375 555
4082 2385 555
4083 2407 555
4084 2649 555
4085 3013 555
4086 362 556
4087 536 556
4088 1611 556
4089 1626 556
4090 1838 556
4091 1853 556
4092 2352 556
4093 2626 556
4094 534 557
4095 1558 557
4096 1573 557
4097 1588 557
4098 1807 557
4099 1822 557
4100 2322 557
4101 2626 557
4102 2940 557
4103 1532 558
4104 1746 558
4105 1763 558
4106 1777 558
4107 1792 558
4108 2197 558
4109 2229 558
4110 2517 558
4111 2540 558
4112 2604 558
4113 2997 558
4114 1496 559
4115 1516 559
4116 1706 559
4117 1725 559
4118 2150 559
4119 2173 559
4120 2205 559
4121 2495 559
4122 0 560
4123 8 560
4124 138 560
4125 1440 560
4126 1463 560
4127 1464 560
4128 1665 560
4129 1676 560
4130 1688 560
4131 2118 560
4132 3048 560
4133 555 561
4134 1635 561
4135 1650 561
4136 2096 561
4137 2407 561
4138 2432 561
4139 2953 561
4140 76 562
4141 98 562
4142 1440 562
4143 1570 562
4144 1586 562
4145 1605 562
4146 3049 562
4147 1387 563
4148 1395 563
4149 1404 563
4150 1423 563
4151 1501 563
4152 1516 563
4153 1532 563
4154 1555 563
4155 2009 563
4156 2032 563
4157 493 564
4158 1350 564
4159 1353 564
4160 1368 564
4161 1374 564
4162 1469 564
4163 1492 564
4164 1986 564
4165 2283 564
4166 2307 564
4167 2916 564
4168 2956 564
4169 790 565
4170 1308 565
4171 1329 565
4172 1331 565
4173 1423 565
4174 1441 565
4175 1446 565
4176 1454 565
4177 2262 565
4178 2549 565
4179 2572 565
4180 2594 565
4181 1095 566
4182 1264 566
4183 1269 566
4184 1286 566
4185 1297 566
4186 1395 566
4187 1404 566
4188 1418 566
4189 2917 566
4190 527 567
4191 791 567
4192 1085 567
4193 1219 567
4194 1230 567
4195 1246 567
4196 1251 567
4197 2485 567
4198 2958 567
4199 207 568
4200 492 568
4201 1176 568
4202 1187 568
4203 1198 568
4204 1209 568
4205 2087 568
4206 2119 568
4207 2142 568
4208 2440 568
4209 2462 568
4210 2900 568
4211 3049 568
4212 459 569
4213 526 569
4214 676 569
4215 816 569
4216 820 569
4217 1072 569
4218 1129 569
4219 1164 569
4220 2041 569
4221 2064 569
4222 2946 569
4223 3020 569
4224 671 570
4225 684 570
4226 1060 570
4227 2375 570
4228 2385 570
4229 2407 570
4230 3046 570
4231 3047 570
4232 665 571
4233 1048 571
4234 2322 571
4235 2352 571
4236 2852 571
4237 2883 571
4238 3044 571
4239 657 572
4240 1045 572
4241 2627 572
4242 109 573
4243 652 573
4244 702 573
4245 704 573
4246 837 573
4247 2197 573
4248 2229 573
4249 2252 573
4250 2604 573
4251 2883 573
4252 2964 573
4253 19 574
4254 640 574
4255 642 574
4256 1024 574
4257 2174 574
4258 2206 574
4259 2518 574
4260 2540 574
4261 714 575
4262 2142 575
4263 2151 575
4264 2495 575
4265 2952 575
4266 542 576
4267 628 576
4268 723 576
4269 850 576
4270 1011 576
4271 2096 576
4272 2119 576
4273 627 577
4274 726 577
4275 999 577
4276 2032 577
4277 2284 577
4278 2954 577
4279 430 578
4280 489 578
4281 616 578
4282 862 578
4283 974 578
4284 980 578
4285 1986 578
4286 2009 578
4287 2307 578
4288 738 579
4289 932 579
4290 935 579
4291 946 579
4292 961 579
4293 2262 579
4294 2284 579
4295 488 580
4296 520 580
4297 604 580
4298 745 580
4299 886 580
4300 910 580
4301 2572 580
4302 2594 580
4303 2627 580
4304 2650 580
4305 2922 580
4306 3042 580
4307 429 581
4308 601 581
4309 750 581
4310 874 581
4311 2174 581
4312 2549 581
4313 2958 581
4314 519 582
4315 775 582
4316 787 582
4317 799 582
4318 803 582
4319 2151 582
4320 3044 582
4321 455 583
4322 586 583
4323 763 583
4324 764 583
4325 999 583
4326 1957 583
4327 1974 583
4328 2041 583
4329 2064 583
4330 2087 583
4331 2142 583
4332 2463 583
4333 2486 583
4334 2984 583
4335 3059 583
4336 579 584
4337 805 584
4338 980 584
4339 987 584
4340 1915 584
4341 1930 584
4342 1944 584
4343 2096 584
4344 2119 584
4345 2376 584
4346 2440 584
4347 2906 584
4348 1893 585
4349 1904 585
4350 2353 585
4351 2385 585
4352 2408 585
4353 2432 585
4354 556 586
4355 567 586
4356 1839 586
4357 1854 586
4358 1869 586
4359 2322 586
4360 123 587
4361 536 587
4362 544 587
4363 1808 587
4364 1823 587
4365 1839 587
4366 2252 587
4367 235 588
4368 1778 588
4369 1793 588
4370 2198 588
4371 2206 588
4372 2229 588
4373 234 589
4374 1726 589
4375 1747 589
4376 1764 589
4377 2174 589
4378 516 590
4379 1677 590
4380 1689 590
4381 1707 590
4382 2518 590
4383 2540 590
4384 2852 590
4385 2889 590
4386 1633 591
4387 1635 591
4388 1651 591
4389 1666 591
4390 2119 591
4391 2142 591
4392 2495 591
4393 2889 591
4394 2978 591
4395 3052 591
4396 484 592
4397 1605 592
4398 2032 592
4399 2096 592
4400 2933 592
4401 1556 593
4402 1571 593
4403 1587 593
4404 1987 593
4405 2010 593
4406 2935 593
4407 44 594
4408 1493 594
4409 1502 594
4410 1516 594
4411 1533 594
4412 2262 594
4413 2284 594
4414 1447 595
4415 1455 595
4416 1470 595
4417 2627 595
4418 2938 595
4419 3006 595
4420 1419 596
4421 2605 596
4422 833 597
4423 1375 597
4424 1396 597
4425 2174 597
4426 1332 598
4427 1353 598
4428 2151 598
4429 2308 598
4430 1287 599
4431 1309 599
4432 1946 599
4433 1953 599
4434 1974 599
4435 2087 599
4436 2284 599
4437 2441 599
4438 2463 599
4439 2486 599
4440 1231 600
4441 1247 600
4442 1265 600
4443 1863 600
4444 1878 600
4445 1884 600
4446 1905 600
4447 1924 600
4448 2042 600
4449 2065 600
4450 2376 600
4451 2408 600
4452 2432 600
4453 512 601
4454 1188 601
4455 1199 601
4456 1209 601
4457 1220 601
4458 1798 601
4459 1816 601
4460 1832 601
4461 1847 601
4462 1855 601
4463 2353 601
4464 2650 601
4465 1165 602
4466 1764 602
4467 1778 602
4468 2323 602
4469 2628 602
4470 2896 602
4471 1109 603
4472 1141 603
4473 2252 603
4474 2896 603
4475 480 604
4476 1085 604
4477 1731 604
4478 1745 604
4479 2198 604
4480 2206 604
4481 2230 604
4482 447 605
4483 1061 605
4484 1703 605
4485 1710 605
4486 2174 605
4487 2923 605
4488 119 606
4489 259 606
4490 1024 606
4491 1046 606
4492 1632 606
4493 3006 606
4494 1000 607
4495 1012 607
4496 1591 607
4497 1609 607
4498 2120 607
4499 2143 607
4500 3028 607
4501 258 608
4502 947 608
4503 962 608
4504 981 608
4505 1496 608
4506 1518 608
4507 1573 608
4508 2010 608
4509 2097 608
4510 2408 608
4511 3009 608
4512 135 609
4513 446 609
4514 818 609
4515 911 609
4516 933 609
4517 1472 609
4518 1481 609
4519 1488 609
4520 1532 609
4521 1987 609
4522 2284 609
4523 2386 609
4524 776 610
4525 788 610
4526 800 610
4527 887 610
4528 1418 610
4529 1442 610
4530 2263 610
4531 752 611
4532 764 611
4533 851 611
4534 862 611
4535 875 611
4536 1377 611
4537 1398 611
4538 2968 611
4539 715 612
4540 727 612
4541 739 612
4542 839 612
4543 1333 612
4544 1355 612
4545 2541 612
4546 508 613
4547 703 613
4548 1310 613
4549 2152 613
4550 2175 613
4551 2486 613
4552 2496 613
4553 2518 613
4554 2853 613
4555 2871 613
4556 2939 613
4557 654 614
4558 666 614
4559 678 614
4560 1236 614
4561 1250 614
4562 1266 614
4563 2088 614
4564 2464 614
4565 2906 614
4566 476 615
4567 629 615
4568 1192 615
4569 1208 615
4570 1220 615
4571 2042 615
4572 2065 615
4573 2408 615
4574 2432 615
4575 606 616
4576 618 616
4577 1147 616
4578 1176 616
4579 2377 616
4580 569 617
4581 587 617
4582 2285 617
4583 2308 617
4584 2323 617
4585 2354 617
4586 2441 617
4587 2464 617
4588 475 618
4589 545 618
4590 557 618
4591 2253 618
4592 2605 618
4593 2628 618
4594 526 619
4595 2198 619
4596 2206 619
4597 2230 619
4598 277 620
4599 442 620
4600 2175 620
4601 3062 620
4602 2143 621
4603 1519 622
4604 2120 622
4605 2904 622
4606 3037 622
4607 3059 622
4608 51 623
4609 1108 623
4610 1115 623
4611 1496 623
4612 2033 623
4613 504 624
4614 1076 624
4615 1084 624
4616 1987 624
4617 2010 624
4618 1036 625
4619 1053 625
4620 2263 625
4621 2285 625
4622 2651 625
4623 946 626
4624 960 626
4625 999 626
4626 1011 626
4627 1023 626
4628 1177 626
4629 2628 626
4630 2996 626
4631 503 627
4632 922 627
4633 935 627
4634 975 627
4635 1151 627
4636 2175 627
4637 2519 627
4638 2541 627
4639 2999 627
4640 821 628
4641 898 628
4642 2152 628
4643 803 629
4644 862 629
4645 874 629
4646 886 629
4647 1946 629
4648 1954 629
4649 1974 629
4650 2143 629
4651 2433 629
4652 2464 629
4653 2487 629
4654 2896 629
4655 2917 629
4656 2924 629
4657 3076 629
4658 471 630
4659 760 630
4660 773 630
4661 785 630
4662 839 630
4663 1885 630
4664 1905 630
4665 1924 630
4666 2097 630
4667 2120 630
4668 2386 630
4669 2401 630
4670 2408 630
4671 2416 630
4672 438 631
4673 724 631
4674 738 631
4675 748 631
4676 1817 631
4677 1832 631
4678 1848 631
4679 1856 631
4680 1863 631
4681 1878 631
4682 2914 631
4683 92 632
4684 685 632
4685 700 632
4686 712 632
4687 1765 632
4688 1779 632
4689 1798 632
4690 2308 632
4691 2339 632
4692 2354 632
4693 2496 632
4694 2519 632
4695 648 633
4696 661 633
4697 673 633
4698 1519 633
4699 2253 633
4700 2285 633
4701 2324 633
4702 2377 633
4703 624 634
4704 637 634
4705 1496 634
4706 1746 634
4707 1972 634
4708 2207 634
4709 2222 634
4710 2230 634
4711 2237 634
4712 2354 634
4713 2913 634
4714 3058 634
4715 591 635
4716 612 635
4717 1703 635
4718 1711 635
4719 1732 635
4720 1931 635
4721 1955 635
4722 2180 635
4723 2199 635
4724 2464 635
4725 552 636
4726 564 636
4727 576 636
4728 1872 636
4729 1889 636
4730 1899 636
4731 1916 636
4732 2152 636
4733 2166 636
4734 2176 636
4735 2441 636
4736 520 637
4737 539 637
4738 1610 637
4739 1632 637
4740 1847 637
4741 1863 637
4742 2088 637
4743 106 638
4744 1573 638
4745 1591 638
4746 1761 638
4747 1779 638
4748 1795 638
4749 1810 638
4750 1825 638
4751 2043 638
4752 2065 638
4753 2881 638
4754 2908 638
4755 2946 638
4756 499 639
4757 1533 639
4758 1727 639
4759 1746 639
4760 2011 639
4761 2034 639
4762 2285 639
4763 1694 640
4764 1988 640
4765 2264 640
4766 3061 640
4767 467 641
4768 1442 641
4769 1648 641
4770 1663 641
4771 1678 641
4772 2874 641
4773 3025 641
4774 3077 641
4775 975 642
4776 999 642
4777 1482 642
4778 1489 642
4779 1497 642
4780 1504 642
4781 1519 642
4782 1595 642
4783 1603 642
4784 1618 642
4785 1633 642
4786 3027 642
4787 435 643
4788 1443 643
4789 1458 643
4790 1473 643
4791 1551 643
4792 1568 643
4793 1579 643
4794 1587 643
4795 839 644
4796 862 644
4797 1399 644
4798 1419 644
4799 1422 644
4800 1519 644
4801 1533 644
4802 3091 644
4803 1355 645
4804 1378 645
4805 2121 645
4806 2144 645
4807 2853 645
4808 33 646
4809 1311 646
4810 1333 646
4811 2671 646
4812 3021 646
4813 1266 647
4814 1280 647
4815 2899 647
4816 2972 647
4817 1221 648
4818 1236 648
4819 1243 648
4820 1251 648
4821 2674 648
4822 3038 648
4823 1177 649
4824 1193 649
4825 1204 649
4826 1208 649
4827 1296 649
4828 1305 649
4829 2542 649
4830 1159 650
4831 2629 650
4832 2652 650
4833 2893 650
4834 2974 650
4835 496 651
4836 961 651
4837 1285 651
4838 1294 651
4839 2551 651
4840 2596 651
4841 2606 651
4842 3042 651
4843 947 652
4844 2497 652
4845 2519 652
4846 2540 652
4847 463 653
4848 1109 653
4849 1128 653
4850 2386 653
4851 3073 653
4852 431 654
4853 1073 654
4854 1076 654
4855 1085 654
4856 1097 654
4857 2486 654
4858 2993 654
4859 2997 654
4860 432 655
4861 1048 655
4862 1054 655
4863 1061 655
4864 2324 655
4865 2378 655
4866 2401 655
4867 2417 655
4868 2431 655
4869 2443 655
4870 2464 655
4871 3058 655
4872 1012 656
4873 1024 656
4874 1036 656
4875 1296 656
4876 1302 656
4877 1305 656
4878 1309 656
4879 2355 656
4880 2941 656
4881 2990 656
4882 936 657
4883 948 657
4884 976 657
4885 999 657
4886 2309 657
4887 2339 657
4888 2877 657
4889 899 658
4890 911 658
4891 923 658
4892 930 658
4893 1285 658
4894 1294 658
4895 2254 658
4896 2264 658
4897 2285 658
4898 862 659
4899 875 659
4900 887 659
4901 2207 659
4902 2223 659
4903 2237 659
4904 840 660
4905 774 661
4906 786 661
4907 798 661
4908 804 661
4909 822 661
4910 2167 661
4911 2180 661
4912 2199 661
4913 3052 661
4914 725 662
4915 738 662
4916 749 662
4917 761 662
4918 2153 662
4919 2930 662
4920 3067 662
4921 492 663
4922 686 663
4923 700 663
4924 713 663
4925 2066 663
4926 2089 663
4927 2144 663
4928 2854 663
4929 460 664
4930 649 664
4931 661 664
4932 674 664
4933 1302 664
4934 1309 664
4935 2034 664
4936 2043 664
4937 2098 664
4938 2121 664
4939 333 665
4940 601 665
4941 613 665
4942 625 665
4943 638 665
4944 1955 665
4945 1973 665
4946 1988 665
4947 3047 665
4948 565 666
4949 577 666
4950 589 666
4951 592 666
4952 1890 666
4953 1900 666
4954 1916 666
4955 1931 666
4956 2555 666
4957 2574 666
4958 59 667
4959 428 667
4960 515 667
4961 527 667
4962 540 667
4963 553 667
4964 1297 667
4965 1306 667
4966 1848 667
4967 1863 667
4968 1872 667
4969 2500 667
4970 2520 667
4971 2649 667
4972 2922 667
4973 510 668
4974 1795 668
4975 1810 668
4976 1825 668
4977 2380 668
4978 2483 668
4979 2541 668
4980 2597 668
4981 2604 668
4982 2627 668
4983 2671 668
4984 2968 668
4985 3024 668
4986 1287 669
4987 1296 669
4988 1728 669
4989 1746 669
4990 1761 669
4991 1780 669
4992 2444 669
4993 2464 669
4994 2552 669
4995 3026 669
4996 1679 670
4997 1695 670
4998 2409 670
4999 2486 670
5000 2497 670
5001 1634 671
5002 1649 671
5003 1664 671
5004 2233 671
5005 2256 671
5006 2265 671
5007 2394 671
5008 2428 671
5009 2543 671
5010 2668 671
5011 2984 671
5012 327 672
5013 1000 672
5014 1580 672
5015 1588 672
5016 1596 672
5017 1604 672
5018 1619 672
5019 2178 672
5020 2201 672
5021 2210 672
5022 3102 672
5023 976 673
5024 1551 673
5025 1569 673
5026 2116 673
5027 2131 673
5028 2146 673
5029 2155 673
5030 2387 673
5031 2432 673
5032 2441 673
5033 488 674
5034 1297 674
5035 1306 674
5036 1533 674
5037 2068 674
5038 2091 674
5039 2100 674
5040 3055 674
5041 164 675
5042 822 675
5043 1136 675
5044 1287 675
5045 1296 675
5046 1520 675
5047 2014 675
5048 2036 675
5049 2046 675
5050 2908 675
5051 456 676
5052 799 676
5053 1474 676
5054 1489 676
5055 1505 676
5056 1991 676
5057 2938 676
5058 397 677
5059 1423 677
5060 1443 677
5061 1459 677
5062 424 678
5063 1378 678
5064 1400 678
5065 336 679
5066 1334 679
5067 1356 679
5068 1976 679
5069 1311 680
5070 1937 680
5071 1955 680
5072 1244 681
5073 1267 681
5074 1281 681
5075 1907 681
5076 1920 681
5077 1134 682
5078 1205 682
5079 1222 682
5080 1856 682
5081 1863 682
5082 1891 682
5083 2897 682
5084 3014 682
5085 1171 683
5086 1810 683
5087 1832 683
5088 1864 683
5089 3039 683
5090 1073 684
5091 1098 684
5092 1749 684
5093 1772 684
5094 1795 684
5095 484 685
5096 1049 685
5097 1061 685
5098 1710 685
5099 1730 685
5100 948 686
5101 962 686
5102 1012 686
5103 1025 686
5104 1644 686
5105 1659 686
5106 1671 686
5107 1679 686
5108 1695 686
5109 1763 686
5110 912 687
5111 931 687
5112 977 687
5113 1000 687
5114 1592 687
5115 1615 687
5116 1632 687
5117 2069 687
5118 2092 687
5119 452 688
5120 799 688
5121 822 688
5122 888 688
5123 900 688
5124 1561 688
5125 1576 688
5126 2958 688
5127 2977 688
5128 775 689
5129 786 689
5130 841 689
5131 876 689
5132 1533 689
5133 750 690
5134 1498 690
5135 1508 690
5136 1520 690
5137 2387 690
5138 2410 690
5139 3066 690
5140 701 691
5141 1452 691
5142 1467 691
5143 1483 691
5144 1991 691
5145 2014 691
5146 2552 691
5147 2575 691
5148 2598 691
5149 675 692
5150 687 692
5151 1397 692
5152 1416 692
5153 1434 692
5154 2410 692
5155 2433 692
5156 2520 692
5157 2543 692
5158 2627 692
5159 3068 692
5160 419 693
5161 639 693
5162 650 693
5163 662 693
5164 1356 693
5165 1377 693
5166 2488 693
5167 2605 693
5168 2650 693
5169 -4 694
5170 188 694
5171 614 694
5172 626 694
5173 1307 694
5174 1323 694
5175 1340 694
5176 2442 694
5177 2465 694
5178 2628 694
5179 2878 694
5180 577 695
5181 590 695
5182 602 695
5183 1269 695
5184 541 696
5185 553 696
5186 566 696
5187 2233 696
5188 2256 696
5189 3112 696
5190 420 697
5191 516 697
5192 528 697
5193 1180 697
5194 1201 697
5195 2179 697
5196 2201 697
5197 2210 697
5198 480 698
5199 500 698
5200 1086 698
5201 1098 698
5202 1147 698
5203 2116 698
5204 2124 698
5205 2131 698
5206 2147 698
5207 2156 698
5208 423 699
5209 448 699
5210 1025 699
5211 1050 699
5212 1062 699
5213 1113 699
5214 2069 699
5215 2101 699
5216 962 700
5217 989 700
5218 1001 700
5219 1013 700
5220 2014 700
5221 2037 700
5222 2046 700
5223 2069 700
5224 2092 700
5225 2497 700
5226 2520 700
5227 3009 700
5228 3052 700
5229 926 701
5230 937 701
5231 950 701
5232 976 701
5233 1991 701
5234 876 702
5235 888 702
5236 900 702
5237 913 702
5238 839 703
5239 864 703
5240 2211 704
5241 2233 704
5242 2968 704
5243 3008 704
5244 824 705
5245 787 706
5246 800 706
5247 812 706
5248 2575 706
5249 2598 706
5250 3014 706
5251 751 707
5252 763 707
5253 714 708
5254 726 708
5255 739 708
5256 1184 708
5257 1205 708
5258 663 709
5259 688 709
5260 702 709
5261 602 710
5262 614 710
5263 627 710
5264 639 710
5265 651 710
5266 1956 710
5267 1977 710
5268 2387 710
5269 2410 710
5270 3076 710
5271 566 711
5272 578 711
5273 590 711
5274 1908 711
5275 1921 711
5276 1938 711
5277 2234 711
5278 2256 711
5279 2926 711
5280 550 712
5281 1864 712
5282 1892 712
5283 2179 712
5284 2202 712
5285 2916 712
5286 489 713
5287 501 713
5288 513 713
5289 525 713
5290 1833 713
5291 1857 713
5292 2124 713
5293 2147 713
5294 2156 713
5295 2553 713
5296 2575 713
5297 2916 713
5298 453 714
5299 465 714
5300 477 714
5301 1796 714
5302 1811 714
5303 2069 714
5304 2092 714
5305 2101 714
5306 3060 714
5307 22 715
5308 440 715
5309 1730 715
5310 1749 715
5311 1764 715
5312 1773 715
5313 1976 715
5314 2037 715
5315 2497 715
5316 2520 715
5317 2543 715
5318 2912 715
5319 2935 715
5320 3119 715
5321 416 716
5322 1671 716
5323 1680 716
5324 1695 716
5325 1710 716
5326 1920 716
5327 1944 716
5328 1992 716
5329 2014 716
5330 2410 716
5331 2433 716
5332 2443 716
5333 2466 716
5334 2488 716
5335 2628 716
5336 2942 716
5337 1615 717
5338 1633 717
5339 1645 717
5340 1659 717
5341 1883 717
5342 1895 717
5343 2606 717
5344 3022 717
5345 1561 718
5346 1577 718
5347 1593 718
5348 1826 718
5349 1841 718
5350 1864 718
5351 2069 718
5352 1189 719
5353 1210 719
5354 1533 719
5355 1796 719
5356 1814 719
5357 2046 719
5358 2958 719
5359 3059 719
5360 1748 720
5361 1765 720
5362 2156 720
5363 2179 720
5364 2651 720
5365 2878 720
5366 1683 721
5367 1690 721
5368 1715 721
5369 1731 721
5370 2101 721
5371 2124 721
5372 2576 721
5373 2598 721
5374 2628 721
5375 2909 721
5376 2999 721
5377 1521 722
5378 1646 722
5379 1661 722
5380 1676 722
5381 1476 723
5382 1483 723
5383 1499 723
5384 1509 723
5385 1599 723
5386 1615 723
5387 1630 723
5388 1432 724
5389 1434 724
5390 1444 724
5391 1452 724
5392 1455 724
5393 1465 724
5394 1468 724
5395 1554 724
5396 1570 724
5397 1585 724
5398 1308 725
5399 1390 725
5400 1398 725
5401 1406 725
5402 1417 725
5403 1423 725
5404 1534 725
5405 2388 725
5406 2410 725
5407 1341 726
5408 1357 726
5409 1373 726
5410 1378 726
5411 2234 726
5412 2257 726
5413 385 727
5414 1308 727
5415 1324 727
5416 2202 727
5417 1269 728
5418 2147 728
5419 2156 728
5420 2179 728
5421 1098 729
5422 2092 729
5423 2101 729
5424 2124 729
5425 2553 729
5426 2576 729
5427 3084 729
5428 551 730
5429 1063 730
5430 1086 730
5431 1976 730
5432 2038 730
5433 2047 730
5434 2070 730
5435 3030 730
5436 526 731
5437 1014 731
5438 1026 731
5439 1050 731
5440 1114 731
5441 1944 731
5442 1992 731
5443 2015 731
5444 2489 731
5445 2521 731
5446 2544 731
5447 3030 731
5448 3061 731
5449 977 732
5450 989 732
5451 1002 732
5452 1148 732
5453 1159 732
5454 2466 732
5455 2911 732
5456 3067 732
5457 938 733
5458 951 733
5459 963 733
5460 1114 733
5461 889 734
5462 901 734
5463 914 734
5464 926 734
5465 1160 734
5466 2211 734
5467 2234 734
5468 2994 734
5469 -25 735
5470 864 735
5471 877 735
5472 2466 735
5473 2913 735
5474 2949 735
5475 3127 735
5476 813 736
5477 825 736
5478 840 736
5479 1086 736
5480 1098 736
5481 1195 736
5482 1216 736
5483 2124 736
5484 2443 736
5485 2576 736
5486 2599 736
5487 2914 736
5488 3025 736
5489 788 737
5490 801 737
5491 1038 737
5492 1050 737
5493 1063 737
5494 1075 737
5495 2070 737
5496 2092 737
5497 2102 737
5498 3050 737
5499 740 738
5500 752 738
5501 764 738
5502 938 738
5503 950 738
5504 962 738
5505 1002 738
5506 1014 738
5507 1026 738
5508 2489 738
5509 2498 738
5510 2521 738
5511 2992 738
5512 702 739
5513 715 739
5514 727 739
5515 901 739
5516 926 739
5517 977 739
5518 990 739
5519 2466 739
5520 651 740
5521 663 740
5522 688 740
5523 865 740
5524 877 740
5525 889 740
5526 2388 740
5527 2411 740
5528 2433 740
5529 2629 740
5530 2923 740
5531 3025 740
5532 591 741
5533 602 741
5534 614 741
5535 627 741
5536 639 741
5537 813 741
5538 825 741
5539 840 741
5540 853 741
5541 2257 741
5542 2606 741
5543 566 742
5544 578 742
5545 776 742
5546 788 742
5547 801 742
5548 2202 742
5549 2234 742
5550 526 743
5551 551 743
5552 740 743
5553 752 743
5554 764 743
5555 2147 743
5556 2157 743
5557 2179 743
5558 2925 743
5559 478 744
5560 490 744
5561 502 744
5562 514 744
5563 688 744
5564 703 744
5565 2102 744
5566 2125 744
5567 3050 744
5568 441 745
5569 453 745
5570 466 745
5571 1977 745
5572 2038 745
5573 2047 745
5574 2070 745
5575 2989 745
5576 417 746
5577 1921 746
5578 1992 746
5579 2015 746
5580 2521 746
5581 2544 746
5582 2576 746
5583 566 747
5584 1865 747
5585 1883 747
5586 1896 747
5587 2553 747
5588 2629 747
5589 2652 747
5590 526 748
5591 539 748
5592 551 748
5593 1815 748
5594 1827 748
5595 1841 748
5596 478 749
5597 490 749
5598 502 749
5599 514 749
5600 1221 749
5601 1797 749
5602 2234 749
5603 2924 749
5604 2940 749
5605 3028 749
5606 3092 749
5607 441 750
5608 453 750
5609 466 750
5610 1200 750
5611 1732 750
5612 1748 750
5613 1766 750
5614 2212 750
5615 417 751
5616 1684 751
5617 1691 751
5618 1716 751
5619 2940 751
5620 2981 751
5621 3045 751
5622 1646 752
5623 1662 752
5624 1676 752
5625 2070 752
5626 2093 752
5627 1585 753
5628 1600 753
5629 1616 753
5630 1631 753
5631 2047 753
5632 2599 753
5633 3034 753
5634 3039 753
5635 1535 754
5636 1555 754
5637 1570 754
5638 2467 754
5639 2490 754
5640 2576 754
5641 1521 755
5642 2434 755
5643 2444 755
5644 3135 755
5645 1466 756
5646 1477 756
5647 1500 756
5648 2257 756
5649 2388 756
5650 2411 756
5651 3077 756
5652 1424 757
5653 1433 757
5654 1444 757
5655 1456 757
5656 2203 757
5657 2234 757
5658 729 758
5659 740 758
5660 1374 758
5661 1391 758
5662 1406 758
5663 2148 758
5664 2157 758
5665 2180 758
5666 703 759
5667 1325 759
5668 1342 759
5669 1357 759
5670 2125 759
5671 271 760
5672 1308 760
5673 1325 760
5674 2879 760
5675 1270 761
5676 2015 761
5677 2038 761
5678 2498 761
5679 2521 761
5680 2544 761
5681 1204 762
5682 1226 762
5683 1949 762
5684 1964 762
5685 1975 762
5686 1992 762
5687 2889 762
5688 1170 763
5689 1911 763
5690 1926 763
5691 2964 763
5692 1115 764
5693 1854 764
5694 1873 764
5695 1888 764
5696 2235 764
5697 2629 764
5698 1075 765
5699 1087 765
5700 1099 765
5701 1790 765
5702 1804 765
5703 1820 765
5704 1828 765
5705 1835 765
5706 2212 765
5707 2607 765
5708 1026 766
5709 1038 766
5710 1051 766
5711 1063 766
5712 1749 766
5713 1766 766
5714 1776 766
5715 3012 766
5716 -29 767
5717 939 767
5718 951 767
5719 963 767
5720 990 767
5721 1002 767
5722 1015 767
5723 1693 767
5724 1708 767
5725 1723 767
5726 2093 767
5727 2102 767
5728 2125 767
5729 2554 767
5730 2576 767
5731 2932 767
5732 3062 767
5733 902 768
5734 927 768
5735 978 768
5736 1663 768
5737 1677 768
5738 2047 768
5739 2070 768
5740 2915 768
5741 865 769
5742 878 769
5743 890 769
5744 1522 769
5745 1608 769
5746 1624 769
5747 1639 769
5748 2467 769
5749 2490 769
5750 3100 769
5751 841 770
5752 853 770
5753 1478 770
5754 1491 770
5755 1507 770
5756 1570 770
5757 1585 770
5758 1593 770
5759 2444 770
5760 825 771
5761 1439 771
5762 1455 771
5763 1467 771
5764 1537 771
5765 1555 771
5766 2932 771
5767 789 772
5768 802 772
5769 814 772
5770 1406 772
5771 1424 772
5772 2235 772
5773 2258 772
5774 2577 772
5775 2599 772
5776 753 773
5777 765 773
5778 777 773
5779 1390 773
5780 2157 773
5781 2180 773
5782 2203 773
5783 2935 773
5784 703 774
5785 729 774
5786 741 774
5787 1323 774
5788 2125 774
5789 2148 774
5790 2630 774
5791 2652 774
5792 1291 775
5793 2070 775
5794 2093 775
5795 2434 775
5796 2880 775
5797 3143 775
5798 1269 776
5799 2016 776
5800 2038 776
5801 2048 776
5802 2389 776
5803 3060 776
5804 1208 777
5805 1993 777
5806 527 778
5807 539 778
5808 552 778
5809 1176 778
5810 1339 778
5811 1376 778
5812 2394 778
5813 2411 778
5814 2431 778
5815 2788 778
5816 417 779
5817 491 779
5818 503 779
5819 515 779
5820 1349 779
5821 1367 779
5822 1386 779
5823 2258 779
5824 2959 779
5825 454 780
5826 467 780
5827 478 780
5828 1076 780
5829 1088 780
5830 1100 780
5831 1115 780
5832 1330 780
5833 2212 780
5834 2235 780
5835 442 781
5836 1027 781
5837 1039 781
5838 1052 781
5839 1064 781
5840 2554 781
5841 2577 781
5842 979 782
5843 991 782
5844 1003 782
5845 1016 782
5846 2093 782
5847 2103 782
5848 2125 782
5849 2499 782
5850 2543 782
5851 2972 782
5852 2048 783
5853 2071 783
5854 2544 783
5855 2912 783
5856 915 784
5857 927 784
5858 948 784
5859 963 784
5860 2491 784
5861 2502 784
5862 2522 784
5863 2540 784
5864 2975 784
5865 842 785
5866 854 785
5867 866 785
5868 878 785
5869 890 785
5870 902 785
5871 1330 785
5872 1367 785
5873 2445 785
5874 2468 785
5875 3041 785
5876 814 786
5877 826 786
5878 2929 786
5879 2935 786
5880 765 787
5881 777 787
5882 790 787
5883 802 787
5884 1377 787
5885 1384 787
5886 2977 787
5887 728 788
5888 741 788
5889 753 788
5890 1332 788
5891 1339 788
5892 1347 788
5893 2180 788
5894 2203 788
5895 703 789
5896 716 789
5897 2157 789
5898 2600 789
5899 3108 789
5900 2554 790
5901 2577 790
5902 2630 790
5903 378 791
5904 1950 791
5905 1965 791
5906 1976 791
5907 2607 791
5908 2926 791
5909 552 792
5910 1889 792
5911 1912 792
5912 1927 792
5913 2468 792
5914 2491 792
5915 2499 792
5916 2522 792
5917 2955 792
5918 3027 792
5919 528 793
5920 540 793
5921 1835 793
5922 1855 793
5923 1873 793
5924 2412 793
5925 2434 793
5926 2445 793
5927 479 794
5928 491 794
5929 503 794
5930 1791 794
5931 1805 794
5932 1820 794
5933 1828 794
5934 2258 794
5935 2389 794
5936 3151 794
5937 1340 795
5938 1367 795
5939 1377 795
5940 1387 795
5941 1750 795
5942 1766 795
5943 1776 795
5944 2212 795
5945 2228 795
5946 2235 795
5947 417 796
5948 1330 796
5949 1350 796
5950 1708 796
5951 1724 796
5952 1939 796
5953 1957 796
5954 1976 796
5955 2148 796
5956 2955 796
5957 1663 797
5958 1678 797
5959 1694 797
5960 1899 797
5961 1919 797
5962 2094 797
5963 2103 797
5964 2126 797
5965 2979 797
5966 1624 798
5967 1640 798
5968 1843 798
5969 1858 798
5970 1869 798
5971 1881 798
5972 2048 798
5973 2071 798
5974 -23 799
5975 1586 799
5976 1594 799
5977 1609 799
5978 1825 799
5979 1993 799
5980 2016 799
5981 2039 799
5982 1352 800
5983 1556 800
5984 1571 800
5985 1750 800
5986 1766 800
5987 1775 800
5988 1797 800
5989 2653 800
5990 1538 801
5991 1709 801
5992 1724 801
5993 2630 801
5994 2911 801
5995 2976 801
5996 336 802
5997 1328 802
5998 1663 802
5999 1678 802
6000 1694 802
6001 2880 802
6002 2958 802
6003 3006 802
6004 1366 803
6005 1388 803
6006 1523 803
6007 1617 803
6008 1632 803
6009 1648 803
6010 2181 803
6011 2203 803
6012 1377 804
6013 1473 804
6014 1478 804
6015 1490 804
6016 1492 804
6017 1506 804
6018 1508 804
6019 1595 804
6020 1602 804
6021 2973 804
6022 1340 805
6023 1350 805
6024 1440 805
6025 1456 805
6026 1468 805
6027 1538 805
6028 1555 805
6029 1571 805
6030 2964 805
6031 372 806
6032 1407 806
6033 1424 806
6034 1425 806
6035 1359 807
6036 1373 807
6037 1390 807
6038 1324 808
6039 1342 808
6040 3115 808
6041 1292 809
6042 1308 809
6043 1088 810
6044 1100 810
6045 1270 810
6046 2673 810
6047 2926 810
6048 359 811
6049 365 811
6050 1028 811
6051 1040 811
6052 1052 811
6053 1065 811
6054 1077 811
6055 2577 811
6056 2600 811
6057 979 812
6058 992 812
6059 1004 812
6060 1016 812
6061 1028 812
6062 2554 812
6063 2964 812
6064 2608 813
6065 2631 813
6066 927 814
6067 949 814
6068 963 814
6069 2469 814
6070 2492 814
6071 2499 814
6072 2522 814
6073 2545 814
6074 3159 814
6075 843 815
6076 855 815
6077 866 815
6078 879 815
6079 890 815
6080 903 815
6081 915 815
6082 1101 815
6083 2383 815
6084 2389 815
6085 2412 815
6086 2435 815
6087 2446 815
6088 1053 816
6089 1065 816
6090 1077 816
6091 803 817
6092 815 817
6093 827 817
6094 1004 817
6095 1016 817
6096 1028 817
6097 1040 817
6098 2259 817
6099 2268 817
6100 753 818
6101 766 818
6102 778 818
6103 790 818
6104 979 818
6105 992 818
6106 2204 818
6107 2213 818
6108 2228 818
6109 2236 818
6110 704 819
6111 717 819
6112 729 819
6113 741 819
6114 963 819
6115 2149 819
6116 2158 819
6117 2181 819
6118 867 820
6119 890 820
6120 903 820
6121 915 820
6122 927 820
6123 939 820
6124 951 820
6125 2094 820
6126 2103 820
6127 2126 820
6128 2881 820
6129 2911 820
6130 815 821
6131 827 821
6132 843 821
6133 855 821
6134 2039 821
6135 2048 821
6136 2071 821
6137 778 822
6138 790 822
6139 803 822
6140 1994 822
6141 2017 822
6142 2999 822
6143 541 823
6144 553 823
6145 766 823
6146 504 824
6147 528 824
6148 704 824
6149 479 825
6150 491 825
6151 1938 826
6152 1940 826
6153 1957 826
6154 1977 826
6155 418 827
6156 553 827
6157 1900 827
6158 1920 827
6159 2600 827
6160 2654 827
6161 3104 827
6162 -8 828
6163 516 828
6164 529 828
6165 1859 828
6166 1870 828
6167 1882 828
6168 2546 828
6169 2554 828
6170 2577 828
6171 2608 828
6172 2631 828
6173 3123 828
6174 480 829
6175 492 829
6176 504 829
6177 1825 829
6178 1844 829
6179 2500 829
6180 2523 829
6181 1767 830
6182 1776 830
6183 1798 830
6184 2491 830
6185 2991 830
6186 3002 830
6187 418 831
6188 1725 831
6189 1751 831
6190 2405 831
6191 2421 831
6192 2436 831
6193 2468 831
6194 2927 831
6195 2945 831
6196 2965 831
6197 2967 831
6198 1678 832
6199 1695 832
6200 1709 832
6201 2390 832
6202 2445 832
6203 1633 833
6204 1648 833
6205 1664 833
6206 2380 833
6207 1595 834
6208 1602 834
6209 1618 834
6210 2257 834
6211 2313 834
6212 2328 834
6213 2342 834
6214 2358 834
6215 2677 834
6216 3166 834
6217 1524 835
6218 1556 835
6219 1572 835
6220 2234 835
6221 2267 835
6222 2289 835
6223 1474 836
6224 1491 836
6225 1507 836
6226 1538 836
6227 2201 836
6228 2211 836
6229 1197 837
6230 1441 837
6231 1457 837
6232 2179 837
6233 1408 838
6234 1425 838
6235 2124 838
6236 2135 838
6237 2147 838
6238 2156 838
6239 2881 838
6240 2911 838
6241 1359 839
6242 1374 839
6243 1391 839
6244 2037 839
6245 2070 839
6246 2092 839
6247 2102 839
6248 1325 840
6249 1342 840
6250 1992 840
6251 2015 840
6252 2047 840
6253 1293 841
6254 1309 841
6255 1976 841
6256 1196 842
6257 1233 842
6258 1271 842
6259 1940 842
6260 1952 842
6261 3078 842
6262 1885 843
6263 1904 843
6264 1916 843
6265 1193 844
6266 1837 844
6267 1852 844
6268 1867 844
6269 3111 844
6270 1775 845
6271 1791 845
6272 1806 845
6273 1821 845
6274 419 846
6275 1101 846
6276 1117 846
6277 1732 846
6278 1751 846
6279 1766 846
6280 1040 847
6281 1053 847
6282 1065 847
6283 1077 847
6284 1702 847
6285 1717 847
6286 1724 847
6287 3008 847
6288 992 848
6289 1005 848
6290 1017 848
6291 1029 848
6292 1667 848
6293 1687 848
6294 3131 848
6295 980 849
6296 1626 849
6297 1649 849
6298 2289 849
6299 939 850
6300 952 850
6301 963 850
6302 1593 850
6303 1610 850
6304 2267 850
6305 2468 850
6306 2491 850
6307 2555 850
6308 2578 850
6309 2632 850
6310 2654 850
6311 843 851
6312 855 851
6313 867 851
6314 891 851
6315 903 851
6316 916 851
6317 928 851
6318 1523 851
6319 1578 851
6320 2546 851
6321 2559 851
6322 2609 851
6323 816 852
6324 828 852
6325 1487 852
6326 1505 852
6327 1540 852
6328 2501 852
6329 2523 852
6330 18 853
6331 766 853
6332 779 853
6333 791 853
6334 803 853
6335 1432 853
6336 1450 853
6337 1468 853
6338 2436 853
6339 346 854
6340 1395 854
6341 1414 854
6342 2103 854
6343 2391 854
6344 2406 854
6345 2413 854
6346 2421 854
6347 2446 854
6348 2468 854
6349 3174 854
6350 690 855
6351 705 855
6352 1346 855
6353 1359 855
6354 1377 855
6355 1298 856
6356 1310 856
6357 1322 856
6358 2103 856
6359 2125 856
6360 2135 856
6361 2147 856
6362 2359 856
6363 2381 856
6364 2912 856
6365 1261 857
6366 1286 857
6367 2258 857
6368 2290 857
6369 2313 857
6370 2328 857
6371 2343 857
6372 2563 857
6373 2601 857
6374 2881 857
6375 554 858
6376 569 858
6377 1238 858
6378 2235 858
6379 2578 858
6380 2927 858
6381 517 859
6382 529 859
6383 1161 859
6384 1176 859
6385 1206 859
6386 2180 859
6387 2201 859
6388 3085 859
6389 373 860
6390 481 860
6391 493 860
6392 505 860
6393 1101 860
6394 2016 860
6395 2037 860
6396 2157 860
6397 -4 861
6398 380 861
6399 439 861
6400 1065 861
6401 1077 861
6402 2933 861
6403 2944 861
6404 2945 861
6405 369 862
6406 1029 862
6407 1041 862
6408 1117 862
6409 1160 862
6410 2016 862
6411 2037 862
6412 2070 862
6413 2093 862
6414 2684 862
6415 2961 862
6416 965 863
6417 992 863
6418 1004 863
6419 1016 863
6420 1992 863
6421 2048 863
6422 917 864
6423 929 864
6424 941 864
6425 980 864
6426 880 865
6427 892 865
6428 904 865
6429 2268 865
6430 2290 865
6431 2564 865
6432 2632 865
6433 2655 865
6434 2976 865
6435 843 866
6436 868 866
6437 2212 866
6438 2235 866
6439 2547 866
6440 2609 866
6441 2977 866
6442 390 867
6443 2180 867
6444 2501 867
6445 2524 867
6446 3120 867
6447 781 868
6448 793 868
6449 804 868
6450 829 868
6451 2147 868
6452 2157 868
6453 2437 868
6454 2492 868
6455 3068 868
6456 3139 868
6457 719 869
6458 731 869
6459 744 869
6460 756 869
6461 768 869
6462 2103 869
6463 2125 869
6464 2414 869
6465 2469 869
6466 3049 869
6467 668 870
6468 680 870
6469 692 870
6470 707 870
6471 2016 870
6472 2038 870
6473 2381 870
6474 2391 870
6475 362 871
6476 606 871
6477 619 871
6478 631 871
6479 643 871
6480 655 871
6481 2313 871
6482 2359 871
6483 403 872
6484 568 872
6485 581 872
6486 593 872
6487 1941 872
6488 1953 872
6489 1977 872
6490 2290 872
6491 2329 872
6492 2446 872
6493 2469 872
6494 541 873
6495 553 873
6496 1905 873
6497 1917 873
6498 2235 873
6499 2258 873
6500 2578 873
6501 2601 873
6502 2996 873
6503 3119 873
6504 3182 873
6505 517 874
6506 529 874
6507 1853 874
6508 1868 874
6509 1886 874
6510 2557 874
6511 2790 874
6512 2912 874
6513 467 875
6514 1792 875
6515 1807 875
6516 1822 875
6517 1837 875
6518 2882 875
6519 1751 876
6520 1767 876
6521 1776 876
6522 1977 876
6523 2690 876
6524 326 877
6525 1718 877
6526 1725 877
6527 1733 877
6528 1917 877
6529 1941 877
6530 1953 877
6531 2071 877
6532 2093 877
6533 3110 877
6534 356 878
6535 463 878
6536 1688 878
6537 1703 878
6538 1868 878
6539 1892 878
6540 1905 878
6541 1992 878
6542 2016 878
6543 2048 878
6544 2931 878
6545 1649 879
6546 1668 879
6547 1822 879
6548 1849 879
6549 2147 879
6550 2963 879
6551 1611 880
6552 1613 880
6553 1626 880
6554 1631 880
6555 1767 880
6556 1784 880
6557 1800 880
6558 1807 880
6559 2125 880
6560 2290 880
6561 2633 880
6562 2655 880
6563 2928 880
6564 3107 880
6565 1594 881
6566 1733 881
6567 1752 881
6568 2235 881
6569 2268 881
6570 2547 881
6571 2556 881
6572 2557 881
6573 2579 881
6574 2610 881
6575 3071 881
6576 3106 881
6577 417 882
6578 1688 882
6579 1718 882
6580 2202 882
6581 2212 882
6582 2501 882
6583 2524 882
6584 463 883
6585 1672 883
6586 2157 883
6587 2180 883
6588 1524 884
6589 1649 884
6590 2414 884
6591 2437 884
6592 3104 884
6593 349 885
6594 1360 885
6595 1469 885
6596 1487 885
6597 1506 885
6598 2071 885
6599 2391 885
6600 1310 886
6601 1323 886
6602 1347 886
6603 1433 886
6604 1451 886
6605 2048 886
6606 2360 886
6607 2382 886
6608 2984 886
6609 3027 886
6610 1262 887
6611 1286 887
6612 1299 887
6613 1378 887
6614 1396 887
6615 1414 887
6616 1579 887
6617 1594 887
6618 2329 887
6619 3147 887
6620 1251 888
6621 1360 888
6622 2259 888
6623 2579 888
6624 2602 888
6625 36 889
6626 2235 889
6627 1102 890
6628 1360 890
6629 3033 890
6630 3074 890
6631 3104 890
6632 1066 891
6633 1078 891
6634 1311 891
6635 1335 891
6636 1953 891
6637 1977 891
6638 2148 891
6639 2469 891
6640 2492 891
6641 1029 892
6642 1042 892
6643 1220 892
6644 1253 892
6645 1274 892
6646 2104 892
6647 2126 892
6648 2447 892
6649 2913 892
6650 3002 892
6651 993 893
6652 1005 893
6653 1017 893
6654 1181 893
6655 2071 893
6656 2093 893
6657 2882 893
6658 3190 893
6659 929 894
6660 941 894
6661 966 894
6662 981 894
6663 1222 894
6664 2016 894
6665 2038 894
6666 2049 894
6667 2314 894
6668 343 895
6669 393 895
6670 437 895
6671 880 895
6672 893 895
6673 905 895
6674 917 895
6675 1102 895
6676 1993 895
6677 2268 895
6678 2290 895
6679 2602 895
6680 2633 895
6681 2656 895
6682 844 896
6683 868 896
6684 1072 896
6685 1177 896
6686 2235 896
6687 2579 896
6688 2610 896
6689 2961 896
6690 1042 897
6691 1060 897
6692 2181 897
6693 2203 897
6694 2212 897
6695 2524 897
6696 2547 897
6697 2556 897
6698 2928 897
6699 793 898
6700 805 898
6701 829 898
6702 1005 898
6703 1017 898
6704 1030 898
6705 1181 898
6706 1188 898
6707 2158 898
6708 744 899
6709 756 899
6710 768 899
6711 781 899
6712 954 899
6713 966 899
6714 981 899
6715 993 899
6716 2415 899
6717 3108 899
6718 707 900
6719 719 900
6720 731 900
6721 905 900
6722 929 900
6723 942 900
6724 2071 900
6725 2392 900
6726 3043 900
6727 3109 900
6728 3126 900
6729 3132 900
6730 644 901
6731 656 901
6732 668 901
6733 680 901
6734 692 901
6735 868 901
6736 881 901
6737 893 901
6738 2049 901
6739 2382 901
6740 3022 901
6741 387 902
6742 401 902
6743 447 902
6744 594 902
6745 607 902
6746 619 902
6747 631 902
6748 844 902
6749 856 902
6750 2329 902
6751 2360 902
6752 3044 902
6753 569 903
6754 581 903
6755 793 903
6756 805 903
6757 818 903
6758 829 903
6759 2259 903
6760 3117 903
6761 449 904
6762 769 904
6763 781 904
6764 2236 904
6765 554 905
6766 707 905
6767 2502 905
6768 2525 905
6769 529 906
6770 542 906
6771 644 906
6772 656 906
6773 668 906
6774 692 906
6775 2148 906
6776 2438 906
6777 2470 906
6778 2492 906
6779 594 907
6780 619 907
6781 631 907
6782 1954 907
6783 1978 907
6784 2104 907
6785 2126 907
6786 2128 907
6787 2415 907
6788 3078 907
6789 3155 907
6790 569 908
6791 1906 908
6792 1917 908
6793 1941 908
6794 1954 908
6795 2071 908
6796 2094 908
6797 1868 909
6798 1892 909
6799 2016 909
6800 2038 909
6801 2049 909
6802 2470 909
6803 1823 910
6804 1850 910
6805 2268 910
6806 2291 910
6807 2314 910
6808 2447 910
6809 2633 910
6810 2656 910
6811 1752 911
6812 1768 911
6813 1785 911
6814 1800 911
6815 1808 911
6816 2236 911
6817 2579 911
6818 2611 911
6819 2882 911
6820 2913 911
6821 365 912
6822 1719 912
6823 1734 912
6824 2016 912
6825 2181 912
6826 2203 912
6827 2213 912
6828 2556 912
6829 2672 912
6830 1689 913
6831 1993 913
6832 2158 913
6833 2684 913
6834 3198 913
6835 367 914
6836 1650 914
6837 1673 914
6838 2127 914
6839 2963 914
6840 2974 914
6841 3051 914
6842 1614 915
6843 1632 915
6844 2072 915
6845 2382 915
6846 2928 915
6847 3035 915
6848 420 916
6849 1595 916
6850 2017 916
6851 2038 916
6852 2049 916
6853 2361 916
6854 1506 917
6855 1525 917
6856 1542 917
6857 2330 917
6858 3051 917
6859 1470 918
6860 1488 918
6861 2415 918
6862 2603 918
6863 2983 918
6864 1415 919
6865 1433 919
6866 1452 919
6867 2236 919
6868 2259 919
6869 2392 919
6870 2548 919
6871 2580 919
6872 363 920
6873 1360 920
6874 1379 920
6875 1397 920
6876 2181 920
6877 2502 920
6878 2525 920
6879 1336 921
6880 1979 921
6881 2126 921
6882 2159 921
6883 2990 921
6884 3086 921
6885 1274 922
6886 1311 922
6887 1930 922
6888 1942 922
6889 1955 922
6890 2104 922
6891 85 923
6892 320 923
6893 476 923
6894 1234 923
6895 1265 923
6896 1887 923
6897 1906 923
6898 2049 923
6899 2072 923
6900 429 924
6901 517 924
6902 1839 924
6903 1847 924
6904 1854 924
6905 1862 924
6906 1869 924
6907 3093 924
6908 1103 925
6909 1231 925
6910 1816 925
6911 1823 925
6912 1831 925
6913 2634 925
6914 2656 925
6915 1073 926
6916 1734 926
6917 1741 926
6918 1752 926
6919 1769 926
6920 1779 926
6921 1793 926
6922 2236 926
6923 2580 926
6924 2611 926
6925 3002 926
6926 3039 926
6927 385 927
6928 1043 927
6929 1061 927
6930 1189 927
6931 1696 927
6932 1711 927
6933 1718 927
6934 2204 927
6935 2213 927
6936 2557 927
6937 3005 927
6938 3143 927
6939 3163 927
6940 386 928
6941 1006 928
6942 1018 928
6943 1031 928
6944 1650 928
6945 1665 928
6946 1680 928
6947 2126 928
6948 2127 928
6949 2148 928
6950 2182 928
6951 2493 928
6952 967 929
6953 982 929
6954 994 929
6955 1613 929
6956 1631 929
6957 2094 929
6958 2104 929
6959 2159 929
6960 2438 929
6961 2447 929
6962 2470 929
6963 2913 929
6964 485 930
6965 930 930
6966 942 930
6967 955 930
6968 1594 930
6969 2039 930
6970 2050 930
6971 2072 930
6972 2361 930
6973 2383 930
6974 2415 930
6975 2883 930
6976 386 931
6977 881 931
6978 894 931
6979 906 931
6980 1507 931
6981 1525 931
6982 1993 931
6983 2017 931
6984 2126 931
6985 2330 931
6986 3075 931
6987 3112 931
6988 3117 931
6989 3131 931
6990 845 932
6991 857 932
6992 869 932
6993 1470 932
6994 1488 932
6995 1544 932
6996 708 933
6997 794 933
6998 805 933
6999 818 933
7000 830 933
7001 1434 933
7002 1452 933
7003 2603 933
7004 3054 933
7005 3206 933
7006 530 934
7007 769 934
7008 781 934
7009 1235 934
7010 1397 934
7011 1415 934
7012 2236 934
7013 2260 934
7014 2548 934
7015 2580 934
7016 2947 934
7017 2966 934
7018 3021 934
7019 745 935
7020 1168 935
7021 1192 935
7022 1361 935
7023 1379 935
7024 2502 935
7025 2525 935
7026 2929 935
7027 359 936
7028 693 936
7029 1239 936
7030 1333 936
7031 1541 936
7032 2127 936
7033 495 937
7034 631 937
7035 644 937
7036 656 937
7037 668 937
7038 2415 937
7039 358 938
7040 594 938
7041 620 938
7042 1271 938
7043 2392 938
7044 570 939
7045 1993 939
7046 2017 939
7047 2633 940
7048 2634 940
7049 2652 940
7050 2657 940
7051 2665 940
7052 2105 941
7053 2125 941
7054 2260 941
7055 2611 941
7056 555 942
7057 1093 942
7058 1105 942
7059 2105 942
7060 2182 942
7061 2204 942
7062 2213 942
7063 2237 942
7064 68 943
7065 541 943
7066 1032 943
7067 1057 943
7068 1069 943
7069 1080 943
7070 2127 943
7071 2149 943
7072 2159 943
7073 982 944
7074 1007 944
7075 1019 944
7076 2125 944
7077 349 945
7078 919 945
7079 931 945
7080 953 945
7081 967 945
7082 2072 945
7083 2095 945
7084 457 946
7085 870 946
7086 882 946
7087 894 946
7088 907 946
7089 1168 946
7090 2017 946
7091 2039 946
7092 2050 946
7093 352 947
7094 381 947
7095 846 947
7096 858 947
7097 1213 947
7098 2914 947
7099 3170 947
7100 830 948
7101 1190 948
7102 2603 948
7103 2883 948
7104 351 949
7105 805 949
7106 1120 949
7107 2580 949
7108 769 950
7109 1154 950
7110 2503 950
7111 2518 950
7112 2526 950
7113 2533 950
7114 2548 950
7115 2557 950
7116 662 951
7117 669 951
7118 694 951
7119 709 951
7120 745 951
7121 1994 951
7122 2017 951
7123 2471 951
7124 2494 951
7125 2503 951
7126 513 952
7127 608 952
7128 617 952
7129 626 952
7130 632 952
7131 1120 952
7132 1979 952
7133 2105 952
7134 2127 952
7135 2439 952
7136 2448 952
7137 466 953
7138 569 953
7139 1930 953
7140 1943 953
7141 1955 953
7142 2362 953
7143 2369 953
7144 2383 953
7145 2393 953
7146 2416 953
7147 3154 953
7148 1888 954
7149 1907 954
7150 2017 954
7151 2039 954
7152 2331 954
7153 2347 954
7154 2362 954
7155 363 955
7156 1847 955
7157 1855 955
7158 1863 955
7159 1870 955
7160 1595 956
7161 1614 956
7162 1617 956
7163 1817 956
7164 1824 956
7165 1832 956
7166 1839 956
7167 1979 956
7168 2260 956
7169 2347 956
7170 2362 956
7171 3040 956
7172 342 957
7173 1742 957
7174 1753 957
7175 1769 957
7176 1780 957
7177 1794 957
7178 1943 957
7179 1955 957
7180 2204 957
7181 2229 957
7182 2237 957
7183 2244 957
7184 2331 957
7185 1712 958
7186 1719 958
7187 1735 958
7188 1907 958
7189 1919 958
7190 2172 958
7191 2183 958
7192 2214 958
7193 339 959
7194 627 959
7195 634 959
7196 1681 959
7197 1697 959
7198 1855 959
7199 1863 959
7200 1870 959
7201 1882 959
7202 2127 959
7203 2149 959
7204 2160 959
7205 3054 959
7206 3175 959
7207 55 960
7208 1632 960
7209 1650 960
7210 1666 960
7211 1832 960
7212 2095 960
7213 3216 960
7214 372 961
7215 475 961
7216 1595 961
7217 1617 961
7218 1650 961
7219 1753 961
7220 1769 961
7221 1786 961
7222 2050 961
7223 2064 961
7224 2073 961
7225 2079 961
7226 3181 961
7227 358 962
7228 1712 962
7229 1727 962
7230 1994 962
7231 2017 962
7232 3056 962
7233 3132 962
7234 3151 962
7235 368 963
7236 370 963
7237 617 963
7238 1541 963
7239 1673 963
7240 1697 963
7241 3037 963
7242 3075 963
7243 3094 963
7244 3112 963
7245 334 964
7246 632 964
7247 1507 964
7248 1526 964
7249 1651 964
7250 1659 964
7251 2703 964
7252 2930 964
7253 3022 964
7254 569 965
7255 1471 965
7256 1489 965
7257 2913 965
7258 2985 965
7259 3003 965
7260 600 966
7261 669 966
7262 694 966
7263 1333 966
7264 1361 966
7265 1434 966
7266 1444 966
7267 1453 966
7268 2127 966
7269 2934 966
7270 2948 966
7271 2967 966
7272 1214 967
7273 1252 967
7274 1398 967
7275 1416 967
7276 2105 967
7277 2884 967
7278 2910 967
7279 1284 968
7280 1361 968
7281 1380 968
7282 2724 968
7283 2793 968
7284 1252 970
7285 2701 970
7286 2729 970
7287 1348 971
7288 2127 971
7289 2149 971
7290 2160 971
7291 2173 971
7292 1286 972
7293 2653 972
7294 1094 973
7295 1106 973
7296 2549 973
7297 2602 973
7298 2612 973
7299 2633 973
7300 63 974
7301 306 974
7302 446 974
7303 542 974
7304 1020 974
7305 1032 974
7306 1057 974
7307 1069 974
7308 1081 974
7309 2503 974
7310 2581 974
7311 494 975
7312 953 975
7313 968 975
7314 983 975
7315 1007 975
7316 2518 975
7317 2534 975
7318 2558 975
7319 883 976
7320 895 976
7321 907 976
7322 919 976
7323 932 976
7324 2471 976
7325 2493 976
7326 846 977
7327 859 977
7328 871 977
7329 2416 977
7330 2439 977
7331 2450 977
7332 831 978
7333 1069 978
7334 1081 978
7335 1106 978
7336 2362 978
7337 2370 978
7338 2384 978
7339 2393 978
7340 650 979
7341 806 979
7342 1007 979
7343 1020 979
7344 1033 979
7345 1045 979
7346 1200 979
7347 2332 979
7348 2347 979
7349 349 980
7350 548 980
7351 589 980
7352 661 980
7353 746 980
7354 770 980
7355 968 980
7356 983 980
7357 1121 980
7358 1192 980
7359 2315 980
7360 275 981
7361 341 981
7362 343 981
7363 663 981
7364 709 981
7365 883 981
7366 895 981
7367 908 981
7368 932 981
7369 2270 981
7370 346 982
7371 551 982
7372 670 982
7373 694 982
7374 846 982
7375 859 982
7376 871 982
7377 344 983
7378 345 983
7379 831 983
7380 1247 983
7381 2205 983
7382 2230 983
7383 2245 983
7384 2261 983
7385 657 984
7386 782 984
7387 794 984
7388 806 984
7389 1232 984
7390 2128 984
7391 2150 984
7392 2160 984
7393 2183 984
7394 2214 984
7395 3226 984
7396 326 985
7397 746 985
7398 758 985
7399 770 985
7400 2096 985
7401 2106 985
7402 3107 985
7403 3127 985
7404 3148 985
7405 3167 985
7406 335 986
7407 709 986
7408 719 986
7409 733 986
7410 2065 986
7411 2079 986
7412 215 987
7413 319 987
7414 350 987
7415 598 987
7416 661 987
7417 694 987
7418 1260 987
7419 1980 987
7420 2040 987
7421 2051 987
7422 3170 987
7423 3190 987
7424 1920 988
7425 1944 988
7426 1956 988
7427 1994 988
7428 3044 988
7429 3049 988
7430 3086 988
7431 3102 988
7432 560 989
7433 1883 989
7434 1908 989
7435 1920 989
7436 273 990
7437 1856 990
7438 1864 990
7439 1871 990
7440 3188 990
7441 267 991
7442 1833 991
7443 234 992
7444 1542 992
7445 1754 992
7446 1770 992
7447 1787 992
7448 1124 993
7449 1697 993
7450 1713 993
7451 1728 993
7452 2784 993
7453 338 994
7454 1659 994
7455 1674 994
7456 607 995
7457 1544 995
7458 1651 995
7459 2710 995
7460 2741 995
7461 304 996
7462 570 996
7463 1596 996
7464 2636 996
7465 2659 996
7466 2674 996
7467 2697 996
7468 3230 996
7469 193 997
7470 523 997
7471 535 997
7472 1527 997
7473 1550 997
7474 2613 997
7475 2636 997
7476 2714 997
7477 194 998
7478 1260 998
7479 1454 998
7480 1490 998
7481 2604 998
7482 101 999
7483 1417 999
7484 1435 999
7485 1444 999
7486 2550 999
7487 2559 999
7488 2582 999
7489 2738 999
7490 528 1000
7491 1380 1000
7492 1399 1000
7493 2504 1000
7494 2527 1000
7495 1258 1001
7496 1349 1001
7497 2450 1001
7498 2472 1001
7499 2495 1001
7500 2384 1002
7501 2418 1002
7502 2441 1002
7503 2636 1002
7504 2738 1002
7505 3089 1002
7506 1298 1003
7507 2362 1003
7508 2395 1003
7509 2613 1003
7510 532 1004
7511 533 1004
7512 579 1004
7513 2316 1004
7514 2330 1004
7515 1156 1005
7516 1201 1005
7517 2260 1005
7518 2271 1005
7519 2293 1005
7520 3088 1005
7521 2207 1006
7522 2216 1006
7523 2238 1006
7524 3177 1006
7525 1122 1007
7526 1150 1007
7527 2152 1007
7528 2161 1007
7529 2184 1007
7530 219 1008
7531 1106 1008
7532 2106 1008
7533 2129 1008
7534 625 1009
7535 1046 1009
7536 1070 1009
7537 1082 1009
7538 2097 1009
7539 3082 1009
7540 3102 1009
7541 984 1010
7542 1008 1010
7543 1021 1010
7544 1033 1010
7545 2042 1010
7546 2051 1010
7547 2074 1010
7548 3049 1010
7549 3104 1010
7550 3128 1010
7551 3195 1010
7552 252 1011
7553 265 1011
7554 542 1011
7555 932 1011
7556 969 1011
7557 1981 1011
7558 1996 1011
7559 2674 1011
7560 2697 1011
7561 3080 1011
7562 871 1012
7563 883 1012
7564 896 1012
7565 908 1012
7566 1939 1012
7567 1947 1012
7568 807 1013
7569 831 1013
7570 847 1013
7571 859 1013
7572 1901 1013
7573 2605 1013
7574 3237 1013
7575 592 1014
7576 771 1014
7577 783 1014
7578 795 1014
7579 1870 1014
7580 1886 1014
7581 2582 1014
7582 3078 1014
7583 734 1015
7584 747 1015
7585 759 1015
7586 1840 1015
7587 2505 1015
7588 2527 1015
7589 710 1016
7590 720 1016
7591 1754 1016
7592 1802 1016
7593 1817 1016
7594 1825 1016
7595 2473 1016
7596 2495 1016
7597 2723 1016
7598 1770 1017
7599 246 1018
7600 552 1018
7601 694 1018
7602 1706 1018
7603 2362 1018
7604 3149 1018
7605 638 1019
7606 657 1019
7607 1652 1019
7608 2316 1019
7609 2331 1019
7610 3147 1019
7611 1601 1020
7612 2260 1020
7613 2293 1020
7614 1575 1021
7615 2216 1021
7616 2238 1021
7617 2271 1021
7618 2582 1021
7619 1527 1022
7620 1543 1022
7621 2184 1022
7622 2207 1022
7623 2559 1022
7624 1459 1023
7625 1466 1023
7626 2129 1023
7627 2152 1023
7628 2161 1023
7629 3106 1023
7630 3135 1023
7631 408 1024
7632 1406 1024
7633 1421 1024
7634 1436 1024
7635 2097 1024
7636 2441 1024
7637 2450 1024
7638 2473 1024
7639 407 1025
7640 562 1025
7641 606 1025
7642 1360 1025
7643 1383 1025
7644 2051 1025
7645 2074 1025
7646 2395 1025
7647 2396 1025
7648 2418 1025
7649 3079 1025
7650 3183 1025
7651 402 1026
7652 1244 1026
7653 1308 1026
7654 1345 1026
7655 2698 1026
7656 3079 1026
7657 515 1027
7658 1220 1027
7659 1274 1027
7660 2614 1027
7661 2637 1027
7662 2659 1027
7663 2675 1027
7664 3103 1027
7665 3202 1027
7666 180 1028
7667 1195 1028
7668 1258 1028
7669 3050 1028
7670 180 1029
7671 517 1029
7672 1171 1029
7673 2582 1029
7674 2605 1029
7675 2698 1029
7676 3044 1029
7677 3183 1029
7678 1146 1030
7679 1159 1030
7680 2528 1030
7681 2550 1030
7682 3082 1030
7683 3101 1030
7684 3244 1030
7685 408 1031
7686 1122 1031
7687 1134 1031
7688 2473 1031
7689 2496 1031
7690 2505 1031
7691 152 1032
7692 523 1033
7693 1106 1033
7694 2385 1033
7695 3088 1033
7696 984 1034
7697 996 1034
7698 1033 1034
7699 1045 1034
7700 1069 1034
7701 1075 1034
7702 1088 1034
7703 1094 1034
7704 2363 1034
7705 2732 1034
7706 922 1035
7707 934 1035
7708 947 1035
7709 972 1035
7710 2271 1035
7711 2293 1035
7712 2316 1035
7713 2331 1035
7714 575 1036
7715 872 1036
7716 897 1036
7717 2238 1036
7718 2261 1036
7719 389 1037
7720 847 1037
7721 2184 1037
7722 2207 1037
7723 2217 1037
7724 3125 1037
7725 530 1038
7726 2129 1038
7727 2152 1038
7728 2161 1038
7729 194 1039
7730 833 1039
7731 2097 1039
7732 2450 1039
7733 2473 1039
7734 711 1040
7735 722 1040
7736 734 1040
7737 748 1040
7738 760 1040
7739 772 1040
7740 784 1040
7741 797 1040
7742 809 1040
7743 821 1040
7744 2051 1040
7745 2074 1040
7746 2396 1040
7747 2419 1040
7748 3050 1040
7749 1997 1041
7750 2042 1041
7751 3162 1041
7752 2614 1042
7753 2637 1042
7754 2660 1042
7755 2713 1042
7756 176 1043
7757 630 1043
7758 671 1043
7759 695 1043
7760 2637 1043
7761 2698 1043
7762 502 1044
7763 2583 1044
7764 3209 1044
7765 2528 1045
7766 2551 1045
7767 2560 1045
7768 504 1046
7769 542 1046
7770 590 1046
7771 2129 1046
7772 2473 1046
7773 2496 1046
7774 2505 1046
7775 3250 1046
7776 225 1047
7777 2106 1047
7778 2441 1047
7779 3118 1047
7780 3184 1047
7781 711 1048
7782 722 1048
7783 2419 1048
7784 2363 1049
7785 2675 1049
7786 2698 1049
7787 3191 1049
7788 2317 1050
7789 2332 1050
7790 2261 1051
7791 2272 1051
7792 2294 1051
7793 2606 1051
7794 186 1052
7795 2208 1052
7796 2217 1052
7797 2239 1052
7798 2386 1052
7799 2583 1052
7800 1982 1053
7801 2153 1053
7802 2162 1053
7803 2185 1053
7804 2363 1053
7805 1940 1054
7806 1948 1054
7807 2130 1054
7808 2451 1054
7809 2473 1054
7810 516 1055
7811 555 1055
7812 1887 1055
7813 1902 1055
7814 2075 1055
7815 2098 1055
7816 2419 1055
7817 3147 1055
7818 1320 1056
7819 1345 1056
7820 1872 1056
7821 2052 1056
7822 2396 1056
7823 2743 1056
7824 3168 1056
7825 495 1057
7826 1819 1057
7827 1826 1057
7828 1841 1057
7829 2614 1057
7830 2637 1057
7831 2660 1057
7832 1245 1058
7833 1286 1058
7834 1756 1058
7835 1803 1058
7836 1982 1058
7837 2637 1058
7838 1221 1059
7839 1707 1059
7840 1771 1059
7841 1902 1059
7842 1917 1059
7843 1932 1059
7844 1948 1059
7845 1956 1059
7846 1172 1060
7847 1196 1060
7848 1259 1060
7849 1653 1060
7850 1887 1060
7851 2528 1060
7852 2551 1060
7853 1147 1061
7854 1160 1061
7855 1460 1061
7856 1841 1061
7857 1864 1061
7858 2130 1061
7859 2496 1061
7860 2506 1061
7861 3216 1061
7862 616 1062
7863 1122 1062
7864 1135 1062
7865 1576 1062
7866 1602 1062
7867 1756 1062
7868 1796 1062
7869 1819 1062
7870 2107 1062
7871 2261 1062
7872 2442 1062
7873 2474 1062
7874 3081 1062
7875 3082 1062
7876 3107 1062
7877 3161 1062
7878 695 1063
7879 1544 1063
7880 1722 1063
7881 1737 1063
7882 1771 1063
7883 2239 1063
7884 2419 1063
7885 3050 1063
7886 3257 1063
7887 528 1064
7888 567 1064
7889 1095 1064
7890 1106 1064
7891 1676 1064
7892 1691 1064
7893 2363 1064
7894 2698 1064
7895 2741 1064
7896 -9 1065
7897 10 1065
7898 1034 1065
7899 1046 1065
7900 1070 1065
7901 1076 1065
7902 1089 1065
7903 1175 1065
7904 1183 1065
7905 1195 1065
7906 1244 1065
7907 1437 1065
7908 1457 1065
7909 1467 1065
7910 1653 1065
7911 2294 1065
7912 2317 1065
7913 2332 1065
7914 2675 1065
7915 210 1066
7916 935 1066
7917 948 1066
7918 973 1066
7919 986 1066
7920 998 1066
7921 1384 1066
7922 1406 1066
7923 1422 1066
7924 1592 1066
7925 1607 1066
7926 2261 1066
7927 2606 1066
7928 873 1067
7929 898 1067
7930 923 1067
7931 1120 1067
7932 1346 1067
7933 1361 1067
7934 1561 1067
7935 1577 1067
7936 2208 1067
7937 2217 1067
7938 2239 1067
7939 2560 1067
7940 2583 1067
7941 848 1068
7942 1325 1068
7943 1544 1068
7944 2162 1068
7945 2185 1068
7946 2731 1068
7947 2732 1068
7948 2900 1068
7949 1467 1069
7950 2851 1069
7951 26 1070
7952 727 1070
7953 785 1070
7954 797 1070
7955 809 1070
7956 821 1070
7957 834 1070
7958 1437 1070
7959 1452 1070
7960 2075 1070
7961 2098 1070
7962 514 1071
7963 735 1071
7964 749 1071
7965 761 1071
7966 773 1071
7967 911 1071
7968 935 1071
7969 972 1071
7970 1407 1071
7971 2052 1071
7972 2363 1071
7973 2386 1071
7974 -24 1072
7975 848 1072
7976 898 1072
7977 2637 1072
7978 2660 1072
7979 3135 1072
7980 711 1073
7981 727 1073
7982 1326 1073
7983 2615 1073
7984 2637 1073
7985 3134 1073
7986 810 1074
7987 2726 1074
7988 3201 1074
7989 206 1075
7990 727 1075
7991 761 1075
7992 795 1075
7993 834 1075
7994 2551 1075
7995 2725 1075
7996 1111 1076
7997 2419 1076
7998 2497 1076
7999 2506 1076
8000 2529 1076
8001 3150 1076
8002 586 1077
8003 986 1077
8004 2107 1077
8005 2130 1077
8006 2396 1077
8007 2442 1077
8008 2451 1077
8009 2474 1077
8010 468 1078
8011 2419 1078
8012 3222 1078
8013 1982 1079
8014 2364 1079
8015 2699 1079
8016 -36 1080
8017 678 1080
8018 1956 1080
8019 2318 1080
8020 2332 1080
8021 2676 1080
8022 3181 1080
8023 593 1081
8024 1122 1081
8025 2272 1081
8026 2295 1081
8027 -42 1082
8028 475 1082
8029 553 1082
8030 2218 1082
8031 2239 1082
8032 2583 1082
8033 2606 1082
8034 3264 1082
8035 474 1083
8036 475 1083
8037 2185 1083
8038 2208 1083
8039 2561 1083
8040 1297 1084
8041 2162 1084
8042 2726 1084
8043 473 1085
8044 532 1085
8045 599 1085
8046 2098 1085
8047 2206 1085
8048 1260 1086
8049 2043 1086
8050 2052 1086
8051 2053 1086
8052 2075 1086
8053 3083 1086
8054 1997 1087
8055 2638 1087
8056 3051 1087
8057 3145 1087
8058 1196 1088
8059 2615 1088
8060 2638 1088
8061 2661 1088
8062 2901 1088
8063 499 1089
8064 1176 1089
8065 1184 1089
8066 2752 1089
8067 2758 1089
8068 2851 1089
8069 3145 1089
8070 2552 1090
8071 2729 1090
8072 2153 1091
8073 2497 1091
8074 2506 1091
8075 2529 1091
8076 295 1092
8077 2107 1092
8078 2130 1092
8079 2198 1092
8080 2451 1092
8081 2474 1092
8082 2386 1093
8083 2735 1093
8084 2744 1093
8085 696 1094
8086 2037 1094
8087 2364 1094
8088 2735 1094
8089 667 1095
8090 2058 1095
8091 2318 1095
8092 571 1096
8093 2273 1096
8094 2295 1096
8095 3229 1096
8096 2240 1097
8097 2262 1097
8098 2584 1097
8099 2606 1097
8100 3175 1097
8101 291 1098
8102 2186 1098
8103 2561 1098
8104 2699 1098
8105 2163 1099
8106 2420 1099
8107 3210 1099
8108 499 1100
8109 1982 1100
8110 2058 1100
8111 2098 1100
8112 2397 1100
8113 578 1101
8114 936 1101
8115 973 1101
8116 1919 1101
8117 1934 1101
8118 1949 1101
8119 1957 1101
8120 2076 1101
8121 2199 1101
8122 2240 1101
8123 2787 1101
8124 849 1102
8125 899 1102
8126 911 1102
8127 1303 1102
8128 1888 1102
8129 1903 1102
8130 2218 1102
8131 2443 1102
8132 2765 1102
8133 3273 1102
8134 518 1103
8135 1196 1103
8136 1244 1103
8137 1256 1103
8138 1842 1103
8139 1866 1103
8140 2039 1103
8141 2215 1103
8142 2420 1103
8143 2615 1103
8144 2638 1103
8145 2661 1103
8146 238 1104
8147 835 1104
8148 1773 1104
8149 1820 1104
8150 475 1105
8151 486 1105
8152 584 1105
8153 695 1105
8154 1738 1105
8155 1757 1105
8156 1797 1105
8157 2212 1105
8158 2552 1105
8159 2730 1105
8160 561 1106
8161 823 1106
8162 1693 1106
8163 1723 1106
8164 2054 1106
8165 2204 1106
8166 2506 1106
8167 2529 1106
8168 3140 1106
8169 -62 1107
8170 685 1107
8171 692 1107
8172 1654 1107
8173 1677 1107
8174 2131 1107
8175 2153 1107
8176 2154 1107
8177 1608 1108
8178 2044 1108
8179 2108 1108
8180 1562 1109
8181 1578 1109
8182 1593 1109
8183 2364 1109
8184 2387 1109
8185 2705 1109
8186 3142 1109
8187 3182 1109
8188 3214 1109
8189 469 1110
8190 636 1110
8191 761 1110
8192 1529 1110
8193 1545 1110
8194 2151 1110
8195 2318 1110
8196 2333 1110
8197 2676 1110
8198 2699 1110
8199 3149 1110
8200 3233 1110
8201 65 1111
8202 281 1111
8203 561 1111
8204 592 1111
8205 1453 1111
8206 1468 1111
8207 2273 1111
8208 2295 1111
8209 494 1112
8210 519 1112
8211 796 1112
8212 810 1112
8213 1408 1112
8214 1438 1112
8215 2108 1112
8216 2162 1112
8217 2240 1112
8218 2263 1112
8219 2584 1112
8220 2607 1112
8221 3152 1112
8222 499 1113
8223 767 1113
8224 810 1113
8225 2561 1113
8226 3182 1113
8227 1343 1114
8228 2497 1114
8229 2771 1114
8230 971 1115
8231 2452 1115
8232 2475 1115
8233 941 1116
8234 2737 1116
8235 327 1117
8236 886 1117
8237 896 1117
8238 911 1117
8239 917 1117
8240 842 1118
8241 1983 1118
8242 2100 1118
8243 2616 1118
8244 2638 1118
8245 2661 1118
8246 828 1119
8247 1929 1119
8248 1938 1119
8249 1960 1119
8250 2638 1119
8251 2771 1119
8252 3155 1119
8253 1851 1120
8254 1874 1120
8255 1905 1120
8256 2131 1120
8257 2137 1120
8258 2156 1120
8259 3156 1120
8260 444 1121
8261 454 1121
8262 468 1121
8263 1828 1121
8264 1883 1121
8265 2319 1121
8266 2507 1121
8267 2530 1121
8268 2552 1121
8269 3119 1121
8270 1667 1122
8271 1819 1122
8272 2102 1122
8273 2273 1122
8274 650 1123
8275 1642 1123
8276 1742 1123
8277 1761 1123
8278 1773 1123
8279 1796 1123
8280 2099 1123
8281 2166 1123
8282 621 1124
8283 1581 1124
8284 1593 1124
8285 1618 1124
8286 1704 1124
8287 1719 1124
8288 2076 1124
8289 2105 1124
8290 2210 1124
8291 2365 1124
8292 2387 1124
8293 560 1125
8294 576 1125
8295 658 1125
8296 1139 1125
8297 1568 1125
8298 2160 1125
8299 2333 1125
8300 2677 1125
8301 2700 1125
8302 3091 1125
8303 269 1126
8304 515 1126
8305 530 1126
8306 712 1126
8307 735 1126
8308 1505 1126
8309 1517 1126
8310 1530 1126
8311 1545 1126
8312 2158 1126
8313 3084 1126
8314 3234 1126
8315 3282 1126
8316 469 1127
8317 484 1127
8318 491 1127
8319 499 1127
8320 795 1127
8321 798 1127
8322 817 1127
8323 1443 1127
8324 1456 1127
8325 1468 1127
8326 1480 1127
8327 1493 1127
8328 2076 1127
8329 2102 1127
8330 2240 1127
8331 2263 1127
8332 2584 1127
8333 2607 1127
8334 1395 1128
8335 1412 1128
8336 1432 1128
8337 2052 1128
8338 2103 1128
8339 2219 1128
8340 2420 1128
8341 2443 1128
8342 2562 1128
8343 1349 1129
8344 1371 1129
8345 2398 1129
8346 3184 1129
8347 2106 1130
8348 2138 1130
8349 3216 1130
8350 667 1131
8351 814 1131
8352 1237 1131
8353 1244 1131
8354 2133 1131
8355 2746 1131
8356 3155 1131
8357 3215 1132
8358 746 1133
8359 1983 1133
8360 2153 1133
8361 2639 1133
8362 2662 1133
8363 3152 1133
8364 1960 1134
8365 2616 1134
8366 2639 1134
8367 3152 1134
8368 313 1135
8369 815 1135
8370 1938 1135
8371 2210 1135
8372 2584 1135
8373 2700 1135
8374 2774 1135
8375 1851 1136
8376 1884 1136
8377 1906 1136
8378 2045 1136
8379 2163 1136
8380 2186 1136
8381 2530 1136
8382 2553 1136
8383 3063 1136
8384 432 1137
8385 1828 1137
8386 2443 1137
8387 2475 1137
8388 2498 1137
8389 2507 1137
8390 2782 1137
8391 3139 1137
8392 866 1138
8393 1796 1138
8394 2098 1138
8395 2108 1138
8396 2397 1138
8397 2420 1138
8398 2452 1138
8399 843 1139
8400 851 1139
8401 912 1139
8402 919 1139
8403 942 1139
8404 1773 1139
8405 2053 1139
8406 2076 1139
8407 2387 1139
8408 2734 1139
8409 3136 1139
8410 882 1140
8411 887 1140
8412 897 1140
8413 2334 1140
8414 2365 1140
8415 2700 1140
8416 2677 1141
8417 2763 1141
8418 3052 1141
8419 432 1142
8420 2241 1142
8421 2263 1142
8422 2586 1142
8423 2609 1142
8424 3288 1142
8425 1875 1143
8426 2219 1143
8427 2563 1143
8428 3214 1143
8429 3232 1143
8430 1852 1144
8431 2044 1144
8432 651 1145
8433 659 1145
8434 668 1145
8435 1999 1145
8436 2021 1145
8437 3179 1145
8438 304 1146
8439 622 1146
8440 636 1146
8441 773 1146
8442 576 1147
8443 599 1147
8444 607 1147
8445 1720 1147
8446 1742 1147
8447 3119 1147
8448 780 1148
8449 2639 1148
8450 2747 1148
8451 1961 1149
8452 2099 1149
8453 2616 1149
8454 2639 1149
8455 2662 1149
8456 2727 1149
8457 3269 1149
8458 454 1150
8459 469 1150
8460 1244 1150
8461 1929 1150
8462 1938 1150
8463 2053 1150
8464 2076 1150
8465 2210 1150
8466 3137 1150
8467 432 1151
8468 698 1151
8469 1852 1151
8470 1884 1151
8471 1906 1151
8472 2187 1151
8473 2508 1151
8474 2531 1151
8475 2554 1151
8476 3100 1151
8477 852 1152
8478 1704 1152
8479 1829 1152
8480 2045 1152
8481 2164 1152
8482 2725 1152
8483 2743 1152
8484 3101 1152
8485 1643 1153
8486 1668 1153
8487 1762 1153
8488 1797 1153
8489 2022 1153
8490 3089 1153
8491 3105 1153
8492 1594 1154
8493 1618 1154
8494 1742 1154
8495 1774 1154
8496 2366 1154
8497 2388 1154
8498 3173 1154
8499 1568 1155
8500 1582 1155
8501 2700 1155
8502 3086 1155
8503 1530 1156
8504 1545 1156
8505 2334 1156
8506 2677 1156
8507 3084 1156
8508 802 1157
8509 1469 1157
8510 1481 1157
8511 1493 1157
8512 1506 1157
8513 1518 1157
8514 1704 1157
8515 1961 1157
8516 2264 1157
8517 2273 1157
8518 3230 1157
8519 3294 1157
8520 1413 1158
8521 1432 1158
8522 1444 1158
8523 1456 1158
8524 1643 1158
8525 1656 1158
8526 1668 1158
8527 1939 1158
8528 2241 1158
8529 2563 1158
8530 2586 1158
8531 1362 1159
8532 1371 1159
8533 1396 1159
8534 1594 1159
8535 1606 1159
8536 1618 1159
8537 1631 1159
8538 1852 1159
8539 1875 1159
8540 2499 1159
8541 3208 1159
8542 973 1160
8543 1557 1160
8544 1568 1160
8545 1582 1160
8546 1829 1160
8547 1929 1160
8548 2476 1160
8549 3082 1160
8550 3169 1160
8551 920 1161
8552 943 1161
8553 1518 1161
8554 1530 1161
8555 1545 1161
8556 1906 1161
8557 1961 1161
8558 1984 1161
8559 2076 1161
8560 2099 1161
8561 2398 1161
8562 2421 1161
8563 2794 1161
8564 1469 1162
8565 1481 1162
8566 1493 1162
8567 1720 1162
8568 1742 1162
8569 2045 1162
8570 2054 1162
8571 909 1163
8572 1304 1163
8573 1408 1163
8574 1420 1163
8575 1432 1163
8576 1444 1163
8577 1456 1163
8578 1999 1163
8579 2022 1163
8580 2639 1163
8581 3122 1163
8582 1265 1164
8583 1364 1164
8584 1961 1164
8585 2617 1164
8586 2639 1164
8587 2662 1164
8588 2700 1164
8589 2723 1164
8590 2738 1164
8591 1939 1165
8592 2586 1165
8593 2609 1165
8594 774 1166
8595 2210 1166
8596 2531 1166
8597 2554 1166
8598 3128 1166
8599 901 1167
8600 2132 1167
8601 2165 1167
8602 2187 1167
8603 2476 1167
8604 3052 1167
8605 3082 1167
8606 3111 1167
8607 668 1168
8608 699 1168
8609 799 1168
8610 822 1168
8611 1328 1168
8612 1797 1168
8613 1820 1168
8614 2110 1168
8615 2421 1168
8616 2444 1168
8617 2453 1168
8618 3225 1168
8619 637 1169
8620 652 1169
8621 660 1169
8622 778 1169
8623 781 1169
8624 1720 1169
8625 1742 1169
8626 1774 1169
8627 2777 1169
8628 3082 1169
8629 3252 1169
8630 16 1170
8631 561 1170
8632 600 1170
8633 607 1170
8634 622 1170
8635 883 1170
8636 3108 1170
8637 3222 1170
8638 501 1171
8639 516 1171
8640 531 1171
8641 577 1171
8642 2678 1171
8643 2701 1171
8644 3148 1171
8645 3254 1171
8646 470 1172
8647 485 1172
8648 492 1172
8649 1961 1172
8650 432 1173
8651 1930 1173
8652 1939 1173
8653 2220 1173
8654 2242 1173
8655 2563 1173
8656 2586 1173
8657 3199 1173
8658 3239 1173
8659 1852 1174
8660 1875 1174
8661 1884 1174
8662 1907 1174
8663 2335 1174
8664 2366 1174
8665 2766 1174
8666 894 1175
8667 1829 1175
8668 3086 1175
8669 425 1176
8670 433 1176
8671 2100 1176
8672 3088 1176
8673 3102 1176
8674 2044 1177
8675 2056 1177
8676 2078 1177
8677 1999 1178
8678 2022 1178
8679 2155 1178
8680 2508 1178
8681 2531 1178
8682 2802 1178
8683 3091 1178
8684 3095 1178
8685 9 1179
8686 914 1179
8687 942 1179
8688 988 1179
8689 2132 1179
8690 2269 1179
8691 2274 1179
8692 2296 1179
8693 2617 1179
8694 2640 1179
8695 2663 1179
8696 3262 1179
8697 1329 1180
8698 3303 1180
8699 2210 1181
8700 2366 1181
8701 2389 1181
8702 2554 1181
8703 2738 1181
8704 2768 1181
8705 3264 1181
8706 909 1182
8707 2133 1182
8708 2155 1182
8709 2166 1182
8710 2188 1182
8711 2476 1182
8712 2499 1182
8713 2531 1182
8714 1820 1183
8715 2421 1183
8716 2444 1183
8717 2453 1183
8718 3214 1183
8719 1774 1184
8720 1797 1184
8721 2398 1184
8722 3187 1184
8723 714 1185
8724 745 1185
8725 749 1185
8726 1962 1185
8727 1985 1185
8728 2443 1185
8729 2723 1185
8730 3186 1185
8731 3253 1185
8732 660 1186
8733 668 1186
8734 684 1186
8735 699 1186
8736 2297 1186
8737 2320 1186
8738 2701 1186
8739 630 1187
8740 645 1187
8741 1704 1187
8742 1961 1187
8743 1962 1187
8744 2265 1187
8745 2270 1187
8746 2274 1187
8747 562 1188
8748 577 1188
8749 607 1188
8750 909 1188
8751 1656 1188
8752 1668 1188
8753 1930 1188
8754 1939 1188
8755 2023 1188
8756 2045 1188
8757 2220 1188
8758 2242 1188
8759 2586 1188
8760 2609 1188
8761 517 1189
8762 531 1189
8763 547 1189
8764 1619 1189
8765 1631 1189
8766 1644 1189
8767 1852 1189
8768 1876 1189
8769 1907 1189
8770 2000 1189
8771 2270 1189
8772 2563 1189
8773 501 1190
8774 509 1190
8775 1569 1190
8776 1583 1190
8777 1595 1190
8778 1607 1190
8779 1830 1190
8780 2133 1190
8781 2274 1190
8782 2297 1190
8783 2438 1190
8784 3142 1190
8785 440 1191
8786 456 1191
8787 1546 1191
8788 1558 1191
8789 1721 1191
8790 1743 1191
8791 2100 1191
8792 2110 1191
8793 425 1192
8794 760 1192
8795 1481 1192
8796 1494 1192
8797 1519 1192
8798 1531 1192
8799 2056 1192
8800 2078 1192
8801 2772 1192
8802 1420 1193
8803 1433 1193
8804 1444 1193
8805 1457 1193
8806 1469 1193
8807 2335 1193
8808 2366 1193
8809 3270 1193
8810 1153 1194
8811 1335 1194
8812 1376 1194
8813 1408 1194
8814 2617 1194
8815 2640 1194
8816 2663 1194
8817 3160 1194
8818 3202 1194
8819 3271 1194
8820 2640 1195
8821 2810 1195
8822 -5 1196
8823 1907 1196
8824 2210 1196
8825 2554 1196
8826 3167 1196
8827 768 1197
8828 1885 1197
8829 2155 1197
8830 2188 1197
8831 2265 1197
8832 2499 1197
8833 2531 1197
8834 2774 1197
8835 3310 1197
8836 1763 1198
8837 2133 1198
8838 2166 1198
8839 2221 1198
8840 2243 1198
8841 2476 1198
8842 2739 1198
8843 608 1199
8844 1743 1199
8845 2398 1199
8846 2421 1199
8847 2438 1199
8848 577 1200
8849 2458 1200
8850 3235 1200
8851 2320 1201
8852 2678 1201
8853 2701 1201
8854 989 1202
8855 1168 1202
8856 2275 1202
8857 2297 1202
8858 3122 1202
8859 3148 1202
8860 146 1203
8861 776 1203
8862 1668 1203
8863 1683 1203
8864 1930 1203
8865 2587 1203
8866 2610 1203
8867 1152 1204
8868 1632 1204
8869 1644 1204
8870 1656 1204
8871 1705 1204
8872 1876 1204
8873 1907 1204
8874 2532 1204
8875 2564 1204
8876 3188 1204
8877 1337 1205
8878 1583 1205
8879 1595 1205
8880 1619 1205
8881 1830 1205
8882 1852 1205
8883 2453 1205
8884 2509 1205
8885 355 1206
8886 380 1206
8887 1532 1206
8888 1546 1206
8889 1559 1206
8890 2367 1206
8891 2389 1206
8892 2443 1206
8893 2785 1206
8894 382 1207
8895 1335 1207
8896 1486 1207
8897 1507 1207
8898 1519 1207
8899 1721 1207
8900 1743 1207
8901 1775 1207
8902 1798 1207
8903 2078 1207
8904 699 1208
8905 784 1208
8906 883 1208
8907 1440 1208
8908 1458 1208
8909 1470 1208
8910 2023 1208
8911 2045 1208
8912 2056 1208
8913 2724 1208
8914 3087 1208
8915 3094 1208
8916 661 1209
8917 669 1209
8918 676 1209
8919 684 1209
8920 1320 1209
8921 1330 1209
8922 1332 1209
8923 1421 1209
8924 1985 1209
8925 2000 1209
8926 2701 1209
8927 2778 1209
8928 3053 1209
8929 3109 1209
8930 3146 1209
8931 608 1210
8932 631 1210
8933 646 1210
8934 1383 1210
8935 1962 1210
8936 2839 1210
8937 3053 1210
8938 3263 1210
8939 563 1211
8940 577 1211
8941 944 1211
8942 1940 1211
8943 3277 1211
8944 517 1212
8945 524 1212
8946 532 1212
8947 547 1212
8948 1319 1212
8949 2189 1212
8950 2211 1212
8951 2532 1212
8952 2555 1212
8953 3113 1212
8954 3171 1212
8955 502 1213
8956 509 1213
8957 1148 1213
8958 2111 1213
8959 2133 1213
8960 2166 1213
8961 2477 1213
8962 2500 1213
8963 456 1214
8964 1180 1214
8965 1798 1214
8966 1821 1214
8967 2101 1214
8968 2335 1214
8969 2367 1214
8970 2399 1214
8971 2422 1214
8972 2777 1214
8973 2819 1214
8974 3317 1214
8975 441 1215
8976 1308 1215
8977 2079 1215
8978 2739 1215
8979 3164 1215
8980 3229 1215
8981 372 1216
8982 2320 1216
8983 1721 1217
8984 2275 1217
8985 2297 1217
8986 2618 1217
8987 2640 1217
8988 2641 1217
8989 2663 1217
8990 1053 1218
8991 1281 1218
8992 1341 1218
8993 2610 1218
8994 2819 1218
8995 3135 1218
8996 120 1219
8997 1139 1219
8998 1908 1219
8999 1931 1219
9000 2243 1219
9001 2266 1219
9002 2564 1219
9003 2587 1219
9004 3222 1219
9005 3234 1219
9006 1134 1220
9007 1830 1220
9008 1853 1220
9009 1876 1220
9010 1885 1220
9011 2156 1220
9012 2500 1220
9013 2509 1220
9014 2532 1220
9015 1192 1221
9016 2134 1221
9017 2477 1221
9018 2816 1221
9019 1775 1222
9020 1798 1222
9021 2079 1222
9022 371 1223
9023 524 1223
9024 526 1223
9025 906 1223
9026 2023 1223
9027 2046 1223
9028 2057 1223
9029 2367 1223
9030 2389 1223
9031 907 1224
9032 2001 1224
9033 2809 1224
9034 3152 1224
9035 -29 1225
9036 1002 1225
9037 1963 1225
9038 1986 1225
9039 2243 1225
9040 2641 1225
9041 2664 1225
9042 3130 1225
9043 1940 1226
9044 2221 1226
9045 3209 1226
9046 1356 1227
9047 2189 1227
9048 2211 1227
9049 2532 1227
9050 2555 1227
9051 2724 1227
9052 2806 1227
9053 3269 1227
9054 526 1228
9055 2167 1228
9056 2702 1228
9057 2805 1228
9058 3282 1228
9059 870 1229
9060 1763 1229
9061 2422 1229
9062 3203 1229
9063 746 1230
9064 761 1230
9065 769 1230
9066 776 1230
9067 784 1230
9068 1726 1230
9069 1743 1230
9070 2399 1230
9071 700 1231
9072 715 1231
9073 1150 1231
9074 2702 1231
9075 2775 1231
9076 2803 1231
9077 662 1232
9078 677 1232
9079 685 1232
9080 989 1232
9081 1073 1232
9082 2275 1232
9083 2297 1232
9084 2320 1232
9085 2618 1232
9086 2641 1232
9087 2679 1232
9088 2740 1232
9089 631 1233
9090 983 1233
9091 1222 1233
9092 1322 1233
9093 1684 1233
9094 1706 1233
9095 1798 1233
9096 1821 1233
9097 525 1234
9098 532 1234
9099 563 1234
9100 578 1234
9101 987 1234
9102 1054 1234
9103 1645 1234
9104 1657 1234
9105 1669 1234
9106 1876 1234
9107 1908 1234
9108 1931 1234
9109 2564 1234
9110 2587 1234
9111 2610 1234
9112 2774 1234
9113 3325 1234
9114 502 1235
9115 517 1235
9116 1596 1235
9117 1620 1235
9118 1632 1235
9119 1830 1235
9120 1853 1235
9121 1886 1235
9122 2156 1235
9123 2336 1235
9124 2367 1235
9125 2500 1235
9126 2509 1235
9127 2532 1235
9128 3141 1235
9129 441 1236
9130 457 1236
9131 980 1236
9132 1053 1236
9133 1547 1236
9134 1559 1236
9135 1584 1236
9136 2112 1236
9137 2134 1236
9138 2445 1236
9139 2454 1236
9140 2477 1236
9141 3240 1236
9142 427 1237
9143 1029 1237
9144 1051 1237
9145 1508 1237
9146 1520 1237
9147 1532 1237
9148 1776 1237
9149 1798 1237
9150 2079 1237
9151 2101 1237
9152 2803 1237
9153 177 1238
9154 897 1238
9155 1050 1238
9156 1458 1238
9157 1471 1238
9158 1487 1238
9159 1713 1238
9160 2046 1238
9161 2057 1238
9162 2367 1238
9163 2390 1238
9164 3092 1238
9165 3099 1238
9166 3186 1238
9167 1422 1239
9168 1441 1239
9169 2024 1239
9170 3100 1239
9171 1013 1240
9172 1216 1240
9173 1396 1240
9174 1963 1240
9175 1986 1240
9176 2266 1240
9177 2244 1241
9178 2849 1241
9179 3086 1241
9180 934 1242
9181 2212 1242
9182 3104 1242
9183 3179 1242
9184 890 1243
9185 1167 1243
9186 1490 1243
9187 2167 1243
9188 2189 1243
9189 3084 1243
9190 3136 1243
9191 206 1244
9192 218 1244
9193 892 1244
9194 1398 1244
9195 1732 1244
9196 1764 1244
9197 2422 1244
9198 3274 1244
9199 3287 1244
9200 769 1245
9201 777 1245
9202 784 1245
9203 939 1245
9204 1017 1245
9205 1168 1245
9206 2399 1245
9207 3105 1245
9208 3288 1245
9209 698 1246
9210 716 1246
9211 739 1246
9212 1216 1246
9213 2724 1246
9214 2807 1246
9215 3172 1246
9216 662 1247
9217 2298 1247
9218 2641 1247
9219 2664 1247
9220 2679 1247
9221 2702 1247
9222 3172 1247
9223 593 1248
9224 601 1248
9225 616 1248
9226 701 1248
9227 1171 1248
9228 1963 1248
9229 2244 1248
9230 2275 1248
9231 2618 1248
9232 2641 1248
9233 2809 1248
9234 2823 1248
9235 3115 1248
9236 3170 1248
9237 578 1249
9238 1931 1249
9239 1941 1249
9240 2222 1249
9241 2587 1249
9242 2610 1249
9243 3111 1249
9244 540 1250
9245 563 1250
9246 1854 1250
9247 1877 1250
9248 1886 1250
9249 1908 1250
9250 2532 1250
9251 2555 1250
9252 2772 1250
9253 2815 1250
9254 2820 1250
9255 2829 1250
9256 462 1251
9257 478 1251
9258 509 1251
9259 664 1251
9260 1013 1251
9261 2134 1251
9262 2157 1251
9263 2477 1251
9264 2500 1251
9265 2509 1251
9266 2740 1251
9267 3083 1251
9268 163 1252
9269 438 1252
9270 1006 1252
9271 1799 1252
9272 1822 1252
9273 2079 1252
9274 2102 1252
9275 2112 1252
9276 2454 1252
9277 3054 1252
9278 3083 1252
9279 2046 1253
9280 2057 1253
9281 2390 1253
9282 2831 1253
9283 3245 1253
9284 1186 1254
9285 1347 1254
9286 1366 1254
9287 1371 1254
9288 2001 1254
9289 2024 1254
9290 2321 1254
9291 2368 1254
9292 2266 1255
9293 2298 1255
9294 2368 1255
9295 2641 1255
9296 2664 1255
9297 3130 1255
9298 1013 1256
9299 1941 1256
9300 1963 1256
9301 2244 1256
9302 2336 1256
9303 3333 1256
9304 2212 1257
9305 2565 1257
9306 2588 1257
9307 1223 1258
9308 1831 1258
9309 1854 1258
9310 2190 1258
9311 3087 1258
9312 156 1259
9313 2445 1259
9314 3087 1259
9315 3101 1259
9316 3162 1259
9317 1776 1260
9318 1799 1260
9319 2399 1260
9320 2422 1260
9321 3109 1260
9322 3290 1260
9323 3093 1261
9324 3161 1261
9325 261 1262
9326 921 1262
9327 1909 1262
9328 1932 1262
9329 2641 1262
9330 3200 1262
9331 1963 1263
9332 1986 1263
9333 2619 1263
9334 2641 1263
9335 2770 1263
9336 2783 1263
9337 2785 1263
9338 3111 1263
9339 977 1264
9340 2222 1264
9341 2244 1264
9342 2611 1264
9343 3159 1264
9344 3192 1264
9345 1854 1265
9346 1877 1265
9347 2533 1265
9348 2588 1265
9349 3192 1265
9350 926 1266
9351 1764 1266
9352 1767 1266
9353 2510 1266
9354 3159 1266
9355 3209 1266
9356 3245 1266
9357 846 1267
9358 1740 1267
9359 1822 1267
9360 2102 1267
9361 3127 1267
9362 3189 1267
9363 178 1268
9364 770 1268
9365 777 1268
9366 813 1268
9367 1799 1268
9368 2047 1268
9369 2058 1268
9370 2080 1268
9371 2757 1268
9372 2765 1268
9373 3245 1268
9374 3276 1268
9375 701 1269
9376 2025 1269
9377 2533 1269
9378 2556 1269
9379 2703 1269
9380 2725 1269
9381 2734 1269
9382 2854 1269
9383 663 1270
9384 664 1270
9385 678 1270
9386 2298 1270
9387 2321 1270
9388 2642 1270
9389 2665 1270
9390 2680 1270
9391 594 1271
9392 617 1271
9393 633 1271
9394 1799 1271
9395 1941 1271
9396 1964 1271
9397 2276 1271
9398 2642 1271
9399 563 1272
9400 578 1272
9401 1776 1272
9402 1909 1272
9403 2588 1272
9404 2611 1272
9405 3212 1272
9406 525 1273
9407 541 1273
9408 1886 1273
9409 2168 1273
9410 2190 1273
9411 2533 1273
9412 2556 1273
9413 2565 1273
9414 3157 1273
9415 3186 1273
9416 3212 1273
9417 462 1274
9418 478 1274
9419 2135 1274
9420 2157 1274
9421 2455 1274
9422 2478 1274
9423 2501 1274
9424 3156 1274
9425 1932 1275
9426 2112 1275
9427 2423 1275
9428 2446 1275
9429 178 1276
9430 1909 1276
9431 2368 1276
9432 2390 1276
9433 2749 1276
9434 2757 1276
9435 2765 1276
9436 3125 1276
9437 3341 1276
9438 2337 1277
9439 2642 1277
9440 2835 1277
9441 2267 1278
9442 2276 1278
9443 2298 1278
9444 2619 1278
9445 3291 1278
9446 428 1279
9447 2222 1279
9448 2244 1279
9449 2811 1279
9450 207 1280
9451 423 1280
9452 1854 1280
9453 1877 1280
9454 2213 1280
9455 2804 1280
9456 1746 1281
9457 1767 1281
9458 1831 1281
9459 2190 1281
9460 2510 1281
9461 2533 1281
9462 1822 1282
9463 2102 1282
9464 2642 1282
9465 1777 1283
9466 1799 1283
9467 2047 1283
9468 2058 1283
9469 2080 1283
9470 2400 1283
9471 2423 1283
9472 2619 1283
9473 2002 1284
9474 2025 1284
9475 3212 1284
9476 3276 1284
9477 846 1285
9478 1383 1285
9479 1987 1285
9480 2665 1285
9481 2680 1285
9482 2703 1285
9483 834 1286
9484 847 1286
9485 854 1286
9486 867 1286
9487 1346 1286
9488 1964 1286
9489 2642 1286
9490 3125 1286
9491 1933 1287
9492 1942 1287
9493 2588 1287
9494 2611 1287
9495 2836 1287
9496 3185 1287
9497 3214 1287
9498 3273 1287
9499 304 1288
9500 849 1288
9501 854 1288
9502 857 1288
9503 1887 1288
9504 1909 1288
9505 2533 1288
9506 2556 1288
9507 3245 1288
9508 857 1289
9509 867 1289
9510 2135 1289
9511 2478 1289
9512 2501 1289
9513 3128 1289
9514 3156 1289
9515 3182 1289
9516 212 1290
9517 785 1290
9518 801 1290
9519 839 1290
9520 845 1290
9521 848 1290
9522 849 1290
9523 2113 1290
9524 2423 1290
9525 2446 1290
9526 3109 1290
9527 740 1291
9528 770 1291
9529 778 1291
9530 1322 1291
9531 1347 1291
9532 2391 1291
9533 3055 1291
9534 3087 1291
9535 702 1292
9536 717 1292
9537 740 1292
9538 2337 1292
9539 2368 1292
9540 439 1293
9541 663 1293
9542 679 1293
9543 851 1293
9544 854 1293
9545 2276 1293
9546 2299 1293
9547 2322 1293
9548 594 1294
9549 602 1294
9550 617 1294
9551 634 1294
9552 2222 1294
9553 2245 1294
9554 2267 1294
9555 3348 1294
9556 579 1295
9557 857 1295
9558 908 1295
9559 915 1295
9560 1878 1295
9561 849 1296
9562 854 1296
9563 857 1296
9564 858 1296
9565 1855 1296
9566 2168 1296
9567 2191 1296
9568 246 1297
9569 525 1297
9570 541 1297
9571 564 1297
9572 848 1297
9573 851 1297
9574 854 1297
9575 858 1297
9576 1823 1297
9577 2135 1297
9578 2158 1297
9579 2833 1297
9580 3062 1297
9581 3092 1297
9582 3110 1297
9583 3291 1297
9584 510 1298
9585 849 1298
9586 854 1298
9587 855 1298
9588 856 1298
9589 857 1298
9590 860 1298
9591 865 1298
9592 1777 1298
9593 1800 1298
9594 2047 1298
9595 2058 1298
9596 2081 1298
9597 2765 1298
9598 2784 1298
9599 2805 1298
9600 3056 1298
9601 445 1299
9602 834 1299
9603 845 1299
9604 847 1299
9605 859 1299
9606 860 1299
9607 861 1299
9608 867 1299
9609 2025 1299
9610 2726 1299
9611 2735 1299
9612 2750 1299
9613 814 1300
9614 839 1300
9615 845 1300
9616 847 1300
9617 859 1300
9618 2003 1300
9619 2680 1300
9620 2703 1300
9621 148 1301
9622 856 1301
9623 857 1301
9624 862 1301
9625 1964 1301
9626 2642 1301
9627 2665 1301
9628 2854 1301
9629 3053 1301
9630 3312 1301
9631 834 1302
9632 839 1302
9633 845 1302
9634 1942 1302
9635 2611 1302
9636 2619 1302
9637 3203 1302
9638 3226 1302
9639 3235 1302
9640 3257 1302
9641 3290 1302
9642 237 1303
9643 1768 1303
9644 2556 1303
9645 2565 1303
9646 2588 1303
9647 3180 1303
9648 3280 1303
9649 845 1304
9650 857 1304
9651 859 1304
9652 860 1304
9653 862 1304
9654 867 1304
9655 1755 1304
9656 2501 1304
9657 2510 1304
9658 2533 1304
9659 801 1305
9660 816 1305
9661 834 1305
9662 839 1305
9663 856 1305
9664 2446 1305
9665 2455 1305
9666 2478 1305
9667 763 1306
9668 778 1306
9669 793 1306
9670 859 1306
9671 1933 1306
9672 2400 1306
9673 2423 1306
9674 3133 1306
9675 3150 1306
9676 3170 1306
9677 701 1307
9678 717 1307
9679 732 1307
9680 740 1307
9681 857 1307
9682 862 1307
9683 865 1307
9684 876 1307
9685 886 1307
9686 889 1307
9687 1887 1307
9688 1910 1307
9689 2369 1307
9690 2391 1307
9691 564 1308
9692 663 1308
9693 671 1308
9694 839 1308
9695 845 1308
9696 847 1308
9697 852 1308
9698 856 1308
9699 859 1308
9700 867 1308
9701 868 1308
9702 872 1308
9703 1988 1308
9704 2299 1308
9705 2322 1308
9706 2337 1308
9707 525 1309
9708 609 1309
9709 846 1309
9710 860 1309
9711 866 1309
9712 1942 1309
9713 1964 1309
9714 2245 1309
9715 2267 1309
9716 2277 1309
9717 3129 1309
9718 76 1310
9719 135 1310
9720 304 1310
9721 318 1310
9722 338 1310
9723 460 1310
9724 579 1310
9725 594 1310
9726 849 1310
9727 852 1310
9728 857 1310
9729 858 1310
9730 865 1310
9731 2213 1310
9732 2223 1310
9733 168 1311
9734 848 1311
9735 849 1311
9736 1855 1311
9737 1878 1311
9738 2169 1311
9739 2191 1311
9740 849 1312
9741 863 1312
9742 871 1312
9743 1823 1312
9744 1832 1312
9745 2102 1312
9746 2136 1312
9747 2158 1312
9748 2835 1312
9749 3355 1312
9750 868 1313
9751 1777 1313
9752 1800 1313
9753 2059 1313
9754 2081 1313
9755 2113 1313
9756 2758 1313
9757 2781 1313
9758 2791 1313
9759 2813 1313
9760 3335 1313
9761 876 1314
9762 877 1314
9763 1759 1314
9764 1768 1314
9765 2026 1314
9766 2048 1314
9767 2703 1314
9768 2726 1314
9769 2736 1314
9770 3313 1314
9771 871 1315
9772 872 1315
9773 874 1315
9774 876 1315
9775 2003 1315
9776 2681 1315
9777 128 1316
9778 867 1316
9779 868 1316
9780 871 1316
9781 875 1316
9782 946 1316
9783 2643 1316
9784 2666 1316
9785 858 1317
9786 865 1317
9787 866 1317
9788 878 1317
9789 880 1317
9790 886 1317
9791 1278 1317
9792 2566 1317
9793 2589 1317
9794 2611 1317
9795 2621 1317
9796 334 1318
9797 839 1318
9798 849 1318
9799 858 1318
9800 866 1318
9801 2556 1318
9802 849 1319
9803 850 1319
9804 852 1319
9805 856 1319
9806 858 1319
9807 874 1319
9808 876 1319
9809 879 1319
9810 886 1319
9811 2479 1319
9812 2501 1319
9813 2512 1319
9814 2534 1319
9815 834 1320
9816 850 1320
9817 888 1320
9818 2447 1320
9819 2457 1320
9820 3087 1320
9821 879 1321
9822 883 1321
9823 886 1321
9824 1778 1321
9825 1800 1321
9826 2392 1321
9827 2403 1321
9828 2425 1321
9829 3045 1321
9830 353 1322
9831 889 1322
9832 2338 1322
9833 2370 1322
9834 3075 1322
9835 867 1323
9836 883 1323
9837 2300 1323
9838 2323 1323
9839 3110 1323
9840 356 1324
9841 865 1324
9842 879 1324
9843 1965 1324
9844 2245 1324
9845 2267 1324
9846 2278 1324
9847 3073 1324
9848 3280 1324
9849 856 1325
9850 1933 1325
9851 1943 1325
9852 2191 1325
9853 2213 1325
9854 2223 1325
9855 3092 1325
9856 3093 1325
9857 3226 1325
9858 3235 1325
9859 3258 1325
9860 3291 1325
9861 3313 1325
9862 858 1326
9863 864 1326
9864 866 1326
9865 879 1326
9866 886 1326
9867 887 1326
9868 889 1326
9869 908 1326
9870 924 1326
9871 1879 1326
9872 1888 1326
9873 1910 1326
9874 2135 1326
9875 2157 1326
9876 2169 1326
9877 3181 1326
9878 3203 1326
9879 349 1327
9880 865 1327
9881 876 1327
9882 1832 1327
9883 1855 1327
9884 2113 1327
9885 3097 1327
9886 3108 1327
9887 794 1328
9888 802 1328
9889 817 1328
9890 866 1328
9891 867 1328
9892 868 1328
9893 872 1328
9894 876 1328
9895 886 1328
9896 887 1328
9897 1801 1328
9898 1823 1328
9899 2081 1328
9900 2103 1328
9901 3170 1328
9902 748 1329
9903 763 1329
9904 779 1329
9905 856 1329
9906 858 1329
9907 867 1329
9908 868 1329
9909 871 1329
9910 872 1329
9911 876 1329
9912 877 1329
9913 886 1329
9914 2026 1329
9915 2048 1329
9916 2059 1329
9917 3042 1329
9918 3150 1329
9919 679 1330
9920 702 1330
9921 717 1330
9922 733 1330
9923 740 1330
9924 868 1330
9925 872 1330
9926 2003 1330
9927 3129 1330
9928 3150 1330
9929 658 1331
9930 664 1331
9931 671 1331
9932 2643 1331
9933 3070 1331
9934 151 1332
9935 610 1332
9936 624 1332
9937 634 1332
9938 879 1332
9939 886 1332
9940 1264 1332
9941 2589 1332
9942 2611 1332
9943 2621 1332
9944 579 1333
9945 595 1333
9946 620 1333
9947 648 1333
9948 657 1333
9949 2556 1333
9950 2567 1333
9951 304 1334
9952 611 1334
9953 1855 1334
9954 1879 1334
9955 2480 1334
9956 2502 1334
9957 2512 1334
9958 2534 1334
9959 630 1335
9960 641 1335
9961 657 1335
9962 1832 1335
9963 2447 1335
9964 2457 1335
9965 2813 1335
9966 2836 1335
9967 625 1336
9968 858 1336
9969 868 1336
9970 872 1336
9971 873 1336
9972 877 1336
9973 887 1336
9974 1768 1336
9975 1778 1336
9976 1801 1336
9977 2403 1336
9978 2425 1336
9979 2791 1336
9980 868 1337
9981 877 1337
9982 978 1337
9983 1136 1337
9984 2370 1337
9985 2392 1337
9986 2323 1338
9987 2339 1338
9988 3336 1338
9989 3343 1338
9990 100 1339
9991 1965 1339
9992 2268 1339
9993 2300 1339
9994 3332 1339
9995 890 1340
9996 1934 1340
9997 1943 1340
9998 2214 1340
9999 2245 1340
10000 3073 1340
10001 3108 1340
10002 3314 1340
10003 3366 1340
10004 702 1341
10005 856 1341
10006 1092 1341
10007 1888 1341
10008 1911 1341
10009 2169 1341
10010 2191 1341
10011 3093 1341
10012 679 1342
10013 1322 1342
10014 3075 1342
10015 3314 1342
10016 3329 1342
10017 1801 1343
10018 1823 1343
10019 1965 1343
10020 1989 1343
10021 2781 1343
10022 3111 1343
10023 3258 1343
10024 3291 1343
10025 2726 1344
10026 2737 1344
10027 2759 1344
10028 3204 1344
10029 3227 1344
10030 3236 1344
10031 1143 1345
10032 2003 1345
10033 2026 1345
10034 2704 1345
10035 3077 1345
10036 992 1346
10037 2301 1346
10038 2643 1346
10039 2666 1346
10040 3081 1346
10041 3082 1346
10042 3088 1346
10043 3281 1346
10044 3350 1346
10045 978 1347
10046 992 1347
10047 1407 1347
10048 2278 1347
10049 2589 1347
10050 2611 1347
10051 2621 1347
10052 3150 1347
10053 3170 1347
10054 3258 1347
10055 109 1348
10056 924 1348
10057 947 1348
10058 1363 1348
10059 2556 1348
10060 2567 1348
10061 909 1349
10062 1336 1349
10063 1364 1349
10064 1833 1349
10065 1856 1349
10066 1879 1349
10067 2136 1349
10068 2158 1349
10069 2502 1349
10070 2507 1349
10071 2512 1349
10072 2534 1349
10073 2104 1350
10074 2458 1350
10075 2480 1350
10076 2791 1350
10077 2814 1350
10078 616 1351
10079 794 1351
10080 802 1351
10081 817 1351
10082 1312 1351
10083 1778 1351
10084 1801 1351
10085 2059 1351
10086 2081 1351
10087 2403 1351
10088 2425 1351
10089 2448 1351
10090 631 1352
10091 641 1352
10092 649 1352
10093 657 1352
10094 749 1352
10095 2026 1352
10096 2049 1352
10097 2370 1352
10098 2393 1352
10099 3181 1352
10100 3204 1352
10101 611 1353
10102 621 1353
10103 623 1353
10104 680 1353
10105 702 1353
10106 718 1353
10107 1758 1353
10108 2324 1353
10109 2339 1353
10110 658 1354
10111 672 1354
10112 1824 1354
10113 1966 1354
10114 2268 1354
10115 2301 1354
10116 3129 1354
10117 3150 1354
10118 3314 1354
10119 611 1355
10120 635 1355
10121 1801 1355
10122 1944 1355
10123 2246 1355
10124 2836 1355
10125 3291 1355
10126 3335 1355
10127 3350 1355
10128 565 1356
10129 580 1356
10130 595 1356
10131 1856 1356
10132 1888 1356
10133 1911 1356
10134 2169 1356
10135 2192 1356
10136 2214 1356
10137 2814 1356
10138 3042 1356
10139 507 1357
10140 526 1357
10141 1833 1357
10142 2113 1357
10143 2136 1357
10144 2836 1357
10145 1537 1358
10146 2792 1358
10147 2814 1358
10148 319 1359
10149 320 1359
10150 1966 1359
10151 1989 1359
10152 2737 1359
10153 2759 1359
10154 2792 1359
10155 3346 1359
10156 335 1360
10157 405 1360
10158 1446 1360
10159 2004 1360
10160 2026 1360
10161 2339 1360
10162 2370 1360
10163 350 1361
10164 357 1361
10165 2301 1361
10166 2324 1361
10167 1322 1362
10168 1934 1362
10169 2246 1362
10170 2279 1362
10171 2612 1362
10172 962 1363
10173 977 1363
10174 1911 1363
10175 2224 1363
10176 2556 1363
10177 2567 1363
10178 2590 1363
10179 3227 1363
10180 3259 1363
10181 841 1364
10182 893 1364
10183 916 1364
10184 947 1364
10185 992 1364
10186 999 1364
10187 1778 1364
10188 1889 1364
10189 2136 1364
10190 2158 1364
10191 2534 1364
10192 3204 1364
10193 3236 1364
10194 786 1365
10195 810 1365
10196 855 1365
10197 1076 1365
10198 1802 1365
10199 1824 1365
10200 2458 1365
10201 2480 1365
10202 2644 1365
10203 763 1366
10204 1779 1366
10205 2082 1366
10206 2426 1366
10207 2448 1366
10208 2622 1366
10209 2759 1366
10210 2782 1366
10211 3151 1366
10212 3171 1366
10213 3259 1366
10214 3281 1366
10215 741 1367
10216 748 1367
10217 1133 1367
10218 2027 1367
10219 2049 1367
10220 2060 1367
10221 2371 1367
10222 2393 1367
10223 2404 1367
10224 2704 1367
10225 2727 1367
10226 703 1368
10227 718 1368
10228 2682 1368
10229 643 1369
10230 665 1369
10231 1733 1369
10232 1745 1369
10233 1763 1369
10234 1966 1369
10235 3314 1369
10236 3337 1369
10237 3378 1369
10238 604 1370
10239 612 1370
10240 620 1370
10241 627 1370
10242 1670 1370
10243 1684 1370
10244 1696 1370
10245 1708 1370
10246 1721 1370
10247 1944 1370
10248 3346 1370
10249 566 1371
10250 581 1371
10251 1631 1371
10252 1643 1371
10253 1657 1371
10254 1879 1371
10255 2170 1371
10256 2192 1371
10257 523 1372
10258 998 1372
10259 1591 1372
10260 1604 1372
10261 1618 1372
10262 1833 1372
10263 1856 1372
10264 3182 1372
10265 3204 1372
10266 1547 1373
10267 1565 1373
10268 2104 1373
10269 2792 1373
10270 2814 1373
10271 1498 1374
10272 1522 1374
10273 1990 1374
10274 2082 1374
10275 2760 1374
10276 1374 1375
10277 1376 1375
10278 1418 1375
10279 1460 1375
10280 1966 1375
10281 2339 1375
10282 2371 1375
10283 2682 1375
10284 2705 1375
10285 2737 1375
10286 337 1376
10287 2324 1376
10288 2279 1377
10289 2301 1377
10290 2612 1377
10291 2814 1377
10292 2837 1377
10293 3088 1377
10294 3094 1377
10295 3111 1377
10296 3129 1377
10297 3314 1377
10298 1911 1378
10299 1935 1378
10300 2224 1378
10301 2246 1378
10302 2568 1378
10303 2590 1378
10304 3043 1378
10305 3058 1378
10306 3064 1378
10307 3291 1378
10308 825 1379
10309 841 1379
10310 1889 1379
10311 2004 1379
10312 2027 1379
10313 2082 1379
10314 2104 1379
10315 3151 1379
10316 381 1380
10317 402 1380
10318 425 1380
10319 1376 1380
10320 1824 1380
10321 2458 1380
10322 2480 1380
10323 355 1381
10324 1454 1381
10325 1785 1381
10326 1802 1381
10327 1805 1381
10328 2082 1381
10329 2246 1381
10330 2269 1381
10331 2426 1381
10332 2448 1381
10333 3151 1381
10334 3171 1381
10335 2027 1382
10336 2049 1382
10337 2060 1382
10338 2393 1382
10339 2404 1382
10340 2727 1382
10341 3205 1382
10342 3227 1382
10343 3237 1382
10344 3259 1382
10345 2159 1383
10346 2371 1383
10347 2557 1383
10348 2682 1383
10349 2705 1383
10350 1966 1384
10351 2114 1384
10352 2136 1384
10353 2535 1384
10354 2644 1384
10355 2667 1384
10356 3337 1384
10357 1944 1385
10358 2622 1385
10359 3282 1385
10360 3314 1385
10361 432 1386
10362 894 1386
10363 947 1386
10364 1454 1386
10365 1880 1386
10366 1990 1386
10367 2192 1386
10368 2214 1386
10369 2508 1386
10370 3259 1386
10371 856 1387
10372 871 1387
10373 917 1387
10374 1834 1387
10375 1857 1387
10376 1966 1387
10377 2170 1387
10378 2481 1387
10379 2508 1387
10380 3386 1387
10381 1020 1388
10382 2458 1388
10383 2815 1388
10384 3347 1388
10385 742 1389
10386 749 1389
10387 1349 1389
10388 2404 1389
10389 2426 1389
10390 2505 1389
10391 2760 1389
10392 2782 1389
10393 2792 1389
10394 719 1390
10395 2371 1390
10396 2705 1390
10397 2727 1390
10398 2738 1390
10399 3110 1390
10400 388 1391
10401 1203 1391
10402 2340 1391
10403 628 1392
10404 643 1392
10405 1773 1392
10406 2279 1392
10407 2302 1392
10408 2612 1392
10409 605 1393
10410 613 1393
10411 621 1393
10412 1017 1393
10413 1745 1393
10414 1912 1393
10415 1935 1393
10416 2224 1393
10417 2247 1393
10418 2503 1393
10419 2568 1393
10420 2590 1393
10421 582 1394
10422 1020 1394
10423 2159 1394
10424 2536 1394
10425 2558 1394
10426 3205 1394
10427 826 1395
10428 842 1395
10429 2137 1395
10430 2514 1395
10431 3182 1395
10432 566 1396
10433 2082 1396
10434 2105 1396
10435 3151 1396
10436 3171 1396
10437 1880 1397
10438 2060 1397
10439 2393 1397
10440 3127 1397
10441 1857 1398
10442 1967 1398
10443 1990 1398
10444 2005 1398
10445 2027 1398
10446 2371 1398
10447 2815 1398
10448 2837 1398
10449 447 1399
10450 2644 1399
10451 2667 1399
10452 3337 1399
10453 1945 1400
10454 1967 1400
10455 2062 1400
10456 2622 1400
10457 3259 1400
10458 3292 1400
10459 3315 1400
10460 582 1401
10461 1384 1401
10462 1428 1401
10463 1776 1401
10464 3151 1401
10465 3228 1401
10466 3237 1401
10467 410 1402
10468 1745 1402
10469 1834 1402
10470 1857 1402
10471 2170 1402
10472 2192 1402
10473 2503 1402
10474 2682 1402
10475 2705 1402
10476 3205 1402
10477 369 1403
10478 396 1403
10479 403 1403
10480 411 1403
10481 1336 1403
10482 2068 1403
10483 2115 1403
10484 2137 1403
10485 2459 1403
10486 2481 1403
10487 590 1404
10488 1385 1404
10489 1403 1404
10490 1429 1404
10491 1777 1404
10492 2426 1404
10493 2449 1404
10494 2760 1404
10495 2782 1404
10496 3260 1404
10497 3282 1404
10498 1709 1405
10499 1721 1405
10500 1734 1405
10501 2027 1405
10502 2050 1405
10503 2371 1405
10504 2404 1405
10505 2705 1405
10506 2727 1405
10507 2738 1405
10508 3393 1405
10509 1660 1406
10510 1671 1406
10511 1672 1406
10512 1685 1406
10513 1697 1406
10514 2340 1406
10515 3088 1406
10516 1082 1407
10517 1619 1407
10518 1624 1407
10519 1632 1407
10520 1635 1407
10521 1644 1407
10522 1648 1407
10523 1658 1407
10524 1746 1407
10525 1771 1407
10526 1778 1407
10527 2269 1407
10528 2302 1407
10529 2325 1407
10530 3348 1407
10531 993 1408
10532 1017 1408
10533 1592 1408
10534 1604 1408
10535 1606 1408
10536 1935 1408
10537 2225 1408
10538 2247 1408
10539 2590 1408
10540 2613 1408
10541 3077 1408
10542 917 1409
10543 948 1409
10544 963 1409
10545 978 1409
10546 1523 1409
10547 1539 1409
10548 1548 1409
10549 1566 1409
10550 1857 1409
10551 1880 1409
10552 1890 1409
10553 1912 1409
10554 2192 1409
10555 2215 1409
10556 2536 1409
10557 2558 1409
10558 2568 1409
10559 3075 1409
10560 3105 1409
10561 827 1410
10562 843 1410
10563 856 1410
10564 871 1410
10565 894 1410
10566 1499 1410
10567 2137 1410
10568 2160 1410
10569 2514 1410
10570 3102 1410
10571 613 1411
10572 788 1411
10573 811 1411
10574 1465 1411
10575 1812 1411
10576 1825 1411
10577 2105 1411
10578 2793 1411
10579 2815 1411
10580 3043 1411
10581 3172 1411
10582 411 1412
10583 447 1412
10584 765 1412
10585 1798 1412
10586 2083 1412
10587 3151 1412
10588 719 1413
10589 750 1413
10590 1192 1413
10591 1363 1413
10592 704 1414
10593 2051 1414
10594 2070 1414
10595 2667 1414
10596 3338 1414
10597 667 1415
10598 2622 1415
10599 2644 1415
10600 3072 1415
10601 3123 1415
10602 3315 1415
10603 628 1416
10604 644 1416
10605 3043 1416
10606 3071 1416
10607 3121 1416
10608 1149 1417
10609 1857 1417
10610 2068 1417
10611 2170 1417
10612 2193 1417
10613 2302 1417
10614 2503 1417
10615 3183 1417
10616 3205 1417
10617 433 1418
10618 1834 1418
10619 2280 1418
10620 2459 1418
10621 2481 1418
10622 3123 1418
10623 1085 1419
10624 1101 1419
10625 2427 1419
10626 2449 1419
10627 1035 1420
10628 2028 1420
10629 2055 1420
10630 2058 1420
10631 2372 1420
10632 2404 1420
10633 2728 1420
10634 2738 1420
10635 2761 1420
10636 2815 1420
10637 2838 1420
10638 3071 1420
10639 3228 1420
10640 3237 1420
10641 3260 1420
10642 3399 1420
10643 411 1421
10644 644 1421
10645 993 1421
10646 2005 1421
10647 2340 1421
10648 2683 1421
10649 2706 1421
10650 3206 1421
10651 382 1422
10652 948 1422
10653 963 1422
10654 978 1422
10655 1967 1422
10656 2302 1422
10657 2325 1422
10658 3315 1422
10659 3348 1422
10660 436 1423
10661 1936 1423
10662 1945 1423
10663 2247 1423
10664 3260 1423
10665 3283 1423
10666 3292 1423
10667 473 1424
10668 879 1424
10669 894 1424
10670 1880 1424
10671 1913 1424
10672 2193 1424
10673 2215 1424
10674 2225 1424
10675 2559 1424
10676 3151 1424
10677 806 1425
10678 821 1425
10679 844 1425
10680 857 1425
10681 1858 1425
10682 1890 1425
10683 1991 1425
10684 2160 1425
10685 2514 1425
10686 2536 1425
10687 233 1426
10688 783 1426
10689 1834 1426
10690 1967 1426
10691 2105 1426
10692 2115 1426
10693 2138 1426
10694 411 1427
10695 725 1427
10696 2083 1427
10697 2761 1427
10698 2783 1427
10699 3151 1427
10700 478 1428
10701 590 1428
10702 2372 1428
10703 2394 1428
10704 3074 1428
10705 227 1429
10706 386 1429
10707 413 1429
10708 644 1430
10709 668 1430
10710 680 1430
10711 704 1430
10712 2613 1430
10713 2623 1430
10714 2645 1430
10715 3315 1430
10716 3338 1430
10717 3401 1430
10718 476 1431
10719 2569 1431
10720 2591 1431
10721 1945 1432
10722 1968 1432
10723 2504 1432
10724 461 1433
10725 1806 1433
10726 1825 1433
10727 2459 1433
10728 2482 1433
10729 2083 1434
10730 2248 1434
10731 2270 1434
10732 2449 1434
10733 2793 1434
10734 2816 1434
10735 390 1435
10736 444 1435
10737 485 1435
10738 1125 1435
10739 2056 1435
10740 2405 1435
10741 2427 1435
10742 2728 1435
10743 2739 1435
10744 2761 1435
10745 3118 1435
10746 417 1436
10747 583 1436
10748 2046 1436
10749 2341 1436
10750 2372 1436
10751 2706 1436
10752 3347 1436
10753 3370 1436
10754 3392 1436
10755 1172 1437
10756 2326 1437
10757 2645 1437
10758 2668 1437
10759 243 1438
10760 2043 1438
10761 2248 1438
10762 2303 1438
10763 1791 1439
10764 1913 1439
10765 1936 1439
10766 1946 1439
10767 2215 1439
10768 2226 1439
10769 2559 1439
10770 3095 1439
10771 3229 1439
10772 3238 1439
10773 3260 1439
10774 1735 1440
10775 1747 1440
10776 1772 1440
10777 1858 1440
10778 2160 1440
10779 2171 1440
10780 2193 1440
10781 2537 1440
10782 3183 1440
10783 3206 1440
10784 237 1441
10785 421 1441
10786 1698 1441
10787 1710 1441
10788 1722 1441
10789 1835 1441
10790 1946 1441
10791 1968 1441
10792 2060 1441
10793 2106 1441
10794 2116 1441
10795 2138 1441
10796 2816 1441
10797 2838 1441
10798 3059 1441
10799 3172 1441
10800 394 1442
10801 1071 1442
10802 1086 1442
10803 1649 1442
10804 1661 1442
10805 1673 1442
10806 1686 1442
10807 2083 1442
10808 3096 1442
10809 3152 1442
10810 3283 1442
10811 1025 1443
10812 1036 1443
10813 1040 1443
10814 1056 1443
10815 1605 1443
10816 1625 1443
10817 1637 1443
10818 2280 1443
10819 2303 1443
10820 2706 1443
10821 2728 1443
10822 3260 1443
10823 204 1444
10824 382 1444
10825 979 1444
10826 994 1444
10827 1010 1444
10828 1593 1444
10829 469 1445
10830 704 1445
10831 941 1445
10832 949 1445
10833 964 1445
10834 1444 1445
10835 1524 1445
10836 1540 1445
10837 2040 1445
10838 2623 1445
10839 2645 1445
10840 3338 1445
10841 496 1446
10842 644 1446
10843 669 1446
10844 675 1446
10845 681 1446
10846 895 1446
10847 918 1446
10848 933 1446
10849 1440 1446
10850 1479 1446
10851 1500 1446
10852 2226 1446
10853 2248 1446
10854 2591 1446
10855 2614 1446
10856 3293 1446
10857 3316 1446
10858 425 1447
10859 593 1447
10860 858 1447
10861 880 1447
10862 1402 1447
10863 2569 1447
10864 3152 1447
10865 399 1448
10866 2084 1449
10867 2449 1449
10868 2783 1449
10869 2794 1449
10870 2816 1449
10871 2061 1450
10872 2394 1450
10873 2405 1450
10874 2427 1450
10875 2739 1450
10876 2761 1450
10877 3112 1450
10878 2006 1451
10879 2028 1451
10880 2341 1451
10881 2372 1451
10882 2460 1451
10883 2683 1451
10884 2706 1451
10885 3371 1451
10886 725 1452
10887 2395 1452
10888 2504 1452
10889 3348 1452
10890 429 1453
10891 1992 1453
10892 2042 1453
10893 2460 1453
10894 2482 1453
10895 402 1454
10896 1402 1454
10897 1759 1454
10898 1774 1454
10899 1788 1454
10900 1936 1454
10901 1946 1454
10902 1968 1454
10903 2215 1454
10904 3044 1454
10905 187 1455
10906 1729 1455
10907 1746 1455
10908 1858 1455
10909 1881 1455
10910 1891 1455
10911 1913 1455
10912 2171 1455
10913 2193 1455
10914 1826 1456
10915 1835 1456
10916 2138 1456
10917 2161 1456
10918 2396 1456
10919 2401 1456
10920 2839 1456
10921 3173 1456
10922 1816 1457
10923 2116 1457
10924 2794 1457
10925 2816 1457
10926 3152 1457
10927 3261 1457
10928 478 1458
10929 1283 1458
10930 2029 1458
10931 2048 1458
10932 2399 1458
10933 3089 1458
10934 3238 1458
10935 3394 1458
10936 2404 1459
10937 2451 1459
10938 3371 1459
10939 1486 1460
10940 2051 1460
10941 2326 1460
10942 2623 1460
10943 2645 1460
10944 2668 1460
10945 3316 1460
10946 3339 1460
10947 1249 1461
10948 2248 1461
10949 2303 1461
10950 2592 1461
10951 2614 1461
10952 3283 1461
10953 512 1462
10954 1251 1462
10955 1384 1462
10956 1405 1462
10957 2226 1462
10958 2450 1462
10959 2559 1462
10960 2569 1462
10961 3261 1462
10962 2504 1463
10963 2515 1463
10964 2537 1463
10965 3206 1463
10966 3229 1463
10967 721 1464
10968 1125 1464
10969 1132 1464
10970 2460 1464
10971 2482 1464
10972 3152 1464
10973 3184 1464
10974 1056 1465
10975 1071 1465
10976 1087 1465
10977 2761 1465
10978 410 1466
10979 785 1466
10980 1010 1466
10981 1025 1466
10982 1041 1466
10983 2006 1466
10984 2029 1466
10985 2372 1466
10986 2399 1466
10987 2739 1466
10988 3104 1466
10989 3348 1466
10990 3371 1466
10991 198 1467
10992 346 1467
10993 941 1467
10994 949 1467
10995 965 1467
10996 979 1467
10997 995 1467
10998 1803 1467
10999 1826 1467
11000 1991 1467
11001 2084 1467
11002 2106 1467
11003 2341 1467
11004 518 1468
11005 896 1468
11006 919 1468
11007 934 1468
11008 1945 1468
11009 1968 1468
11010 2084 1468
11011 2271 1468
11012 2281 1468
11013 2303 1468
11014 2817 1468
11015 3293 1468
11016 3316 1468
11017 845 1469
11018 859 1469
11019 880 1469
11020 1913 1469
11021 1936 1469
11022 2062 1469
11023 2249 1469
11024 2794 1469
11025 800 1470
11026 808 1470
11027 822 1470
11028 1858 1470
11029 1881 1470
11030 1890 1470
11031 2171 1470
11032 2193 1470
11033 513 1471
11034 1836 1471
11035 2139 1471
11036 2161 1471
11037 2784 1472
11038 3152 1472
11039 3173 1472
11040 523 1473
11041 1135 1473
11042 2399 1473
11043 2729 1473
11044 2762 1473
11045 3044 1473
11046 3122 1473
11047 3142 1473
11048 765 1474
11049 2684 1474
11050 2707 1474
11051 3079 1474
11052 3371 1474
11053 3394 1474
11054 705 1475
11055 772 1475
11056 2623 1475
11057 2645 1475
11058 2668 1475
11059 2817 1475
11060 2839 1475
11061 2957 1475
11062 3339 1475
11063 402 1476
11064 645 1476
11065 676 1476
11066 2249 1476
11067 2592 1476
11068 2614 1476
11069 2904 1476
11070 2931 1476
11071 3261 1476
11072 3316 1476
11073 490 1477
11074 518 1477
11075 780 1477
11076 1208 1477
11077 2227 1477
11078 2560 1477
11079 2570 1477
11080 2858 1477
11081 2885 1477
11082 3239 1477
11083 2505 1478
11084 2515 1478
11085 2537 1478
11086 1133 1479
11087 2139 1479
11088 2451 1479
11089 2460 1479
11090 2483 1479
11091 2062 1480
11092 2084 1480
11093 2117 1480
11094 2428 1480
11095 2762 1480
11096 3284 1480
11097 995 1481
11098 1011 1481
11099 1027 1481
11100 1041 1481
11101 1056 1481
11102 1079 1481
11103 1095 1481
11104 2006 1481
11105 2029 1481
11106 2051 1481
11107 2373 1481
11108 2395 1481
11109 2400 1481
11110 2740 1481
11111 3261 1481
11112 980 1482
11113 2194 1482
11114 2216 1482
11115 2341 1482
11116 3348 1482
11117 3371 1482
11118 494 1483
11119 803 1483
11120 2171 1483
11121 2271 1483
11122 2304 1483
11123 2326 1483
11124 535 1484
11125 863 1484
11126 1936 1484
11127 2249 1484
11128 2281 1484
11129 477 1485
11130 1859 1485
11131 1882 1485
11132 1913 1485
11133 3207 1485
11134 3230 1485
11135 1836 1486
11136 2161 1486
11137 3173 1486
11138 3184 1486
11139 721 1487
11140 817 1487
11141 1118 1487
11142 2139 1487
11143 3092 1487
11144 3152 1487
11145 3424 1487
11146 1095 1488
11147 1310 1488
11148 3033 1488
11149 3403 1488
11150 499 1489
11151 2684 1489
11152 2707 1489
11153 3371 1489
11154 3395 1489
11155 526 1490
11156 705 1490
11157 1183 1490
11158 1812 1490
11159 1827 1490
11160 2817 1490
11161 2957 1490
11162 3340 1490
11163 676 1491
11164 2166 1491
11165 2167 1491
11166 2249 1491
11167 2615 1491
11168 2795 1491
11169 3068 1491
11170 3093 1491
11171 3317 1491
11172 744 1492
11173 1775 1492
11174 1803 1492
11175 2084 1492
11176 2107 1492
11177 2216 1492
11178 2227 1492
11179 2570 1492
11180 2593 1492
11181 2785 1492
11182 3294 1492
11183 1730 1493
11184 1747 1493
11185 1760 1493
11186 1764 1493
11187 2062 1493
11188 2170 1493
11189 2194 1493
11190 2515 1493
11191 2538 1493
11192 2560 1493
11193 2762 1493
11194 2116 1494
11195 2139 1494
11196 2483 1494
11197 2817 1494
11198 2840 1494
11199 546 1495
11200 2461 1495
11201 2785 1495
11202 3262 1495
11203 759 1496
11204 853 1496
11205 2052 1496
11206 2707 1496
11207 2729 1496
11208 2740 1496
11209 2762 1496
11210 3239 1496
11211 2007 1497
11212 2030 1497
11213 2115 1497
11214 2327 1497
11215 3349 1497
11216 3372 1497
11217 369 1498
11218 458 1498
11219 486 1498
11220 767 1498
11221 2303 1498
11222 2647 1498
11223 2670 1498
11224 774 1499
11225 1227 1499
11226 1936 1499
11227 2112 1499
11228 2270 1499
11229 2625 1499
11230 3121 1499
11231 3262 1499
11232 3284 1499
11233 857 1500
11234 1011 1500
11235 1028 1500
11236 1882 1500
11237 1891 1500
11238 1914 1500
11239 2112 1500
11240 2194 1500
11241 2216 1500
11242 2249 1500
11243 3104 1500
11244 3123 1500
11245 1836 1501
11246 1859 1501
11247 2162 1501
11248 2167 1501
11249 2373 1501
11250 2395 1501
11251 2505 1501
11252 2922 1501
11253 3082 1501
11254 3087 1501
11255 3130 1501
11256 3152 1501
11257 3174 1501
11258 507 1502
11259 534 1502
11260 2104 1502
11261 2139 1502
11262 2342 1502
11263 2451 1502
11264 2483 1502
11265 2912 1502
11266 3022 1502
11267 3111 1502
11268 3431 1502
11269 646 1503
11270 1064 1503
11271 1080 1503
11272 1095 1503
11273 2084 1503
11274 2401 1503
11275 2428 1503
11276 3079 1503
11277 3404 1503
11278 1042 1504
11279 1057 1504
11280 2062 1504
11281 2707 1504
11282 2928 1504
11283 3207 1504
11284 3230 1504
11285 3372 1504
11286 3395 1504
11287 797 1505
11288 882 1505
11289 1992 1505
11290 2684 1505
11291 2909 1505
11292 3128 1505
11293 3185 1505
11294 3317 1505
11295 3340 1505
11296 1946 1506
11297 1969 1506
11298 2281 1506
11299 2304 1506
11300 2905 1506
11301 2929 1506
11302 3057 1506
11303 893 1507
11304 2229 1507
11305 2250 1507
11306 2903 1507
11307 538 1508
11308 2538 1508
11309 2560 1508
11310 812 1509
11311 2406 1509
11312 2483 1509
11313 2516 1509
11314 440 1510
11315 467 1510
11316 494 1510
11317 2429 1510
11318 2461 1510
11319 2795 1510
11320 2818 1510
11321 722 1511
11322 855 1511
11323 1295 1511
11324 2374 1511
11325 2396 1511
11326 2406 1511
11327 2741 1511
11328 2763 1511
11329 872 1512
11330 898 1512
11331 2007 1512
11332 2030 1512
11333 2327 1512
11334 2342 1512
11335 2860 1512
11336 2885 1512
11337 3372 1512
11338 980 1513
11339 2304 1513
11340 2648 1513
11341 2670 1513
11342 2883 1513
11343 3317 1513
11344 3349 1513
11345 2140 1514
11346 2162 1514
11347 2593 1514
11348 2615 1514
11349 2876 1514
11350 3072 1514
11351 3294 1514
11352 543 1515
11353 738 1515
11354 1407 1515
11355 1883 1515
11356 2217 1515
11357 2571 1515
11358 2763 1515
11359 2785 1515
11360 2931 1515
11361 3129 1515
11362 3240 1515
11363 3262 1515
11364 383 1516
11365 996 1516
11366 1837 1516
11367 1860 1516
11368 2111 1516
11369 2112 1516
11370 2167 1516
11371 2195 1516
11372 3174 1516
11373 2840 1517
11374 3011 1517
11375 3127 1517
11376 3130 1517
11377 3153 1517
11378 900 1518
11379 931 1518
11380 2085 1518
11381 2170 1518
11382 2730 1518
11383 2818 1518
11384 2930 1518
11385 3285 1518
11386 754 1519
11387 2030 1519
11388 2053 1519
11389 2062 1519
11390 2708 1519
11391 2930 1519
11392 3110 1519
11393 3262 1519
11394 662 1520
11395 949 1520
11396 1011 1520
11397 1992 1520
11398 2008 1520
11399 2271 1520
11400 2685 1520
11401 3046 1520
11402 3372 1520
11403 3395 1520
11404 519 1521
11405 574 1521
11406 1969 1521
11407 2250 1521
11408 2304 1521
11409 2626 1521
11410 2648 1521
11411 2909 1521
11412 3123 1521
11413 3130 1521
11414 3153 1521
11415 3340 1521
11416 448 1522
11417 769 1522
11418 1914 1522
11419 1937 1522
11420 2107 1522
11421 2172 1522
11422 2229 1522
11423 2281 1522
11424 2891 1522
11425 2928 1522
11426 3114 1522
11427 3123 1522
11428 3317 1522
11429 475 1523
11430 503 1523
11431 722 1523
11432 1891 1523
11433 2538 1523
11434 2560 1523
11435 3439 1523
11436 1026 1524
11437 1028 1524
11438 2140 1524
11439 2163 1524
11440 2484 1524
11441 2516 1524
11442 2924 1524
11443 3208 1524
11444 3231 1524
11445 672 1525
11446 919 1525
11447 972 1525
11448 2118 1525
11449 2429 1525
11450 2451 1525
11451 2461 1525
11452 2796 1525
11453 2818 1525
11454 2864 1525
11455 2876 1525
11456 2915 1525
11457 3185 1525
11458 3405 1525
11459 735 1526
11460 899 1526
11461 1336 1526
11462 2396 1526
11463 2407 1526
11464 524 1527
11465 1400 1527
11466 1817 1527
11467 2342 1527
11468 2367 1527
11469 2374 1527
11470 2861 1527
11471 3372 1527
11472 677 1528
11473 706 1528
11474 917 1528
11475 1042 1528
11476 1969 1528
11477 2219 1528
11478 2279 1528
11479 2328 1528
11480 2648 1528
11481 2671 1528
11482 2958 1528
11483 3061 1528
11484 3349 1528
11485 507 1529
11486 1947 1529
11487 2085 1529
11488 2304 1529
11489 2616 1529
11490 506 1530
11491 1815 1530
11492 1883 1530
11493 2063 1530
11494 2222 1530
11495 2571 1530
11496 2593 1530
11497 1765 1531
11498 1860 1531
11499 2173 1531
11500 2195 1531
11501 2272 1531
11502 2516 1531
11503 2538 1531
11504 2859 1531
11505 2958 1531
11506 758 1532
11507 807 1532
11508 1731 1532
11509 1827 1532
11510 1837 1532
11511 3000 1532
11512 555 1533
11513 2085 1533
11514 2107 1533
11515 2226 1533
11516 2786 1533
11517 1065 1534
11518 1424 1534
11519 2031 1534
11520 2053 1534
11521 2708 1534
11522 2741 1534
11523 2763 1534
11524 3099 1534
11525 3240 1534
11526 3263 1534
11527 456 1535
11528 484 1535
11529 511 1535
11530 945 1535
11531 1992 1535
11532 2008 1535
11533 2685 1535
11534 3035 1535
11535 3372 1535
11536 3395 1535
11537 1517 1536
11538 1970 1536
11539 2305 1536
11540 3153 1536
11541 3174 1536
11542 3341 1536
11543 680 1537
11544 1915 1537
11545 2272 1537
11546 2731 1537
11547 3285 1537
11548 3295 1537
11549 3318 1537
11550 350 1538
11551 781 1538
11552 1222 1538
11553 1892 1538
11554 2539 1538
11555 2561 1538
11556 2708 1538
11557 3130 1538
11558 3263 1538
11559 838 1539
11560 2163 1539
11561 2506 1539
11562 2516 1539
11563 559 1540
11564 788 1540
11565 2118 1540
11566 2141 1540
11567 2462 1540
11568 2484 1540
11569 2818 1540
11570 2841 1540
11571 3131 1540
11572 3153 1540
11573 488 1541
11574 515 1541
11575 1094 1541
11576 1096 1541
11577 1443 1541
11578 1475 1541
11579 2063 1541
11580 2085 1541
11581 2397 1541
11582 2796 1541
11583 3446 1541
11584 796 1542
11585 909 1542
11586 2342 1542
11587 2367 1542
11588 2374 1542
11589 3050 1542
11590 3208 1542
11591 3231 1542
11592 3405 1542
11593 2648 1543
11594 2671 1543
11595 3185 1543
11596 803 1544
11597 2626 1544
11598 2860 1544
11599 2891 1544
11600 536 1546
11601 563 1546
11602 591 1546
11603 723 1546
11604 1860 1546
11605 1883 1546
11606 2990 1546
11607 1838 1547
11608 465 1548
11609 603 1548
11610 2429 1548
11611 2452 1548
11612 2786 1548
11613 2819 1548
11614 2841 1548
11615 3089 1548
11616 729 1549
11617 936 1549
11618 2407 1549
11619 2742 1549
11620 2764 1549
11621 3025 1549
11622 942 1550
11623 2008 1550
11624 2031 1550
11625 3373 1550
11626 707 1551
11627 830 1551
11628 949 1551
11629 1970 1551
11630 1993 1551
11631 2910 1551
11632 2935 1551
11633 2941 1551
11634 3341 1551
11635 3350 1551
11636 540 1552
11637 568 1552
11638 904 1552
11639 1915 1552
11640 1947 1552
11641 2892 1552
11642 2940 1552
11643 3318 1552
11644 1892 1553
11645 2561 1553
11646 3126 1553
11647 3240 1553
11648 3263 1553
11649 468 1554
11650 496 1554
11651 524 1554
11652 569 1554
11653 828 1554
11654 1838 1554
11655 2507 1554
11656 2517 1554
11657 2539 1554
11658 3175 1554
11659 3373 1554
11660 3396 1554
11661 699 1555
11662 743 1555
11663 965 1555
11664 2108 1555
11665 2119 1555
11666 2141 1555
11667 2484 1555
11668 3130 1555
11669 3153 1555
11670 722 1556
11671 2064 1556
11672 2086 1556
11673 3039 1556
11674 3286 1556
11675 3453 1556
11676 1321 1557
11677 1452 1557
11678 2031 1557
11679 2053 1557
11680 2374 1557
11681 2397 1557
11682 2709 1557
11683 2731 1557
11684 3263 1557
11685 3406 1557
11686 979 1558
11687 1401 1558
11688 2343 1558
11689 2671 1558
11690 2686 1558
11691 544 1559
11692 572 1559
11693 600 1559
11694 751 1559
11695 1114 1559
11696 2627 1559
11697 2649 1559
11698 3115 1559
11699 3124 1559
11700 3318 1559
11701 528 1560
11702 987 1560
11703 1489 1560
11704 1830 1560
11705 3074 1560
11706 3296 1560
11707 473 1561
11708 1403 1561
11709 1764 1561
11710 1778 1561
11711 1861 1561
11712 1884 1561
11713 2196 1561
11714 3231 1561
11715 735 1562
11716 843 1562
11717 996 1562
11718 1709 1562
11719 1742 1562
11720 1841 1562
11721 2164 1562
11722 2174 1562
11723 2841 1562
11724 2892 1562
11725 3186 1562
11726 3209 1562
11727 1443 1563
11728 1490 1563
11729 1664 1563
11730 1675 1563
11731 2141 1563
11732 2430 1563
11733 2819 1563
11734 2860 1563
11735 3078 1563
11736 710 1564
11737 1136 1564
11738 1641 1564
11739 2407 1564
11740 2742 1564
11741 2764 1564
11742 2797 1564
11743 3109 1564
11744 548 1565
11745 576 1565
11746 798 1565
11747 1493 1565
11748 1574 1565
11749 1596 1565
11750 2009 1565
11751 2031 1565
11752 3109 1565
11753 3350 1565
11754 3373 1565
11755 504 1566
11756 827 1566
11757 1529 1566
11758 1970 1566
11759 3010 1566
11760 3031 1566
11761 3341 1566
11762 477 1567
11763 532 1567
11764 1915 1567
11765 1938 1567
11766 1947 1567
11767 3318 1567
11768 1440 1568
11769 1893 1568
11770 2561 1568
11771 3085 1568
11772 3107 1568
11773 3131 1568
11774 3241 1568
11775 3263 1568
11776 773 1569
11777 892 1569
11778 1277 1569
11779 1407 1569
11780 2230 1569
11781 2507 1569
11782 2517 1569
11783 2539 1569
11784 3153 1569
11785 3175 1569
11786 1326 1570
11787 2108 1570
11788 2141 1570
11789 2462 1570
11790 2485 1570
11791 3132 1570
11792 2064 1571
11793 2086 1571
11794 2119 1571
11795 2223 1571
11796 2430 1571
11797 2452 1571
11798 2764 1571
11799 2786 1571
11800 3445 1571
11801 3449 1571
11802 3459 1571
11803 580 1572
11804 742 1572
11805 780 1572
11806 781 1572
11807 2032 1572
11808 2054 1572
11809 2375 1572
11810 2709 1572
11811 2732 1572
11812 3396 1572
11813 3425 1572
11814 828 1573
11815 843 1573
11816 1152 1573
11817 2219 1573
11818 2236 1573
11819 2343 1573
11820 2672 1573
11821 2687 1573
11822 3031 1573
11823 3373 1573
11824 3406 1573
11825 917 1574
11826 1279 1574
11827 2649 1574
11828 3002 1574
11829 788 1575
11830 2595 1575
11831 2617 1575
11832 3063 1575
11833 3264 1575
11834 3286 1575
11835 871 1576
11836 887 1576
11837 1884 1576
11838 2196 1576
11839 2219 1576
11840 887 1577
11841 929 1577
11842 1847 1577
11843 1993 1577
11844 2164 1577
11845 557 1578
11846 584 1578
11847 1971 1578
11848 2142 1578
11849 485 1579
11850 513 1579
11851 795 1579
11852 1360 1579
11853 2408 1579
11854 2430 1579
11855 3099 1579
11856 3110 1579
11857 3446 1579
11858 3452 1579
11859 799 1580
11860 942 1580
11861 1251 1580
11862 2375 1580
11863 2397 1580
11864 728 1581
11865 832 1581
11866 1422 1581
11867 2649 1581
11868 2861 1581
11869 2881 1581
11870 2892 1581
11871 2955 1581
11872 3342 1581
11873 3350 1581
11874 3373 1581
11875 851 1582
11876 1948 1582
11877 1971 1582
11878 2627 1582
11879 3296 1582
11880 3319 1582
11881 862 1583
11882 1893 1583
11883 1916 1583
11884 2911 1583
11885 2917 1583
11886 762 1584
11887 806 1584
11888 958 1584
11889 2237 1584
11890 3175 1584
11891 3209 1584
11892 3232 1584
11893 3264 1584
11894 544 1585
11895 750 1585
11896 1441 1585
11897 2109 1585
11898 2142 1585
11899 2904 1585
11900 2920 1585
11901 3011 1585
11902 3122 1585
11903 3132 1585
11904 3154 1585
11905 3186 1585
11906 3241 1585
11907 490 1586
11908 881 1586
11909 2086 1586
11910 2119 1586
11911 2430 1586
11912 2452 1586
11913 3019 1586
11914 3099 1586
11915 973 1587
11916 1199 1587
11917 1200 1587
11918 1287 1587
11919 2064 1587
11920 2732 1587
11921 2742 1587
11922 2765 1587
11923 836 1588
11924 1107 1588
11925 2343 1588
11926 2375 1588
11927 2687 1588
11928 2710 1588
11929 2902 1588
11930 3047 1588
11931 980 1589
11932 2230 1589
11933 2820 1589
11934 2842 1589
11935 565 1590
11936 592 1590
11937 1114 1590
11938 1916 1590
11939 1938 1590
11940 2229 1590
11941 2251 1590
11942 2595 1590
11943 2617 1590
11944 2797 1590
11945 2900 1590
11946 620 1591
11947 647 1591
11948 810 1591
11949 988 1591
11950 1885 1591
11951 2197 1591
11952 2540 1591
11953 2562 1591
11954 2573 1591
11955 493 1592
11956 494 1592
11957 521 1592
11958 739 1592
11959 922 1592
11960 1853 1592
11961 2175 1592
11962 2924 1592
11963 3054 1592
11964 811 1593
11965 1129 1593
11966 1223 1593
11967 2142 1593
11968 2164 1593
11969 2925 1593
11970 2054 1594
11971 2219 1594
11972 2408 1594
11973 2430 1594
11974 2765 1594
11975 2787 1594
11976 839 1595
11977 2032 1595
11978 2197 1595
11979 2375 1595
11980 2398 1595
11981 3032 1595
11982 874 1596
11983 907 1596
11984 2650 1596
11985 2672 1596
11986 625 1597
11987 770 1597
11988 1294 1597
11989 1948 1597
11990 1971 1597
11991 525 1598
11992 553 1598
11993 636 1598
11994 758 1598
11995 814 1598
11996 899 1598
11997 1834 1598
11998 1845 1598
11999 1893 1598
12000 1916 1598
12001 2627 1598
12002 2650 1598
12003 1800 1599
12004 1812 1599
12005 1846 1599
12006 2518 1599
12007 2540 1599
12008 2962 1599
12009 654 1600
12010 815 1600
12011 899 1600
12012 954 1600
12013 1241 1600
12014 1339 1600
12015 1742 1600
12016 1743 1600
12017 1765 1600
12018 1778 1600
12019 2485 1600
12020 2961 1600
12021 843 1601
12022 1710 1601
12023 1721 1601
12024 1733 1601
12025 2096 1601
12026 2107 1601
12027 2120 1601
12028 2463 1601
12029 573 1602
12030 961 1602
12031 1654 1602
12032 1665 1602
12033 1676 1602
12034 1688 1602
12035 3076 1602
12036 573 1603
12037 601 1603
12038 628 1603
12039 750 1603
12040 775 1603
12041 1620 1603
12042 1631 1603
12043 1642 1603
12044 2010 1603
12045 2032 1603
12046 2085 1603
12047 2087 1603
12048 2710 1603
12049 3472 1603
12050 557 1604
12051 818 1604
12052 891 1604
12053 911 1604
12054 1575 1604
12055 1597 1604
12056 1759 1604
12057 1768 1604
12058 1971 1604
12059 1994 1604
12060 2688 1604
12061 3447 1604
12062 502 1605
12063 975 1605
12064 1545 1605
12065 1745 1605
12066 1756 1605
12067 1916 1605
12068 1939 1605
12069 1948 1605
12070 2595 1605
12071 2617 1605
12072 3374 1605
12073 3397 1605
12074 3426 1605
12075 819 1606
12076 891 1606
12077 1247 1606
12078 2562 1606
12079 2573 1606
12080 3045 1606
12081 3132 1606
12082 3154 1606
12083 3176 1606
12084 3287 1606
12085 3319 1606
12086 3342 1606
12087 3351 1606
12088 3407 1606
12089 982 1607
12090 1756 1607
12091 2065 1607
12092 2508 1607
12093 2540 1607
12094 2928 1607
12095 2997 1607
12096 3099 1607
12097 3123 1607
12098 3232 1607
12099 3242 1607
12100 3264 1607
12101 3297 1607
12102 847 1608
12103 1759 1608
12104 1763 1608
12105 2070 1608
12106 2142 1608
12107 2165 1608
12108 2485 1608
12109 3187 1608
12110 3210 1608
12111 640 1609
12112 868 1609
12113 989 1609
12114 1745 1609
12115 1750 1609
12116 2251 1609
12117 2431 1609
12118 2453 1609
12119 2936 1609
12120 605 1610
12121 889 1610
12122 1754 1610
12123 2229 1610
12124 2398 1610
12125 2408 1610
12126 2861 1610
12127 534 1611
12128 821 1611
12129 1763 1611
12130 1768 1611
12131 2375 1611
12132 889 1612
12133 2463 1612
12134 2486 1612
12135 2897 1612
12136 823 1613
12137 884 1613
12138 916 1613
12139 917 1613
12140 1004 1613
12141 1745 1613
12142 1748 1613
12143 1750 1613
12144 1894 1613
12145 1916 1613
12146 2863 1613
12147 2881 1613
12148 3064 1613
12149 632 1614
12150 1235 1614
12151 851 1615
12152 891 1615
12153 1011 1615
12154 1303 1615
12155 2159 1615
12156 2163 1615
12157 2820 1615
12158 2843 1615
12159 2963 1615
12160 582 1616
12161 609 1616
12162 1018 1616
12163 1100 1616
12164 1752 1616
12165 2054 1616
12166 2788 1616
12167 2798 1616
12168 3469 1616
12169 3476 1616
12170 538 1617
12171 565 1617
12172 783 1617
12173 1749 1617
12174 2114 1617
12175 2733 1617
12176 2743 1617
12177 2765 1617
12178 825 1618
12179 936 1618
12180 1025 1618
12181 1107 1618
12182 1516 1618
12183 1745 1618
12184 2673 1618
12185 2711 1618
12186 3069 1618
12187 3429 1618
12188 3450 1618
12189 869 1619
12190 893 1619
12191 1027 1619
12192 1745 1619
12193 1994 1619
12194 2088 1619
12195 2124 1619
12196 2175 1619
12197 2628 1619
12198 2650 1619
12199 2688 1619
12200 3353 1619
12201 3375 1619
12202 3397 1619
12203 3406 1619
12204 826 1620
12205 1916 1620
12206 1939 1620
12207 1949 1620
12208 1972 1620
12209 2618 1620
12210 3302 1620
12211 3320 1620
12212 3342 1620
12213 675 1621
12214 855 1621
12215 870 1621
12216 948 1621
12217 2563 1621
12218 2573 1621
12219 2596 1621
12220 2947 1621
12221 3243 1621
12222 3266 1621
12223 3284 1621
12224 3463 1621
12225 1122 1622
12226 1865 1622
12227 1885 1622
12228 2518 1622
12229 2540 1622
12230 3082 1622
12231 3210 1622
12232 3231 1622
12233 515 1623
12234 542 1623
12235 569 1623
12236 922 1623
12237 955 1623
12238 2464 1623
12239 2486 1623
12240 2508 1623
12241 3123 1623
12242 3155 1623
12243 3182 1623
12244 896 1624
12245 1745 1624
12246 1752 1624
12247 2431 1624
12248 2453 1624
12249 3101 1624
12250 3132 1624
12251 830 1625
12252 1052 1625
12253 2409 1625
12254 2929 1625
12255 3033 1625
12256 3461 1625
12257 830 1626
12258 969 1626
12259 2329 1626
12260 2376 1626
12261 2398 1626
12262 2198 1627
12263 2344 1627
12264 3009 1627
12265 590 1628
12266 682 1628
12267 858 1628
12268 874 1628
12269 898 1628
12270 977 1628
12271 2032 1628
12272 2033 1628
12273 2220 1628
12274 2252 1628
12275 2911 1628
12276 875 1629
12277 2217 1629
12278 2229 1629
12279 2865 1629
12280 2893 1629
12281 546 1630
12282 574 1630
12283 680 1630
12284 984 1630
12285 2060 1630
12286 2843 1630
12287 1188 1631
12288 2010 1631
12289 2060 1631
12290 2797 1631
12291 2820 1631
12292 833 1632
12293 1083 1632
12294 1085 1632
12295 2163 1632
12296 2765 1632
12297 2787 1632
12298 2862 1632
12299 834 1633
12300 928 1633
12301 2017 1633
12302 2709 1633
12303 2722 1633
12304 2733 1633
12305 2743 1633
12306 3065 1633
12307 902 1634
12308 999 1634
12309 1995 1634
12310 2673 1634
12311 2688 1634
12312 862 1635
12313 1745 1635
12314 1752 1635
12315 1917 1635
12316 1939 1635
12317 1949 1635
12318 1972 1635
12319 2618 1635
12320 2628 1635
12321 2650 1635
12322 523 1636
12323 550 1636
12324 578 1636
12325 783 1636
12326 903 1636
12327 1006 1636
12328 1894 1636
12329 2563 1636
12330 2574 1636
12331 2596 1636
12332 3266 1636
12333 950 1637
12334 1012 1637
12335 1104 1637
12336 1354 1637
12337 1835 1637
12338 1860 1637
12339 1871 1637
12340 1886 1637
12341 2519 1637
12342 2541 1637
12343 3243 1637
12344 880 1638
12345 904 1638
12346 1088 1638
12347 1779 1638
12348 1801 1638
12349 1813 1638
12350 2142 1638
12351 2165 1638
12352 2486 1638
12353 2509 1638
12354 693 1639
12355 837 1639
12356 1020 1639
12357 1734 1639
12358 1742 1639
12359 1744 1639
12360 2180 1639
12361 2454 1639
12362 2464 1639
12363 838 1640
12364 1722 1640
12365 2175 1640
12366 2409 1640
12367 2431 1640
12368 3451 1640
12369 1655 1641
12370 1688 1641
12371 2377 1641
12372 2398 1641
12373 2975 1641
12374 3022 1641
12375 3375 1641
12376 3397 1641
12377 3407 1641
12378 3430 1641
12379 661 1642
12380 688 1642
12381 866 1642
12382 1621 1642
12383 1632 1642
12384 1643 1642
12385 2193 1642
12386 2274 1642
12387 2307 1642
12388 2330 1642
12389 2346 1642
12390 3353 1642
12391 3354 1642
12392 554 1643
12393 800 1643
12394 2198 1643
12395 2252 1643
12396 2285 1643
12397 3321 1643
12398 908 1644
12399 1065 1644
12400 1561 1644
12401 2033 1644
12402 2203 1644
12403 2218 1644
12404 2220 1644
12405 2230 1644
12406 3321 1644
12407 3343 1644
12408 698 1645
12409 841 1645
12410 935 1645
12411 1041 1645
12412 1092 1645
12413 1134 1645
12414 2176 1645
12415 2198 1645
12416 3019 1645
12417 3061 1645
12418 3073 1645
12419 3183 1645
12420 3210 1645
12421 3155 1646
12422 3165 1646
12423 3174 1646
12424 842 1647
12425 884 1647
12426 2893 1647
12427 3101 1647
12428 3123 1647
12429 3133 1647
12430 692 1648
12431 2033 1648
12432 2862 1648
12433 3210 1648
12434 3232 1648
12435 3233 1648
12436 532 1649
12437 558 1649
12438 870 1649
12439 995 1649
12440 1253 1649
12441 1866 1649
12442 1972 1649
12443 1995 1649
12444 2012 1649
12445 3055 1649
12446 1096 1650
12447 1917 1650
12448 1940 1650
12449 1949 1650
12450 2010 1650
12451 2975 1650
12452 3054 1650
12453 3321 1650
12454 1003 1651
12455 1069 1651
12456 1097 1651
12457 1787 1651
12458 1894 1651
12459 2563 1651
12460 2574 1651
12461 2596 1651
12462 2744 1651
12463 2766 1651
12464 3073 1651
12465 3266 1651
12466 3277 1651
12467 3284 1651
12468 3302 1651
12469 3313 1651
12470 845 1652
12471 1320 1652
12472 1360 1652
12473 1746 1652
12474 2519 1652
12475 2541 1652
12476 2798 1652
12477 2821 1652
12478 3243 1652
12479 1683 1653
12480 2487 1653
12481 2509 1653
12482 3052 1653
12483 3074 1653
12484 3462 1653
12485 3491 1653
12486 669 1654
12487 846 1654
12488 1018 1654
12489 1633 1654
12490 2454 1654
12491 2464 1654
12492 2788 1654
12493 2957 1654
12494 536 1655
12495 888 1655
12496 1633 1655
12497 2410 1655
12498 2432 1655
12499 2733 1655
12500 2766 1655
12501 709 1656
12502 874 1656
12503 915 1656
12504 2377 1656
12505 2399 1656
12506 2689 1656
12507 2710 1656
12508 2711 1656
12509 2723 1656
12510 3076 1656
12511 1073 1657
12512 1570 1657
12513 1746 1657
12514 1940 1657
12515 2308 1657
12516 2330 1657
12517 2346 1657
12518 1033 1658
12519 1715 1658
12520 1731 1658
12521 1917 1658
12522 2285 1658
12523 2596 1658
12524 2618 1658
12525 2935 1658
12526 849 1659
12527 943 1659
12528 1683 1659
12529 1703 1659
12530 1894 1659
12531 1041 1660
12532 2674 1660
12533 540 1661
12534 701 1661
12535 850 1661
12536 1568 1661
12537 2143 1661
12538 2165 1661
12539 2651 1661
12540 2821 1661
12541 2844 1661
12542 3156 1661
12543 878 1662
12544 1048 1662
12545 2766 1662
12546 2914 1662
12547 3124 1662
12548 3133 1662
12549 3451 1662
12550 1077 1663
12551 2734 1663
12552 2744 1663
12553 3053 1663
12554 3075 1663
12555 3102 1663
12556 3234 1663
12557 3398 1663
12558 3407 1663
12559 3430 1663
12560 526 1664
12561 1056 1664
12562 1973 1664
12563 1995 1664
12564 2689 1664
12565 2711 1664
12566 3054 1664
12567 3353 1664
12568 3354 1664
12569 3376 1664
12570 1276 1665
12571 1950 1665
12572 2899 1665
12573 3074 1665
12574 853 1666
12575 968 1666
12576 1326 1666
12577 2253 1666
12578 2863 1666
12579 853 1667
12580 1063 1667
12581 2220 1667
12582 2230 1667
12583 2542 1667
12584 2564 1667
12585 3056 1667
12586 894 1668
12587 948 1668
12588 1274 1668
12589 2198 1668
12590 2520 1668
12591 3343 1668
12592 2454 1669
12593 2465 1669
12594 2487 1669
12595 2510 1669
12596 3321 1669
12597 923 1670
12598 2432 1670
12599 2798 1670
12600 2821 1670
12601 3062 1670
12602 3066 1670
12603 3232 1670
12604 3247 1670
12605 530 1671
12606 1066 1671
12607 2033 1671
12608 2377 1671
12609 2399 1671
12610 3224 1671
12611 543 1672
12612 726 1672
12613 989 1672
12614 2010 1672
12615 2308 1672
12616 2330 1672
12617 2347 1672
12618 997 1673
12619 1264 1673
12620 1918 1673
12621 1941 1673
12622 3037 1673
12623 709 1674
12624 857 1674
12625 1895 1674
12626 2165 1674
12627 3499 1674
12628 882 1675
12629 1005 1675
12630 2143 1675
12631 2198 1675
12632 3462 1675
12633 822 1676
12634 1069 1676
12635 2115 1676
12636 2176 1676
12637 2629 1676
12638 2651 1676
12639 3156 1676
12640 3205 1676
12641 927 1677
12642 1012 1677
12643 1684 1677
12644 1705 1677
12645 2432 1677
12646 2596 1677
12647 2766 1677
12648 3133 1677
12649 3195 1677
12650 3211 1677
12651 3288 1677
12652 731 1678
12653 1461 1678
12654 1747 1678
12655 2060 1678
12656 2410 1678
12657 2574 1678
12658 2744 1678
12659 3195 1678
12660 3208 1678
12661 3291 1678
12662 3431 1678
12663 928 1679
12664 954 1679
12665 1020 1679
12666 1716 1679
12667 1731 1679
12668 1996 1679
12669 2033 1679
12670 3192 1679
12671 3277 1679
12672 3292 1679
12673 3408 1679
12674 531 1680
12675 976 1680
12676 1950 1680
12677 1973 1680
12678 2308 1680
12679 713 1681
12680 1027 1681
12681 2286 1681
12682 2596 1681
12683 2619 1681
12684 902 1682
12685 1280 1682
12686 2542 1682
12687 2564 1682
12688 2821 1682
12689 2844 1682
12690 3241 1682
12691 3295 1682
12692 3321 1682
12693 930 1683
12694 1035 1683
12695 1284 1683
12696 3228 1683
12697 1479 1684
12698 1747 1684
12699 2465 1684
12700 2487 1684
12701 2510 1684
12702 2844 1684
12703 2863 1684
12704 2899 1684
12705 958 1685
12706 1042 1685
12707 1716 1685
12708 1731 1685
12709 1895 1685
12710 1918 1685
12711 2253 1685
12712 2276 1685
12713 2433 1685
12714 2455 1685
12715 2936 1685
12716 2941 1685
12717 3102 1685
12718 3124 1685
12719 3189 1685
12720 3222 1685
12721 3256 1685
12722 3452 1685
12723 689 1686
12724 862 1686
12725 1002 1686
12726 1050 1686
12727 2033 1686
12728 2346 1686
12729 2377 1686
12730 2400 1686
12731 2712 1686
12732 2734 1686
12733 3398 1686
12734 3431 1686
12735 1270 1687
12736 1460 1687
12737 2011 1687
12738 2331 1687
12739 2675 1687
12740 2689 1687
12741 2944 1687
12742 3354 1687
12743 3376 1687
12744 833 1688
12745 1057 1688
12746 2308 1688
12747 2630 1688
12748 2652 1688
12749 2822 1688
12750 2945 1688
12751 2975 1688
12752 3102 1688
12753 3297 1688
12754 890 1689
12755 2253 1689
12756 2799 1689
12757 2928 1689
12758 3268 1689
12759 934 1690
12760 1065 1690
12761 2143 1690
12762 2166 1690
12763 2199 1690
12764 2221 1690
12765 2231 1690
12766 2520 1690
12767 2542 1690
12768 2177 1691
12769 2926 1691
12770 2948 1691
12771 3213 1691
12772 2767 1692
12773 2789 1692
12774 3134 1692
12775 3157 1692
12776 3344 1692
12777 3506 1692
12778 481 1693
12779 694 1693
12780 2410 1693
12781 2433 1693
12782 2745 1693
12783 3321 1693
12784 3431 1693
12785 3463 1693
12786 848 1694
12787 984 1694
12788 1216 1694
12789 1640 1694
12790 1705 1694
12791 1996 1694
12792 3190 1694
12793 3408 1694
12794 910 1695
12795 1581 1695
12796 1684 1695
12797 1950 1695
12798 1973 1695
12799 2949 1695
12800 2950 1695
12801 964 1696
12802 1918 1696
12803 1941 1696
12804 2597 1696
12805 2619 1696
12806 3191 1696
12807 3295 1696
12808 938 1697
12809 1895 1697
12810 2565 1697
12811 2575 1697
12812 3051 1697
12813 3063 1697
12814 3295 1697
12815 999 1698
12816 2543 1698
12817 3210 1698
12818 3276 1698
12819 486 1699
12820 698 1699
12821 840 1699
12822 1084 1699
12823 2465 1699
12824 2488 1699
12825 3075 1699
12826 3102 1699
12827 3276 1699
12828 752 1700
12829 838 1700
12830 870 1700
12831 1006 1700
12832 1480 1700
12833 2254 1700
12834 2276 1700
12835 2433 1700
12836 2455 1700
12837 3103 1700
12838 1014 1701
12839 2346 1701
12840 2378 1701
12841 2400 1701
12842 2712 1701
12843 2734 1701
12844 3201 1701
12845 3288 1701
12846 914 1702
12847 1895 1702
12848 1973 1702
12849 2690 1702
12850 2900 1702
12851 3281 1702
12852 897 1703
12853 1021 1703
12854 1950 1703
12855 2144 1703
12856 2309 1703
12857 2331 1703
12858 2630 1703
12859 2652 1703
12860 2675 1703
12861 2845 1703
12862 2863 1703
12863 2949 1703
12864 2110 1704
12865 2116 1704
12866 2121 1704
12867 2286 1704
12868 2822 1704
12869 547 1705
12870 1029 1705
12871 1091 1705
12872 1549 1705
12873 1748 1705
12874 2520 1705
12875 2543 1705
12876 842 1706
12877 970 1706
12878 1643 1706
12879 1716 1706
12880 1732 1706
12881 1974 1706
12882 1996 1706
12883 2177 1706
12884 2199 1706
12885 3376 1706
12886 460 1707
12887 489 1707
12888 944 1707
12889 2799 1707
12890 2822 1707
12891 2900 1707
12892 3125 1707
12893 3354 1707
12894 1187 1708
12895 2411 1708
12896 2433 1708
12897 3103 1708
12898 3431 1708
12899 3452 1708
12900 917 1709
12901 1044 1709
12902 2974 1709
12903 3377 1709
12904 3398 1709
12905 3409 1709
12906 946 1710
12907 1452 1710
12908 1474 1710
12909 1051 1711
12910 1087 1711
12911 2276 1711
12912 2597 1711
12913 2619 1711
12914 3514 1711
12915 1182 1712
12916 2232 1712
12917 2254 1712
12918 2565 1712
12919 2575 1712
12920 2926 1712
12921 2938 1712
12922 3463 1712
12923 465 1713
12924 994 1713
12925 1059 1713
12926 2144 1713
12927 2167 1713
12928 2199 1713
12929 2221 1713
12930 2543 1713
12931 877 1714
12932 2466 1714
12933 2789 1714
12934 1475 1715
12935 2488 1715
12936 2510 1715
12937 2745 1715
12938 2767 1715
12939 1072 1716
12940 1685 1716
12941 1705 1716
12942 2713 1716
12943 2735 1716
12944 2937 1716
12945 3157 1716
12946 3516 1716
12947 950 1717
12948 1179 1717
12949 1997 1717
12950 2690 1717
12951 3241 1717
12952 3322 1717
12953 3344 1717
12954 555 1718
12955 862 1718
12956 1011 1718
12957 1082 1718
12958 1111 1718
12959 1447 1718
12960 1942 1718
12961 1951 1718
12962 1974 1718
12963 2331 1718
12964 2675 1718
12965 3257 1718
12966 3276 1718
12967 977 1719
12968 1116 1719
12969 1199 1719
12970 1447 1719
12971 1903 1719
12972 1919 1719
12973 2287 1719
12974 2309 1719
12975 2653 1719
12976 2974 1719
12977 3223 1719
12978 469 1720
12979 2347 1720
12980 2378 1720
12981 2543 1720
12982 2900 1720
12983 2144 1721
12984 2177 1721
12985 2199 1721
12986 2521 1721
12987 2864 1721
12988 3202 1721
12989 855 1722
12990 925 1722
12991 1023 1722
12992 1024 1722
12993 2122 1722
12994 2631 1722
12995 2653 1722
12996 3134 1722
12997 3157 1722
12998 909 1723
12999 2411 1723
13000 2433 1723
13001 3103 1723
13002 3125 1723
13003 3432 1723
13004 3453 1723
13005 714 1724
13006 1000 1724
13007 1108 1724
13008 2378 1724
13009 2400 1724
13010 2983 1724
13011 3377 1724
13012 3398 1724
13013 3409 1724
13014 769 1725
13015 1594 1725
13016 2167 1725
13017 2822 1725
13018 2845 1725
13019 982 1726
13020 1748 1726
13021 2144 1726
13022 2620 1726
13023 1044 1727
13024 1179 1727
13025 1196 1727
13026 1441 1727
13027 1491 1727
13028 1717 1727
13029 1732 1727
13030 2575 1727
13031 2597 1727
13032 1440 1728
13033 2543 1728
13034 2565 1728
13035 1051 1729
13036 1423 1729
13037 2790 1729
13038 2926 1729
13039 3503 1729
13040 509 1730
13041 2456 1730
13042 2466 1730
13043 2488 1730
13044 2511 1730
13045 2746 1730
13046 2768 1730
13047 2927 1730
13048 3329 1730
13049 3344 1730
13050 3464 1730
13051 957 1731
13052 1074 1731
13053 1103 1731
13054 1427 1731
13055 1433 1731
13056 2433 1731
13057 2735 1731
13058 985 1732
13059 1004 1732
13060 1060 1732
13061 1997 1732
13062 2713 1732
13063 2736 1732
13064 3354 1732
13065 3377 1732
13066 421 1733
13067 1031 1733
13068 1716 1733
13069 1731 1733
13070 1748 1733
13071 1974 1733
13072 2800 1733
13073 2823 1733
13074 786 1734
13075 889 1734
13076 1031 1734
13077 1685 1734
13078 1706 1734
13079 1714 1734
13080 1942 1734
13081 1951 1734
13082 2255 1734
13083 2277 1734
13084 2287 1734
13085 2309 1734
13086 2332 1734
13087 2996 1734
13088 1909 1735
13089 2232 1735
13090 2900 1735
13091 2940 1735
13092 1467 1736
13093 1713 1736
13094 2178 1736
13095 2200 1736
13096 2521 1736
13097 2543 1736
13098 916 1737
13099 961 1737
13100 1466 1737
13101 3158 1737
13102 891 1738
13103 2434 1738
13104 2900 1738
13105 3103 1738
13106 3126 1738
13107 3135 1738
13108 3432 1738
13109 3453 1738
13110 426 1739
13111 989 1739
13112 2200 1739
13113 2222 1739
13114 2347 1739
13115 2379 1739
13116 2411 1739
13117 2740 1739
13118 2864 1739
13119 2943 1739
13120 3314 1739
13121 3399 1739
13122 3409 1739
13123 777 1740
13124 1035 1740
13125 1881 1740
13126 1902 1740
13127 2789 1740
13128 3377 1740
13129 1185 1741
13130 2620 1741
13131 2631 1741
13132 2653 1741
13133 2676 1741
13134 2743 1741
13135 2768 1741
13136 2943 1741
13137 519 1742
13138 1185 1742
13139 1399 1742
13140 1789 1742
13141 2576 1742
13142 2598 1742
13143 3490 1742
13144 1099 1743
13145 2544 1743
13146 2566 1743
13147 770 1744
13148 920 1744
13149 965 1744
13150 1065 1744
13151 1094 1744
13152 1177 1744
13153 2145 1744
13154 2168 1744
13155 3487 1744
13156 431 1745
13157 894 1745
13158 993 1745
13159 1012 1745
13160 1103 1745
13161 2122 1745
13162 2466 1745
13163 2488 1745
13164 2511 1745
13165 2929 1745
13166 3126 1745
13167 3464 1745
13168 1098 1746
13169 2401 1746
13170 2434 1746
13171 2456 1746
13172 2823 1746
13173 2846 1746
13174 3082 1746
13175 3102 1746
13176 875 1747
13177 1039 1747
13178 1105 1747
13179 1881 1747
13180 1905 1747
13181 2379 1747
13182 2949 1747
13183 3045 1747
13184 897 1748
13185 1101 1748
13186 1975 1748
13187 1997 1748
13188 3018 1748
13189 3033 1748
13190 730 1749
13191 940 1749
13192 1942 1749
13193 1952 1749
13194 2277 1749
13195 2310 1749
13196 2332 1749
13197 1397 1750
13198 1749 1750
13199 1915 1750
13200 2233 1750
13201 2255 1750
13202 924 1751
13203 968 1751
13204 1702 1751
13205 1706 1751
13206 1714 1751
13207 1727 1751
13208 1731 1751
13209 2178 1751
13210 2200 1751
13211 2521 1751
13212 2544 1751
13213 3183 1751
13214 997 1752
13215 1651 1752
13216 1673 1752
13217 1685 1752
13218 2917 1752
13219 2975 1752
13220 2981 1752
13221 3291 1752
13222 3354 1752
13223 3377 1752
13224 758 1753
13225 802 1753
13226 2434 1753
13227 2864 1753
13228 3432 1753
13229 3454 1753
13230 723 1754
13231 1043 1754
13232 1605 1754
13233 2412 1754
13234 2983 1754
13235 3345 1754
13236 3399 1754
13237 3410 1754
13238 3527 1754
13239 900 1755
13240 1044 1755
13241 1441 1755
13242 2961 1755
13243 3322 1755
13244 3377 1755
13245 2620 1756
13246 2631 1756
13247 2653 1756
13248 2676 1756
13249 2866 1756
13250 2901 1756
13251 2939 1756
13252 2966 1756
13253 2986 1756
13254 3158 1756
13255 3515 1756
13256 806 1757
13257 973 1757
13258 1086 1757
13259 2576 1757
13260 2598 1757
13261 3018 1757
13262 3135 1757
13263 928 1758
13264 1056 1758
13265 1094 1758
13266 2348 1758
13267 2379 1758
13268 2544 1758
13269 2566 1758
13270 3323 1758
13271 3532 1758
13272 1001 1759
13273 1020 1759
13274 2168 1759
13275 3488 1759
13276 3513 1759
13277 790 1760
13278 2123 1760
13279 2146 1760
13280 2466 1760
13281 2489 1760
13282 2511 1760
13283 2800 1760
13284 2823 1760
13285 2987 1760
13286 3286 1760
13287 3464 1760
13288 745 1761
13289 799 1761
13290 884 1761
13291 2434 1761
13292 2456 1761
13293 2988 1761
13294 3193 1761
13295 3201 1761
13296 3276 1761
13297 3287 1761
13298 3410 1761
13299 3433 1761
13300 3511 1761
13301 904 1762
13302 948 1762
13303 1369 1762
13304 2952 1762
13305 3290 1762
13306 886 1763
13307 1975 1763
13308 1998 1763
13309 2928 1763
13310 2954 1763
13311 3158 1763
13312 3190 1763
13313 3273 1763
13314 783 1764
13315 932 1764
13316 976 1764
13317 1436 1764
13318 1943 1764
13319 1952 1764
13320 2277 1764
13321 2332 1764
13322 793 1765
13323 1024 1765
13324 1052 1765
13325 1921 1765
13326 2223 1765
13327 2233 1765
13328 2255 1765
13329 2288 1765
13330 2310 1765
13331 2747 1765
13332 2768 1765
13333 3188 1765
13334 3207 1765
13335 1005 1766
13336 2200 1766
13337 2988 1766
13338 3535 1766
13339 1402 1767
13340 2823 1767
13341 2846 1767
13342 2918 1767
13343 3185 1767
13344 732 1768
13345 1407 1768
13346 2457 1768
13347 2768 1768
13348 2790 1768
13349 2965 1768
13350 3103 1768
13351 3126 1768
13352 3293 1768
13353 786 1769
13354 908 1769
13355 952 1769
13356 1086 1769
13357 2401 1769
13358 2412 1769
13359 2434 1769
13360 2691 1769
13361 2740 1769
13362 2741 1769
13363 2747 1769
13364 2966 1769
13365 2986 1769
13366 3209 1769
13367 3237 1769
13368 2379 1770
13369 2734 1770
13370 2913 1770
13371 2986 1770
13372 3245 1770
13373 3270 1770
13374 3355 1770
13375 3378 1770
13376 3399 1770
13377 935 1771
13378 980 1771
13379 1048 1771
13380 1077 1771
13381 1116 1771
13382 1410 1771
13383 2631 1771
13384 2654 1771
13385 2676 1771
13386 2731 1771
13387 3535 1771
13388 726 1772
13389 770 1772
13390 1009 1772
13391 1116 1772
13392 1581 1772
13393 2598 1772
13394 2621 1772
13395 2902 1772
13396 3103 1772
13397 770 1773
13398 1216 1773
13399 1577 1773
13400 2871 1773
13401 2884 1773
13402 3063 1773
13403 2169 1774
13404 2178 1774
13405 2201 1774
13406 2522 1774
13407 2544 1774
13408 2729 1774
13409 2745 1774
13410 2971 1774
13411 2978 1774
13412 3055 1774
13413 3182 1774
13414 3511 1774
13415 1030 1775
13416 1106 1775
13417 1108 1775
13418 2146 1775
13419 2801 1775
13420 2823 1775
13421 3019 1775
13422 3066 1775
13423 3159 1775
13424 3181 1775
13425 3270 1775
13426 3488 1775
13427 821 1776
13428 912 1776
13429 955 1776
13430 2123 1776
13431 2466 1776
13432 2489 1776
13433 2511 1776
13434 2866 1776
13435 3051 1776
13436 3052 1776
13437 3067 1776
13438 3136 1776
13439 3294 1776
13440 3433 1776
13441 3454 1776
13442 719 1777
13443 984 1777
13444 1073 1777
13445 2348 1777
13446 2379 1777
13447 3410 1777
13448 939 1778
13449 1043 1778
13450 1375 1778
13451 3526 1778
13452 1202 1779
13453 1327 1779
13454 1952 1779
13455 1975 1779
13456 3323 1779
13457 3345 1779
13458 758 1780
13459 820 1780
13460 2256 1780
13461 2310 1780
13462 2333 1780
13463 2576 1780
13464 2599 1780
13465 3209 1780
13466 767 1781
13467 1512 1781
13468 2233 1781
13469 2288 1781
13470 2544 1781
13471 2567 1781
13472 3273 1781
13473 915 1782
13474 959 1782
13475 3048 1782
13476 3292 1782
13477 2769 1783
13478 2790 1783
13479 3071 1783
13480 3127 1783
13481 3207 1783
13482 3523 1783
13483 814 1784
13484 988 1784
13485 1039 1784
13486 1068 1784
13487 1314 1784
13488 2036 1784
13489 2402 1784
13490 2412 1784
13491 2435 1784
13492 2457 1784
13493 2714 1784
13494 2731 1784
13495 3103 1784
13496 3410 1784
13497 3433 1784
13498 706 1785
13499 943 1785
13500 1016 1785
13501 2013 1785
13502 2380 1785
13503 2692 1785
13504 2732 1785
13505 3294 1785
13506 3378 1785
13507 3399 1785
13508 2654 1786
13509 2677 1786
13510 3196 1786
13511 3282 1786
13512 3294 1786
13513 3355 1786
13514 1930 1787
13515 1943 1787
13516 2278 1787
13517 2599 1787
13518 2621 1787
13519 2632 1787
13520 2747 1787
13521 2769 1787
13522 745 1788
13523 2256 1788
13524 2847 1788
13525 700 1789
13526 754 1789
13527 830 1789
13528 919 1789
13529 963 1789
13530 2522 1789
13531 2545 1789
13532 2824 1789
13533 3191 1789
13534 3213 1789
13535 3236 1789
13536 3237 1789
13537 3245 1789
13538 1019 1790
13539 2146 1790
13540 2169 1790
13541 2223 1790
13542 2737 1790
13543 2801 1790
13544 2824 1790
13545 3048 1790
13546 3071 1790
13547 3159 1790
13548 3191 1790
13549 3488 1790
13550 992 1791
13551 1064 1791
13552 2124 1791
13553 2179 1791
13554 2201 1791
13555 2467 1791
13556 2489 1791
13557 2511 1791
13558 3136 1791
13559 3465 1791
13560 947 1792
13561 3019 1792
13562 693 1793
13563 738 1793
13564 748 1793
13565 1999 1793
13566 2333 1793
13567 3284 1793
13568 1236 1794
13569 1351 1794
13570 1419 1794
13571 1976 1794
13572 2288 1794
13573 2311 1794
13574 3285 1794
13575 1953 1795
13576 2577 1795
13577 2599 1795
13578 923 1796
13579 967 1796
13580 1068 1796
13581 2348 1796
13582 2380 1796
13583 3298 1796
13584 732 1797
13585 742 1797
13586 996 1797
13587 1060 1797
13588 1030 1798
13589 3066 1798
13590 3127 1798
13591 3489 1798
13592 1221 1799
13593 1512 1799
13594 2413 1799
13595 2435 1799
13596 2457 1799
13597 3104 1799
13598 3159 1799
13599 3179 1799
13600 3434 1799
13601 3455 1799
13602 3489 1799
13603 3511 1799
13604 2013 1800
13605 2036 1800
13606 2380 1800
13607 2402 1800
13608 3055 1800
13609 3086 1800
13610 3104 1800
13611 3411 1800
13612 681 1801
13613 838 1801
13614 2333 1801
13615 2654 1801
13616 2677 1801
13617 2998 1801
13618 3017 1801
13619 3020 1801
13620 3036 1801
13621 3066 1801
13622 3355 1801
13623 3378 1801
13624 1064 1802
13625 1953 1802
13626 1976 1802
13627 2278 1802
13628 2288 1802
13629 2311 1802
13630 2599 1802
13631 2601 1802
13632 2621 1802
13633 2632 1802
13634 2932 1802
13635 2941 1802
13636 2957 1802
13637 2960 1802
13638 2979 1802
13639 2985 1802
13640 835 1803
13641 926 1803
13642 971 1803
13643 2234 1803
13644 2256 1803
13645 2884 1803
13646 2903 1803
13647 2904 1803
13648 2922 1803
13649 3299 1803
13650 3323 1803
13651 3345 1803
13652 3550 1803
13653 1000 1804
13654 2523 1804
13655 2545 1804
13656 2567 1804
13657 2866 1804
13658 3524 1804
13659 674 1805
13660 719 1805
13661 1451 1805
13662 1453 1805
13663 2170 1805
13664 2824 1805
13665 3269 1805
13666 3489 1805
13667 729 1806
13668 842 1806
13669 955 1806
13670 1113 1806
13671 1387 1806
13672 2147 1806
13673 2489 1806
13674 2512 1806
13675 2738 1806
13676 2801 1806
13677 3245 1806
13678 3465 1806
13679 829 1807
13680 2124 1807
13681 2692 1807
13682 2715 1807
13683 839 1808
13684 2791 1808
13685 3213 1808
13686 3236 1808
13687 3379 1808
13688 3400 1808
13689 713 1809
13690 1059 1809
13691 1976 1809
13692 1999 1809
13693 2769 1809
13694 3159 1809
13695 3191 1809
13696 722 1810
13697 1107 1810
13698 1243 1810
13699 1596 1810
13700 1953 1810
13701 2601 1810
13702 2769 1810
13703 2824 1810
13704 2847 1810
13705 3137 1810
13706 634 1811
13707 823 1811
13708 1003 1811
13709 1004 1811
13710 1051 1811
13711 2201 1811
13712 2224 1811
13713 2577 1811
13714 2748 1811
13715 833 1812
13716 1247 1812
13717 2113 1812
13718 2179 1812
13719 662 1813
13720 706 1813
13721 1559 1813
13722 1703 1813
13723 2064 1813
13724 2091 1813
13725 3127 1813
13726 716 1814
13727 932 1814
13728 1667 1814
13729 1675 1814
13730 2201 1814
13731 3104 1814
13732 816 1815
13733 1054 1815
13734 1229 1815
13735 1630 1815
13736 2014 1815
13737 2036 1815
13738 2179 1815
13739 2349 1815
13740 2380 1815
13741 763 1816
13742 826 1816
13743 2334 1816
13744 2677 1816
13745 934 1817
13746 979 1817
13747 1018 1817
13748 2311 1817
13749 2622 1817
13750 2632 1817
13751 2654 1817
13752 709 1818
13753 2601 1818
13754 621 1819
13755 923 1819
13756 962 1819
13757 1095 1819
13758 2413 1819
13759 2435 1819
13760 2458 1819
13761 2538 1819
13762 2545 1819
13763 2553 1819
13764 2568 1819
13765 756 1820
13766 820 1820
13767 1228 1820
13768 2523 1820
13769 649 1821
13770 693 1821
13771 936 1821
13772 2147 1821
13773 2170 1821
13774 703 1822
13775 1050 1822
13776 1430 1822
13777 1458 1822
13778 2125 1822
13779 982 1823
13780 1944 1823
13781 813 1824
13782 1013 1824
13783 1088 1824
13784 1563 1824
13785 1999 1824
13786 687 1825
13787 1976 1825
13788 2257 1825
13789 2279 1825
13790 2601 1825
13791 3489 1825
13792 3512 1825
13793 3524 1825
13794 3558 1825
13795 928 1826
13796 2202 1826
13797 2224 1826
13798 2577 1826
13799 3411 1826
13800 3434 1826
13801 3455 1826
13802 3466 1826
13803 797 1827
13804 1432 1827
13805 3324 1827
13806 3346 1827
13807 3356 1827
13808 3379 1827
13809 3400 1827
13810 857 1828
13811 858 1828
13812 1082 1828
13813 1129 1828
13814 2866 1828
13815 3289 1828
13816 3301 1828
13817 636 1829
13818 743 1829
13819 1045 1829
13820 3053 1829
13821 3068 1829
13822 3180 1829
13823 3191 1829
13824 3214 1829
13825 3236 1829
13826 3246 1829
13827 3269 1829
13828 691 1830
13829 1038 1830
13830 1516 1830
13831 2014 1830
13832 2037 1830
13833 3105 1830
13834 3128 1830
13835 3137 1830
13836 3160 1830
13837 3524 1830
13838 562 1831
13839 853 1831
13840 941 1831
13841 1009 1831
13842 2868 1831
13843 3018 1831
13844 3037 1831
13845 3050 1831
13846 3071 1831
13847 3087 1831
13848 3532 1831
13849 800 1832
13850 1076 1832
13851 1976 1832
13852 2846 1832
13853 2961 1832
13854 2980 1832
13855 2999 1832
13856 675 1833
13857 737 1833
13858 970 1833
13859 988 1833
13860 1123 1833
13861 1408 1833
13862 1954 1833
13863 2872 1833
13864 2904 1833
13865 2923 1833
13866 2942 1833
13867 1130 1834
13868 2715 1834
13869 2738 1834
13870 2748 1834
13871 2770 1834
13872 2792 1834
13873 2802 1834
13874 2825 1834
13875 2843 1834
13876 2885 1834
13877 596 1835
13878 784 1835
13879 2693 1835
13880 794 1836
13881 1409 1836
13882 2602 1836
13883 2622 1836
13884 2633 1836
13885 2655 1836
13886 2678 1836
13887 731 1837
13888 1004 1837
13889 1070 1837
13890 1400 1837
13891 2538 1837
13892 2553 1837
13893 2568 1837
13894 2578 1837
13895 1033 1838
13896 2523 1838
13897 3539 1838
13898 2349 1839
13899 2381 1839
13900 2403 1839
13901 2414 1839
13902 2436 1839
13903 2458 1839
13904 2467 1839
13905 2512 1839
13906 787 1840
13907 974 1840
13908 2279 1840
13909 2334 1840
13910 3566 1840
13911 662 1841
13912 724 1841
13913 947 1841
13914 1063 1841
13915 1111 1841
13916 2092 1841
13917 2114 1841
13918 2180 1841
13919 2202 1841
13920 2224 1841
13921 2235 1841
13922 2257 1841
13923 2289 1841
13924 2312 1841
13925 1036 1842
13926 2064 1842
13927 3524 1842
13928 3527 1842
13929 771 1843
13930 1943 1843
13931 2014 1843
13932 2148 1843
13933 2171 1843
13934 3502 1843
13935 3507 1843
13936 781 1844
13937 949 1844
13938 1029 1844
13939 1610 1844
13940 1883 1844
13941 1977 1844
13942 2000 1844
13943 2126 1844
13944 3478 1844
13945 718 1845
13946 941 1845
13947 1057 1845
13948 1954 1845
13949 3404 1845
13950 3464 1845
13951 665 1846
13952 3379 1846
13953 3416 1846
13954 3440 1846
13955 607 1847
13956 828 1847
13957 1751 1847
13958 3292 1847
13959 3313 1847
13960 3335 1847
13961 3356 1847
13962 951 1848
13963 1158 1848
13964 1704 1848
13965 1730 1848
13966 3254 1848
13967 3271 1848
13968 1469 1849
13969 1683 1849
13970 1691 1849
13971 3202 1849
13972 3543 1849
13973 979 1850
13974 1098 1850
13975 1406 1850
13976 1441 1850
13977 1645 1850
13978 3123 1850
13979 3229 1850
13980 1025 1851
13981 2939 1851
13982 2964 1851
13983 3150 1851
13984 3173 1851
13985 758 1852
13986 872 1852
13987 945 1852
13988 953 1852
13989 2697 1852
13990 2725 1852
13991 2829 1852
13992 2883 1852
13993 3232 1852
13994 3250 1852
13995 705 1853
13996 768 1853
13997 2646 1853
13998 2755 1853
13999 2805 1853
14000 2856 1853
14001 2911 1853
14002 3153 1853
14003 581 1854
14004 1045 1854
14005 2619 1854
14006 2673 1854
14007 2778 1854
14008 523 1855
14009 815 1855
14010 1092 1855
14011 1203 1855
14012 2567 1855
14013 2835 1855
14014 2934 1855
14015 3171 1855
14016 752 1856
14017 1147 1856
14018 2390 1856
14019 2420 1856
14020 2466 1856
14021 2595 1856
14022 2693 1856
14023 2757 1856
14024 2913 1856
14025 3507 1856
14026 3533 1856
14027 699 1857
14028 762 1857
14029 875 1857
14030 2333 1857
14031 2360 1857
14032 2676 1857
14033 2775 1857
14034 2853 1857
14035 3572 1857
14036 862 1858
14037 2616 1858
14038 809 1859
14039 1086 1859
14040 2188 1859
14041 2218 1859
14042 2249 1859
14043 2277 1859
14044 2300 1859
14045 2319 1859
14046 2597 1859
14047 745 1860
14048 755 1861
14049 1093 1861
14050 2085 1861
14051 2103 1861
14052 2121 1861
14053 2138 1861
14054 2322 1861
14055 2330 1861
14056 856 1862
14057 2021 1862
14058 2048 1862
14059 2067 1862
14060 2159 1862
14061 865 1863
14062 1079 1863
14063 2296 1863
14064 3502 1863
14065 739 1864
14066 987 1864
14067 2162 1864
14068 2183 1864
14069 3404 1864
14070 3478 1864
14071 749 1865
14072 1087 1865
14073 1710 1865
14074 1748 1865
14075 1766 1865
14076 1784 1865
14077 1802 1865
14078 3379 1865
14079 3417 1865
14080 3441 1865
14081 3465 1865
14082 3510 1865
14083 849 1866
14084 1670 1866
14085 1722 1866
14086 1992 1866
14087 3550 1866
14088 1027 1867
14089 733 1868
14090 1418 1868
14091 1450 1868
14092 742 1869
14093 1169 1869
14094 1210 1869
14095 1994 1869
14096 843 1870
14097 1615 1870
14098 3123 1870
14099 3154 1870
14100 3202 1870
14101 3233 1870
14102 1021 1871
14103 3172 1871
14104 964 1872
14105 1618 1872
14106 2934 1872
14107 2964 1872
14108 736 1873
14109 1211 1873
14110 2805 1873
14111 2835 1873
14112 2883 1873
14113 2913 1873
14114 3539 1873
14115 1994 1874
14116 3579 1874
14117 720 1876
14118 783 1876
14119 1014 1876
14120 1210 1876
14121 1535 1876
14122 1714 1876
14123 2854 1876
14124 2883 1876
14125 3336 1876
14126 3357 1876
14127 3364 1876
14128 3379 1876
14129 3541 1876
14130 730 1877
14131 979 1877
14132 1012 1877
14133 2016 1877
14134 3272 1877
14135 3293 1877
14136 3314 1877
14137 542 1878
14138 1007 1878
14139 2016 1878
14140 3250 1878
14141 1068 1879
14142 1208 1879
14143 714 1880
14144 776 1880
14145 2296 1880
14146 2323 1880
14147 723 1881
14148 889 1881
14149 2183 1881
14150 3502 1881
14151 824 1882
14152 1009 1882
14153 2161 1882
14154 3465 1882
14155 3478 1882
14156 3517 1882
14157 833 1883
14158 1062 1883
14159 1109 1883
14160 2597 1883
14161 2694 1883
14162 2725 1883
14163 2757 1883
14164 3379 1883
14165 3405 1883
14166 3417 1883
14167 3441 1883
14168 3556 1883
14169 770 1884
14170 970 1884
14171 1717 1884
14172 2048 1884
14173 2218 1884
14174 2567 1884
14175 2646 1884
14176 2676 1884
14177 2805 1884
14178 967 1885
14179 2617 1885
14180 2775 1885
14181 3518 1885
14182 881 1886
14183 817 1887
14184 827 1887
14185 972 1887
14186 763 1888
14187 1005 1888
14188 1103 1888
14189 1680 1889
14190 999 1890
14191 1042 1890
14192 811 1891
14193 3154 1891
14194 3585 1891
14195 695 1892
14196 757 1892
14197 820 1892
14198 1049 1892
14199 3123 1892
14200 3202 1892
14201 3233 1892
14202 2965 1893
14203 3172 1893
14204 3547 1893
14205 867 1894
14206 1037 1894
14207 1490 1894
14208 1493 1894
14209 1627 1894
14210 2836 1894
14211 2883 1894
14212 2914 1894
14213 2934 1894
14214 1722 1895
14215 2806 1895
14216 751 1896
14217 1554 1896
14218 2217 1896
14219 698 1897
14220 1683 1897
14221 2066 1897
14222 2067 1897
14223 2082 1897
14224 2085 1897
14225 2103 1897
14226 2122 1897
14227 2128 1897
14228 2139 1897
14229 2158 1897
14230 2854 1897
14231 2883 1897
14232 1030 1898
14233 2012 1898
14234 798 1899
14235 1551 1899
14236 2059 1899
14237 2179 1899
14238 744 1900
14239 807 1900
14240 3478 1900
14241 3503 1900
14242 3563 1900
14243 620 1901
14244 1084 1901
14245 2049 1901
14246 2296 1901
14247 2323 1901
14248 3380 1901
14249 3405 1901
14250 3417 1901
14251 3441 1901
14252 3465 1901
14253 996 1902
14254 1725 1902
14255 3525 1902
14256 791 1903
14257 1024 1903
14258 1987 1903
14259 738 1904
14260 901 1904
14261 1535 1904
14262 1551 1904
14263 2421 1905
14264 2439 1905
14265 2467 1905
14266 3251 1905
14267 3552 1905
14268 1078 1906
14269 1185 1906
14270 1542 1906
14271 2357 1906
14272 2361 1906
14273 2385 1906
14274 2391 1906
14275 2412 1906
14276 785 1907
14277 848 1907
14278 1018 1907
14279 1738 1907
14280 1748 1907
14281 1766 1907
14282 1784 1907
14283 1802 1907
14284 2047 1907
14285 2330 1907
14286 3254 1907
14287 3314 1907
14288 3336 1907
14289 3346 1907
14290 794 1908
14291 895 1908
14292 1184 1908
14293 1468 1908
14294 1727 1908
14295 2214 1908
14296 3272 1908
14297 3293 1908
14298 3348 1908
14299 732 1909
14300 1543 1909
14301 1688 1909
14302 3552 1909
14303 842 1910
14304 905 1910
14305 986 1910
14306 1024 1910
14307 2213 1910
14308 3380 1910
14309 778 1911
14310 985 1911
14311 2694 1911
14312 2725 1911
14313 2758 1911
14314 689 1912
14315 788 1912
14316 2567 1912
14317 2598 1912
14318 2647 1912
14319 2677 1912
14320 2806 1912
14321 3549 1912
14322 725 1913
14323 2153 1913
14324 2617 1913
14325 2776 1913
14326 3124 1913
14327 3155 1913
14328 3233 1913
14329 3503 1913
14330 3546 1913
14331 1065 1914
14332 1257 1914
14333 2006 1914
14334 3172 1914
14335 3203 1914
14336 835 1915
14337 1691 1915
14338 2965 1915
14339 782 1916
14340 1005 1916
14341 2174 1916
14342 2836 1916
14343 2884 1916
14344 2914 1916
14345 2935 1916
14346 3354 1916
14347 882 1917
14348 1551 1917
14349 1571 1917
14350 2806 1917
14351 3466 1917
14352 3531 1917
14353 3544 1917
14354 693 1918
14355 892 1918
14356 1506 1918
14357 1554 1918
14358 1573 1918
14359 2854 1918
14360 2884 1918
14361 3417 1918
14362 3465 1918
14363 3479 1918
14364 3496 1918
14365 766 1919
14366 829 1919
14367 3405 1919
14368 1442 1920
14369 1556 1920
14370 2042 1920
14371 3380 1920
14372 3418 1920
14373 3465 1920
14374 3571 1920
14375 713 1921
14376 3419 1921
14377 885 1922
14378 1506 1922
14379 1693 1922
14380 2297 1922
14381 2323 1922
14382 3283 1922
14383 3302 1922
14384 3322 1922
14385 3354 1922
14386 3460 1922
14387 3463 1922
14388 3478 1922
14389 3537 1922
14390 3543 1922
14391 822 1923
14392 3254 1923
14393 3327 1923
14394 3421 1923
14395 3441 1923
14396 3495 1923
14397 670 1924
14398 759 1924
14399 769 1924
14400 1005 1924
14401 1579 1924
14402 3543 1924
14403 3544 1924
14404 1567 1925
14405 581 1926
14406 3251 1926
14407 3351 1926
14408 3501 1926
14409 816 1927
14410 1735 1927
14411 2040 1927
14412 3351 1927
14413 3406 1927
14414 753 1928
14415 999 1928
14416 1569 1928
14417 1570 1928
14418 2039 1928
14419 3407 1928
14420 1641 1929
14421 2206 1929
14422 3408 1929
14423 3476 1929
14424 675 1930
14425 873 1930
14426 3348 1930
14427 3474 1930
14428 3522 1930
14429 3568 1930
14430 809 1931
14431 1999 1931
14432 3338 1931
14433 3546 1931
14434 746 1932
14435 756 1932
14436 1040 1932
14437 2126 1932
14438 3342 1932
14439 3410 1932
14440 3411 1932
14441 1973 1933
14442 2109 1933
14443 2142 1933
14444 3470 1933
14445 918 1934
14446 1038 1934
14447 2107 1934
14448 3124 1934
14449 3155 1934
14450 3416 1934
14451 3432 1934
14452 3450 1934
14453 3465 1934
14454 3549 1934
14455 803 1935
14456 866 1935
14457 1482 1935
14458 3234 1935
14459 3417 1935
14460 3422 1935
14461 3553 1935
14462 3563 1935
14463 740 1936
14464 1514 1936
14465 2278 1936
14466 2914 1936
14467 3173 1936
14468 3203 1936
14469 850 1937
14470 913 1937
14471 1015 1937
14472 2092 1937
14473 2094 1937
14474 2164 1937
14475 2203 1937
14476 2250 1937
14477 2597 1937
14478 2837 1937
14479 2884 1937
14480 2935 1937
14481 2965 1937
14482 860 1938
14483 1007 1938
14484 2806 1938
14485 2278 1939
14486 2726 1939
14487 2758 1939
14488 2854 1939
14489 2884 1939
14490 1200 1940
14491 2250 1940
14492 2297 1940
14493 2568 1940
14494 2593 1940
14495 2677 1940
14496 2695 1940
14497 2806 1940
14498 843 1941
14499 907 1941
14500 1577 1941
14501 1701 1941
14502 2321 1941
14503 2332 1941
14504 2385 1941
14505 2413 1941
14506 2440 1941
14507 2467 1941
14508 2618 1941
14509 2647 1941
14510 2776 1941
14511 2031 1942
14512 2081 1942
14513 2300 1942
14514 2358 1942
14515 3522 1942
14516 853 1943
14517 2318 1943
14518 728 1944
14519 3283 1944
14520 3501 1944
14521 900 1945
14522 3251 1945
14523 2028 1946
14524 784 1947
14525 1961 1947
14526 1990 1947
14527 1455 1948
14528 1766 1948
14529 1784 1948
14530 1803 1948
14531 3497 1948
14532 731 1949
14533 830 1949
14534 894 1949
14535 1055 1949
14536 1164 1949
14537 714 1950
14538 1049 1950
14539 1520 1950
14540 1755 1950
14541 777 1951
14542 1591 1951
14543 2110 1951
14544 2130 1951
14545 3531 1951
14546 1163 1952
14547 2067 1952
14548 2196 1952
14549 2278 1952
14550 1746 1953
14551 2100 1953
14552 887 1954
14553 2132 1954
14554 771 1955
14555 834 1955
14556 1583 1955
14557 3125 1955
14558 3155 1955
14559 3381 1955
14560 3283 1956
14561 3289 1956
14562 3303 1956
14563 3323 1956
14564 3342 1956
14565 3610 1956
14566 2276 1957
14567 3234 1957
14568 3450 1957
14569 3473 1957
14570 3485 1957
14571 3538 1957
14572 817 1958
14573 881 1958
14574 930 1958
14575 2156 1958
14576 2193 1958
14577 2566 1958
14578 2593 1958
14579 2837 1958
14580 2884 1958
14581 2914 1958
14582 2935 1958
14583 2966 1958
14584 3173 1958
14585 3204 1958
14586 3381 1958
14587 3410 1958
14588 3432 1958
14589 699 1959
14590 827 1959
14591 2481 1959
14592 2509 1959
14593 2536 1959
14594 2807 1959
14595 927 1960
14596 2400 1960
14597 2427 1960
14598 2454 1960
14599 2596 1960
14600 2884 1960
14601 875 1961
14602 1654 1961
14603 2318 1961
14604 2345 1961
14605 2373 1961
14606 2854 1961
14607 811 1962
14608 2018 1962
14609 2298 1962
14610 821 1963
14611 1163 1963
14612 1494 1963
14613 1527 1963
14614 2055 1963
14615 2080 1963
14616 1835 1964
14617 1854 1964
14618 1874 1964
14619 1893 1964
14620 1912 1964
14621 1932 1964
14622 3290 1964
14623 933 1965
14624 1770 1965
14625 1957 1965
14626 2016 1965
14627 2293 1965
14628 3251 1965
14629 1164 1966
14630 815 1967
14631 1712 1967
14632 1762 1967
14633 1978 1967
14634 2726 1967
14635 2759 1967
14636 915 1968
14637 1959 1968
14638 2678 1968
14639 2695 1968
14640 2807 1968
14641 2189 1969
14642 2648 1969
14643 2777 1969
14644 798 1970
14645 1976 1970
14646 2618 1970
14647 808 1971
14648 908 1972
14649 680 1974
14650 792 1974
14651 1037 1974
14652 1753 1974
14653 1467 1975
14654 901 1976
14655 1500 1977
14656 1534 1977
14657 2044 1977
14658 3125 1977
14659 3156 1977
14660 3480 1977
14661 785 1978
14662 849 1978
14663 912 1978
14664 1210 1978
14665 1662 1979
14666 2064 1979
14667 2150 1979
14668 2884 1979
14669 2914 1979
14670 2966 1979
14671 3204 1979
14672 3234 1979
14673 3463 1979
14674 795 1980
14675 895 1980
14676 1613 1980
14677 2838 1980
14678 2936 1980
14679 3173 1980
14680 2007 1981
14681 2807 1981
14682 842 1982
14683 905 1982
14684 2854 1982
14685 2884 1982
14686 1605 1983
14687 2006 1983
14688 789 1984
14689 889 1984
14690 2110 1984
14691 2126 1984
14692 3252 1984
14693 3290 1984
14694 3469 1984
14695 836 1986
14696 899 1986
14697 1660 1986
14698 2184 1987
14699 2566 1987
14700 2597 1987
14701 883 1988
14702 1719 1988
14703 1474 1989
14704 2100 1989
14705 3455 1989
14706 829 1990
14707 1507 1990
14708 1970 1991
14709 2038 1991
14710 2056 1991
14711 3459 1991
14712 2095 1993
14713 3501 1993
14714 760 1994
14715 886 1994
14716 1176 1994
14717 1773 1994
14718 823 1995
14719 947 1995
14720 2038 1995
14721 2093 1995
14722 2510 1995
14723 2537 1995
14724 2567 1995
14725 2759 1995
14726 3523 1995
14727 1442 1996
14728 2182 1996
14729 2428 1996
14730 2455 1996
14731 2482 1996
14732 2678 1996
14733 2696 1996
14734 2727 1996
14735 2777 1996
14736 2807 1996
14737 2346 1997
14738 2373 1997
14739 2400 1997
14740 2648 1997
14741 2001 1998
14742 2281 1998
14743 2298 1998
14744 2319 1998
14745 2619 1998
14746 3125 1998
14747 3156 1998
14748 641 1999
14749 2884 1999
14750 2915 1999
14751 764 2000
14752 863 2000
14753 1764 2000
14754 1912 2000
14755 1932 2000
14756 1952 2000
14757 2966 2000
14758 3454 2000
14759 1835 2001
14760 1855 2001
14761 1874 2001
14762 1893 2001
14763 2146 2001
14764 2807 2001
14765 2838 2001
14766 2936 2001
14767 3235 2001
14768 3343 2001
14769 3457 2001
14770 873 2002
14771 2884 2002
14772 3174 2002
14773 3204 2002
14774 3290 2002
14775 3302 2002
14776 810 2003
14777 991 2003
14778 1480 2003
14779 1623 2003
14780 2854 2003
14781 3290 2003
14782 3252 2004
14783 3375 2004
14784 3383 2004
14785 856 2005
14786 2000 2005
14787 2181 2005
14788 867 2006
14789 930 2006
14790 1615 2006
14791 2091 2006
14792 804 2007
14793 2050 2007
14794 2050 2008
14795 2124 2008
14796 2567 2008
14797 2597 2008
14798 850 2009
14799 860 2010
14800 923 2010
14801 1607 2010
14802 797 2011
14803 1669 2011
14804 2034 2011
14805 844 2013
14806 951 2013
14807 2000 2013
14808 917 2014
14809 1676 2014
14810 1730 2014
14811 1968 2014
14812 3532 2014
14813 791 2015
14814 854 2015
14815 1770 2015
14816 3300 2015
14817 3302 2015
14818 3306 2015
14819 3465 2015
14820 3547 2015
14821 2089 2016
14822 837 2017
14823 3462 2017
14824 1520 2018
14825 784 2019
14826 847 2019
14827 3126 2019
14828 3157 2019
14829 3234 2019
14830 3312 2019
14831 2885 2020
14832 2915 2020
14833 3174 2020
14834 903 2021
14835 2967 2021
14836 3252 2021
14837 2088 2022
14838 2808 2022
14839 2838 2022
14840 2936 2022
14841 3177 2022
14842 3232 2022
14843 779 2023
14844 841 2023
14845 2180 2023
14846 3205 2023
14847 3289 2023
14848 1363 2024
14849 2145 2024
14850 2679 2024
14851 2696 2024
14852 2727 2024
14853 2760 2024
14854 2778 2024
14855 2808 2024
14856 2855 2024
14857 2885 2024
14858 825 2025
14859 2649 2025
14860 3258 2025
14861 1557 2026
14862 2619 2026
14863 835 2027
14864 1372 2027
14865 1784 2027
14866 1836 2027
14867 3344 2027
14868 3375 2027
14869 1736 2028
14870 2124 2028
14871 2596 2028
14872 3315 2028
14873 890 2029
14874 1565 2029
14875 2033 2029
14876 2089 2029
14877 2270 2029
14878 1492 2030
14879 2002 2030
14880 828 2031
14881 2567 2031
14882 2594 2031
14883 3548 2031
14884 884 2032
14885 1951 2032
14886 1968 2032
14887 2002 2032
14888 2510 2032
14889 2537 2032
14890 3315 2032
14891 3466 2032
14892 812 2033
14893 1617 2033
14894 2428 2033
14895 2455 2033
14896 2482 2033
14897 2347 2034
14898 2374 2034
14899 2401 2034
14900 3561 2034
14901 822 2035
14902 1949 2035
14903 2273 2035
14904 2299 2035
14905 2319 2035
14906 3462 2035
14907 3469 2035
14908 877 2036
14909 1894 2036
14910 1912 2036
14911 1932 2036
14912 806 2037
14913 3311 2037
14914 1529 2038
14915 1685 2038
14916 1872 2038
14917 1874 2038
14918 1601 2039
14919 3308 2039
14920 3552 2039
14921 871 2040
14922 2050 2040
14923 3126 2040
14924 3157 2040
14925 3301 2040
14926 1529 2041
14927 1864 2041
14928 2885 2041
14929 2915 2041
14930 3237 2041
14931 3258 2041
14932 3280 2041
14933 3458 2041
14934 799 2042
14935 2181 2042
14936 3178 2042
14937 3194 2042
14938 3215 2042
14939 1648 2043
14940 2091 2043
14941 2244 2043
14942 2808 2043
14943 2839 2043
14944 2936 2043
14945 2967 2043
14946 3561 2043
14947 864 2044
14948 1316 2044
14949 1780 2044
14950 2182 2044
14951 2885 2044
14952 1526 2045
14953 2855 2045
14954 3470 2045
14955 3543 2045
14956 3548 2045
14957 793 2046
14958 2052 2046
14959 2125 2046
14960 2147 2046
14961 3173 2046
14962 2035 2047
14963 2053 2047
14964 857 2048
14965 1855 2048
14966 2182 2048
14967 3462 2048
14968 2244 2049
14969 2539 2049
14970 2569 2049
14971 2595 2049
14972 1968 2050
14973 2004 2050
14974 2092 2050
14975 2183 2050
14976 2457 2050
14977 2484 2050
14978 2512 2050
14979 3556 2050
14980 797 2051
14981 2244 2051
14982 2347 2051
14983 2374 2051
14984 2402 2051
14985 2429 2051
14986 2598 2051
14987 851 2052
14988 1572 2052
14989 1651 2052
14990 1894 2052
14991 1912 2052
14992 1932 2052
14993 2292 2052
14994 2320 2052
14995 2727 2052
14996 2760 2052
14997 2778 2052
14998 2808 2052
14999 3344 2052
15000 3375 2052
15001 1624 2053
15002 1836 2053
15003 1949 2053
15004 2266 2053
15005 2649 2053
15006 2680 2053
15007 2697 2053
15008 3444 2053
15009 1875 2054
15010 2619 2054
15011 844 2055
15012 1745 2055
15013 1504 2056
15014 1951 2056
15015 3556 2056
15016 1869 2057
15017 2263 2057
15018 3653 2057
15019 1572 2058
15020 3546 2058
15021 838 2059
15022 1693 2059
15023 1784 2059
15024 1845 2059
15025 3554 2059
15026 1844 2060
15027 2185 2060
15028 2915 2061
15029 3157 2061
15030 3446 2061
15031 2885 2062
15032 3127 2062
15033 1133 2063
15034 1625 2063
15035 2967 2063
15036 2094 2064
15037 2808 2064
15038 2839 2064
15039 2937 2064
15040 2129 2065
15041 1860 2066
15042 3546 2066
15043 1453 2067
15044 2129 2067
15045 1543 2068
15046 1613 2068
15047 1969 2068
15048 2005 2068
15049 2041 2068
15050 2150 2068
15051 3433 2068
15052 1748 2069
15053 2058 2069
15054 3344 2070
15055 3259 2071
15056 3280 2071
15057 3302 2071
15058 3323 2071
15059 1839 2072
15060 1857 2072
15061 2096 2072
15062 3194 2072
15063 3216 2072
15064 3237 2072
15065 1788 2073
15066 3173 2073
15067 812 2074
15068 2245 2074
15069 2855 2074
15070 2882 2074
15071 2885 2074
15072 2189 2075
15073 2218 2075
15074 3375 2075
15075 1478 2076
15076 2190 2076
15077 3344 2076
15078 3541 2076
15079 1107 2078
15080 2600 2079
15081 1515 2080
15082 2539 2080
15083 2569 2080
15084 2728 2080
15085 2760 2080
15086 2779 2080
15087 2809 2080
15088 1215 2081
15089 1799 2081
15090 2457 2081
15091 2484 2081
15092 2512 2081
15093 2680 2081
15094 2697 2081
15095 3427 2081
15096 1752 2082
15097 2375 2082
15098 2402 2082
15099 2429 2082
15100 2620 2082
15101 2650 2082
15102 3536 2082
15103 1800 2083
15104 1839 2083
15105 2099 2083
15106 2292 2083
15107 2320 2083
15108 2348 2083
15109 2885 2083
15110 2915 2083
15111 3127 2083
15112 3158 2083
15113 3433 2083
15114 2264 2084
15115 2134 2085
15116 2155 2085
15117 2968 2085
15118 1633 2086
15119 2809 2086
15120 2839 2086
15121 2937 2086
15122 1469 2087
15123 1969 2087
15124 2006 2087
15125 2043 2087
15126 2060 2087
15127 2135 2087
15128 1217 2088
15129 1856 2088
15130 1875 2088
15131 1894 2088
15132 1912 2088
15133 1932 2088
15134 1951 2088
15135 1791 2089
15136 1402 2090
15137 1553 2090
15138 2193 2091
15139 2100 2092
15140 3430 2095
15141 3531 2095
15142 1755 2096
15143 783 2098
15144 3375 2099
15145 3383 2099
15146 3386 2099
15147 2193 2100
15148 3175 2100
15149 2681 2101
15150 2855 2101
15151 2914 2101
15152 3157 2101
15153 3281 2101
15154 3302 2101
15155 3323 2101
15156 3345 2101
15157 2194 2102
15158 3216 2102
15159 3238 2102
15160 3259 2102
15161 3423 2102
15162 1525 2103
15163 2138 2103
15164 2937 2103
15165 3178 2103
15166 3195 2103
15167 3430 2103
15168 3526 2103
15169 804 2104
15170 1593 2104
15171 1794 2104
15172 2100 2104
15173 2158 2104
15174 2839 2104
15175 2858 2104
15176 2912 2104
15177 3155 2104
15178 3386 2104
15179 3420 2104
15180 1218 2105
15181 2006 2105
15182 2043 2105
15183 2061 2105
15184 2779 2105
15185 2882 2105
15186 2886 2105
15187 3128 2105
15188 1969 2106
15189 2697 2106
15190 2939 2106
15191 1060 2107
15192 2620 2107
15193 2760 2107
15194 2782 2107
15195 2809 2107
15196 2837 2107
15197 2968 2107
15198 2100 2108
15199 2700 2108
15200 2728 2109
15201 2757 2109
15202 2599 2110
15203 2622 2110
15204 2650 2110
15205 2677 2110
15206 1758 2111
15207 2264 2111
15208 1217 2112
15209 1443 2112
15210 2539 2112
15211 2569 2112
15212 2596 2112
15213 2403 2113
15214 2430 2113
15215 2458 2113
15216 2484 2113
15217 2512 2113
15218 3530 2113
15219 2140 2114
15220 2266 2114
15221 2348 2114
15222 2375 2114
15223 3414 2114
15224 3429 2114
15225 1472 2115
15226 1707 2115
15227 2293 2115
15228 2320 2115
15229 3384 2115
15230 1215 2116
15231 1482 2116
15232 3533 2116
15233 1566 2118
15234 2158 2118
15235 1838 2119
15236 1214 2120
15237 1467 2120
15238 1646 2120
15239 3422 2120
15240 3427 2120
15241 1807 2121
15242 1856 2121
15243 2061 2121
15244 2137 2121
15245 2160 2121
15246 2219 2121
15247 2246 2121
15248 3534 2121
15249 1969 2122
15250 2042 2122
15251 2195 2122
15252 743 2123
15253 1859 2123
15254 2101 2123
15255 1760 2124
15256 1798 2124
15257 1875 2124
15258 1894 2124
15259 1912 2124
15260 1932 2124
15261 1949 2124
15262 1972 2124
15263 2067 2124
15264 1418 2125
15265 1836 2125
15266 2006 2125
15267 2040 2125
15268 3282 2125
15269 3307 2125
15270 3335 2125
15271 1832 2126
15272 3188 2126
15273 3210 2126
15274 3234 2126
15275 3358 2126
15276 3383 2126
15277 3100 2127
15278 3119 2127
15279 3142 2127
15280 3165 2127
15281 3423 2127
15282 1459 2128
15283 1488 2128
15284 2943 2128
15285 2969 2128
15286 3256 2128
15287 3337 2128
15288 3355 2128
15289 1707 2129
15290 2889 2129
15291 3277 2129
15292 1538 2130
15293 2864 2130
15294 2998 2130
15295 3018 2130
15296 3045 2130
15297 3259 2130
15298 2784 2131
15299 2809 2131
15300 2836 2131
15301 2918 2131
15302 3071 2131
15303 2938 2132
15304 3353 2132
15305 2702 2133
15306 2729 2133
15307 3000 2133
15308 3015 2133
15309 3094 2133
15310 1214 2134
15311 1474 2134
15312 2759 2134
15313 2920 2134
15314 3073 2134
15315 2599 2135
15316 2626 2135
15317 2654 2135
15318 2679 2135
15319 2858 2135
15320 2505 2136
15321 2539 2136
15322 2571 2136
15323 2779 2136
15324 2841 2136
15325 1607 2137
15326 1668 2137
15327 2448 2137
15328 2475 2137
15329 2761 2137
15330 1215 2138
15331 2315 2138
15332 2360 2138
15333 2393 2138
15334 2420 2138
15335 2681 2138
15336 2698 2138
15337 756 2139
15338 2335 2139
15339 3434 2140
15340 2357 2141
15341 1437 2142
15342 1654 2142
15343 2337 2142
15344 768 2143
15345 1578 2145
15346 1765 2146
15347 1802 2146
15348 2307 2146
15349 3307 2146
15350 3337 2146
15351 3550 2146
15352 2938 2147
15353 2969 2147
15354 3000 2147
15355 3015 2147
15356 3046 2147
15357 3307 2147
15358 3353 2147
15359 3383 2147
15360 3277 2148
15361 2890 2149
15362 2920 2149
15363 1811 2150
15364 1820 2150
15365 2307 2150
15366 1710 2151
15367 2006 2152
15368 2161 2152
15369 2180 2152
15370 2198 2152
15371 2216 2152
15372 2235 2152
15373 2275 2152
15374 1615 2153
15375 2043 2153
15376 2082 2153
15377 2103 2153
15378 2124 2153
15379 2143 2153
15380 2254 2153
15381 3434 2153
15382 1621 2154
15383 1829 2154
15384 1972 2154
15385 3046 2154
15386 3075 2154
15387 3443 2154
15388 2061 2155
15389 2810 2155
15390 2841 2155
15391 2858 2155
15392 2889 2155
15393 1898 2156
15394 1917 2156
15395 1946 2156
15396 1969 2156
15397 2045 2156
15398 2256 2156
15399 3259 2156
15400 1842 2157
15401 1862 2157
15402 1880 2157
15403 3142 2157
15404 3165 2157
15405 3188 2157
15406 3210 2157
15407 3234 2157
15408 1550 2158
15409 1950 2158
15410 2059 2158
15411 2779 2158
15412 2810 2158
15413 3095 2158
15414 3119 2158
15415 1156 2159
15416 3548 2159
15417 2273 2160
15418 2729 2160
15419 2761 2160
15420 797 2161
15421 1663 2161
15422 2699 2161
15423 2654 2164
15424 2681 2164
15425 800 2165
15426 2600 2165
15427 2627 2165
15428 3541 2165
15429 2506 2166
15430 2539 2166
15431 2572 2166
15432 2938 2166
15433 2969 2166
15434 3000 2166
15435 3015 2166
15436 3046 2166
15437 3455 2166
15438 2307 2167
15439 2421 2167
15440 2448 2167
15441 2476 2167
15442 3307 2167
15443 3338 2167
15444 800 2168
15445 2274 2168
15446 2338 2168
15447 2357 2168
15448 2394 2168
15449 2890 2168
15450 2921 2168
15451 3354 2168
15452 3383 2168
15453 3448 2168
15454 2307 2169
15455 3277 2169
15456 3307 2169
15457 3545 2170
15458 3551 2171
15459 1630 2172
15460 1591 2173
15461 1804 2173
15462 1813 2174
15463 1627 2175
15464 1765 2175
15465 1950 2175
15466 1917 2176
15467 2082 2176
15468 2810 2176
15469 2842 2176
15470 2859 2176
15471 2890 2176
15472 3474 2176
15473 809 2177
15474 2045 2177
15475 1712 2178
15476 2006 2178
15477 3077 2178
15478 3554 2178
15479 1354 2179
15480 1969 2179
15481 3046 2179
15482 815 2180
15483 1627 2180
15484 2089 2180
15485 3471 2182
15486 3474 2182
15487 3046 2183
15488 2103 2184
15489 2235 2184
15490 2255 2184
15491 2939 2184
15492 2969 2184
15493 3000 2184
15494 3016 2184
15495 2109 2185
15496 2176 2185
15497 2181 2185
15498 2195 2185
15499 2199 2185
15500 2213 2185
15501 2217 2185
15502 2232 2185
15503 2780 2185
15504 2810 2185
15505 3097 2185
15506 1563 2186
15507 2140 2186
15508 2144 2186
15509 2158 2186
15510 2162 2186
15511 2890 2186
15512 2921 2186
15513 3354 2186
15514 3383 2186
15515 2125 2187
15516 2272 2187
15517 3234 2187
15518 2067 2188
15519 2699 2188
15520 2729 2188
15521 2761 2188
15522 3103 2188
15523 3119 2188
15524 3143 2188
15525 3166 2188
15526 3189 2188
15527 3211 2188
15528 3338 2188
15529 1842 2189
15530 1918 2189
15531 3307 2189
15532 1874 2190
15533 1881 2190
15534 1899 2190
15535 2306 2190
15536 3467 2190
15537 1863 2191
15538 2069 2191
15539 3277 2191
15540 3307 2191
15541 2070 2192
15542 1844 2193
15543 2306 2193
15544 2679 2193
15545 1265 2194
15546 1951 2194
15547 1845 2195
15548 1918 2195
15549 2336 2195
15550 2627 2195
15551 2654 2195
15552 2356 2196
15553 2539 2196
15554 2572 2196
15555 2600 2196
15556 3425 2196
15557 825 2197
15558 2448 2197
15559 2476 2197
15560 2506 2197
15561 2811 2197
15562 2842 2197
15563 2859 2197
15564 2890 2197
15565 3383 2197
15566 2360 2198
15567 2394 2198
15568 2422 2198
15569 1828 2199
15570 1603 2200
15571 3469 2200
15572 1242 2202
15573 1306 2202
15574 2938 2202
15575 2969 2202
15576 3000 2202
15577 3016 2202
15578 3047 2202
15579 3078 2202
15580 2006 2203
15581 2045 2203
15582 3047 2203
15583 1969 2204
15584 2890 2204
15585 2921 2204
15586 1813 2205
15587 1228 2206
15588 2270 2206
15589 834 2207
15590 1675 2207
15591 2084 2207
15592 3354 2207
15593 3383 2207
15594 3524 2208
15595 3308 2209
15596 3338 2209
15597 1710 2210
15598 2303 2211
15599 2655 2212
15600 1183 2213
15601 1576 2213
15602 2680 2213
15603 2780 2213
15604 2811 2213
15605 3278 2213
15606 3308 2213
15607 1951 2214
15608 2096 2214
15609 1918 2215
15610 2250 2215
15611 2699 2215
15612 2729 2215
15613 2761 2215
15614 3462 2215
15615 839 2216
15616 877 2216
15617 1303 2216
15618 1897 2217
15619 2683 2217
15620 2214 2218
15621 2232 2218
15622 2247 2218
15623 2302 2218
15624 2890 2218
15625 1492 2219
15626 1881 2219
15627 2159 2219
15628 2177 2219
15629 2196 2219
15630 2859 2219
15631 1645 2220
15632 2141 2220
15633 2969 2220
15634 3000 2221
15635 1913 2222
15636 2890 2222
15637 2921 2222
15638 1298 2223
15639 2332 2223
15640 3080 2223
15641 3498 2224
15642 1916 2225
15643 3462 2225
15644 1248 2226
15645 1866 2226
15646 1918 2226
15647 1501 2228
15648 3047 2228
15649 1497 2229
15650 850 2230
15651 1924 2231
15652 3467 2231
15653 1952 2233
15654 3475 2233
15655 1933 2234
15656 1856 2237
15657 1928 2237
15658 2970 2238
15659 3000 2238
15660 1256 2243
15661 2656 2243
15662 2683 2243
15663 1543 2248
15664 1528 2254
15665 1412 2256
15666 1427 2287
15667 1408 2296
EDGES 23824
0 977 1666 0
1 1666 1656 0
2 1656 950 0
3 977 950 0
4 3814 4022 0
5 4022 4023 0
6 4023 3815 0
7 3814 3815 0
8 5723 5959 0
9 5959 5950 0
10 5950 5724 0
11 5723 5724 0
12 5395 5636 0
13 5636 5637 0
14 5637 5396 0
15 5395 5396 0
16 6009 6204 0
17 6204 6205 0
18 6205 5998 0
19 6009 5998 0
20 3840 4046 0
21 4046 4047 0
22 4047 3841 0
23 3840 3841 0
24 4059 4326 0
25 4326 4327 0
26 4327 4060 0
27 4059 4060 0
28 5094 5301 0
29 5301 5302 0
30 5302 5086 0
31 5094 5086 0
32 3833 4039 0
33 4039 4040 0
34 4040 3834 0
35 3833 3834 0
36 6020 6208 0
37 6208 6209 0
38 6209 6007 0
39 6020 6007 0
40 4769 5002 0
41 5002 5003 0
42 5003 4770 0
43 4769 4770 0
44 4784 5018 0
45 5018 5001 0
46 5001 4785 0
47 4784 4785 0
48 4730 4953 0
49 4953 4954 0
50 4954 4731 0
51 4730 4731 0
52 5736 5957 0
53 5957 5958 0
54 5958 5737 0
55 5736 5737 0
56 4072 4340 0
57 4340 4341 0
58 4341 4073 0
59 4072 4073 0
60 4023 4024 0
61 4024 3800 0
62 3815 3800 0
63 4106 4368 0
64 4368 4369 0
65 4369 4107 0
66 4106 4107 0
67 4749 4975 0
68 4975 4976 0
69 4976 4750 0
70 4749 4750 0
71 4740 4966 0
72 4966 4967 0
73 4967 4741 0
74 4740 4741 0
75 4747 4991 0
76 4991 4974 0
77 4974 4748 0
78 4747 4748 0
79 5002 5001 0
80 4769 4785 0
81 5991 6200 0
82 6200 6188 0
83 6188 5992 0
84 5991 5992 0
85 5107 5323 0
86 5323 5324 0
87 5324 5108 0
88 5107 5108 0
89 5348 5594 0
90 5594 5595 0
91 5595 5349 0
92 5348 5349 0
93 4443 4680 0
94 4680 4681 0
95 4681 4444 0
96 4443 4444 0
97 4047 4039 0
98 3841 3833 0
99 6205 6198 0
100 6198 5999 0
101 5998 5999 0
102 5694 5923 0
103 5923 5910 0
104 5910 5695 0
105 5694 5695 0
106 5683 5904 0
107 5904 5905 0
108 5905 5684 0
109 5683 5684 0
110 4954 4955 0
111 4955 4720 0
112 4731 4720 0
113 5756 5984 0
114 5984 5975 0
115 5975 5757 0
116 5756 5757 0
117 5950 5951 0
118 5951 5725 0
119 5724 5725 0
120 5124 5345 0
121 5345 5346 0
122 5346 5125 0
123 5124 5125 0
124 4369 4363 0
125 4363 4098 0
126 4107 4098 0
127 4099 4364 0
128 4364 4365 0
129 4365 4090 0
130 4099 4090 0
131 4783 5017 0
132 5018 5017 0
133 4784 4783 0
134 5003 4996 0
135 4996 4771 0
136 4770 4771 0
137 5397 5627 0
138 5627 5628 0
139 5628 5385 0
140 5397 5385 0
141 14716 15088 0
142 15088 15180 0
143 15180 15236 0
144 15236 15330 0
145 15330 15572 0
146 15572 15545 0
147 15545 15264 0
148 15264 15136 0
149 15136 15043 0
150 15043 15122 0
151 15122 15075 0
152 15075 14727 0
153 14727 14864 0
154 14864 14848 0
155 14848 14948 0
156 14948 14332 0
157 14332 14490 0
158 14490 14664 0
159 14716 14664 0
160 1656 1135 0
161 1656 1650 0
162 1650 1126 0
163 1135 1126 0
164 5194 5682 0
165 5682 5675 0
166 5675 5183 0
167 5194 5183 0
168 5804 6257 0
169 6257 6258 0
170 6258 5798 0
171 5804 5798 0
172 1135 784 0
173 1126 875 0
174 875 874 0
175 874 786 0
176 784 786 0
177 4492 4739 0
178 4739 4717 0
179 4717 4484 0
180 4492 4484 0
181 297 502 0
182 502 489 0
183 489 628 0
184 628 629 0
185 629 291 0
186 297 291 0
187 638 803 0
188 803 796 0
189 629 796 0
190 629 638 0
191 5787 6038 0
192 6038 6037 0
193 6037 5779 0
194 5787 5779 0
195 5183 5417 0
196 5417 5414 0
197 5414 5173 0
198 5183 5173 0
199 5746 5966 0
200 5966 5967 0
201 5967 5747 0
202 5746 5747 0
203 5765 5983 0
204 5984 5983 0
205 5756 5765 0
206 5745 5977 0
207 5966 5977 0
208 5746 5745 0
209 4975 4974 0
210 4749 4748 0
211 5753 6014 0
212 6014 6016 0
213 6016 5754 0
214 5753 5754 0
215 5701 5930 0
216 5930 5931 0
217 5931 5702 0
218 5701 5702 0
219 5689 5911 0
220 5911 5912 0
221 5912 5690 0
222 5689 5690 0
223 5587 5729 0
224 5729 5730 0
225 5730 5582 0
226 5587 5582 0
227 5640 5774 0
228 5774 5775 0
229 5775 5632 0
230 5640 5632 0
231 5640 5485 0
232 5632 5486 0
233 5485 5486 0
234 5714 5943 0
235 5930 5943 0
236 5701 5714 0
237 4024 4014 0
238 4014 3801 0
239 3800 3801 0
240 5332 5484 0
241 5484 5472 0
242 5472 5333 0
243 5332 5333 0
244 5104 5339 0
245 5339 5340 0
246 5340 5105 0
247 5104 5105 0
248 4477 4719 0
249 4719 4706 0
250 4706 4478 0
251 4477 4478 0
252 4058 4342 0
253 4326 4342 0
254 4059 4058 0
255 5484 5643 0
256 5643 5638 0
257 5472 5638 0
258 5341 5585 0
259 5585 5586 0
260 5586 5342 0
261 5341 5342 0
262 4341 4342 0
263 4073 4058 0
264 4014 4015 0
265 4015 3802 0
266 3801 3802 0
267 5774 5901 0
268 5901 5898 0
269 5775 5898 0
270 5587 5425 0
271 5582 5426 0
272 5425 5426 0
273 5758 5976 0
274 5977 5976 0
275 5745 5758 0
276 3881 4095 0
277 4095 4096 0
278 4096 3882 0
279 3881 3882 0
280 4154 4401 0
281 4401 4402 0
282 4402 4143 0
283 4154 4143 0
284 5075 5274 0
285 5274 5275 0
286 5275 5076 0
287 5075 5076 0
288 5316 5445 0
289 5445 5446 0
290 5446 5317 0
291 5316 5317 0
292 5356 5593 0
293 5594 5593 0
294 5348 5356 0
295 4729 4952 0
296 4953 4952 0
297 4730 4729 0
298 5445 5580 0
299 5580 5581 0
300 5446 5581 0
301 5340 5322 0
302 5322 5106 0
303 5105 5106 0
304 5388 5653 0
305 5653 5654 0
306 5654 5390 0
307 5388 5390 0
308 12611 13706 0
309 13706 13230 0
310 13230 12149 0
311 12611 12149 0
312 12473 13957 0
313 13957 13940 0
314 13940 13125 0
315 13125 13140 0
316 13140 12457 0
317 12473 12457 0
318 1092 1117 0
319 1117 1168 0
320 1168 1222 0
321 1222 1350 0
322 1350 1085 0
323 1092 1085 0
324 5143 5382 0
325 5382 5383 0
326 5383 5134 0
327 5143 5134 0
328 3849 4056 0
329 4056 4057 0
330 4057 3839 0
331 3849 3839 0
332 4746 4990 0
333 4991 4990 0
334 4747 4746 0
335 5901 6055 0
336 6055 6056 0
337 5898 6056 0
338 4998 5154 0
339 5154 5155 0
340 5155 5031 0
341 5031 5008 0
342 4998 5008 0
343 1539 1671 0
344 1671 1664 0
345 1664 1540 0
346 1539 1540 0
347 6013 6223 0
348 6223 6224 0
349 6224 6015 0
350 6013 6015 0
351 889 1028 0
352 1028 1016 0
353 1016 887 0
354 889 887 0
355 4801 5036 0
356 5036 5024 0
357 5024 4791 0
358 4801 4791 0
359 1529 1652 0
360 1652 1646 0
361 1646 1525 0
362 1529 1525 0
363 5913 6069 0
364 6069 6070 0
365 6070 5914 0
366 5913 5914 0
367 6035 6241 0
368 6241 6242 0
369 6242 6036 0
370 6035 6036 0
371 6016 6018 0
372 6018 5755 0
373 5754 5755 0
374 5141 5391 0
375 5391 5394 0
376 5394 5142 0
377 5141 5142 0
378 5650 5813 0
379 5813 5814 0
380 5814 5795 0
381 5795 5642 0
382 5650 5642 0
383 951 1102 0
384 1102 1103 0
385 1103 940 0
386 951 940 0
387 6018 6006 0
388 6006 5744 0
389 5755 5744 0
390 5382 5394 0
391 5143 5142 0
392 5935 6084 0
393 6084 6085 0
394 6085 5924 0
395 5935 5924 0
396 1092 915 0
397 1092 1084 0
398 1084 916 0
399 915 916 0
400 5771 6034 0
401 6034 6024 0
402 6024 5761 0
403 5771 5761 0
404 5509 5678 0
405 5678 5679 0
406 5679 5510 0
407 5509 5510 0
408 3875 4089 0
409 4089 4076 0
410 4076 3865 0
411 3875 3865 0
412 5146 5295 0
413 5295 5296 0
414 5296 5147 0
415 5146 5147 0
416 5368 5618 0
417 5618 5611 0
418 5611 5369 0
419 5368 5369 0
420 5900 6062 0
421 6055 6062 0
422 5901 5900 0
423 5332 5176 0
424 5333 5177 0
425 5176 5177 0
426 5327 5441 0
427 5441 5431 0
428 5431 5313 0
429 5327 5313 0
430 5386 5629 0
431 5629 5630 0
432 5630 5387 0
433 5386 5387 0
434 6209 6203 0
435 6203 6008 0
436 6007 6008 0
437 6085 6086 0
438 6086 5925 0
439 5924 5925 0
440 5378 5622 0
441 5622 5623 0
442 5623 5379 0
443 5378 5379 0
444 5915 6071 0
445 6071 6072 0
446 6072 5916 0
447 5915 5916 0
448 4096 4097 0
449 4097 3873 0
450 3882 3873 0
451 5324 5325 0
452 5325 5098 0
453 5108 5098 0
454 6028 6218 0
455 6218 6219 0
456 6219 6029 0
457 6028 6029 0
458 5346 5347 0
459 5347 5114 0
460 5125 5114 0
461 5926 6087 0
462 6069 6087 0
463 5913 5926 0
464 5630 5622 0
465 5387 5378 0
466 5623 5624 0
467 5624 5380 0
468 5379 5380 0
469 6198 6199 0
470 6199 6000 0
471 5999 6000 0
472 4996 4997 0
473 4997 4763 0
474 4771 4763 0
475 5637 5627 0
476 5396 5397 0
477 5082 5282 0
478 5274 5282 0
479 5075 5082 0
480 4135 4388 0
481 4388 4389 0
482 4389 4128 0
483 4135 4128 0
484 5030 5137 0
485 5137 5138 0
486 4998 5138 0
487 4998 5007 0
488 5030 5007 0
489 4134 4387 0
490 4388 4387 0
491 4135 4134 0
492 5959 5958 0
493 5723 5737 0
494 4046 4057 0
495 3840 3839 0
496 4040 4041 0
497 4041 3835 0
498 3834 3835 0
499 5509 5315 0
500 5316 5510 0
501 5316 5315 0
502 4402 4403 0
503 4403 4144 0
504 4143 4144 0
505 4459 4676 0
506 4676 4677 0
507 4677 4460 0
508 4459 4460 0
509 5628 5629 0
510 5385 5386 0
511 6200 6199 0
512 5991 6000 0
513 5678 5849 0
514 5849 5862 0
515 5679 5862 0
516 5137 5268 0
517 5268 5269 0
518 5138 5269 0
519 4677 4678 0
520 4678 4461 0
521 4460 4461 0
522 5931 5932 0
523 5932 5703 0
524 5702 5703 0
525 4090 4356 0
526 4356 4357 0
527 4357 4091 0
528 4090 4091 0
529 4363 4364 0
530 4098 4099 0
531 3867 4078 0
532 4078 4067 0
533 4067 3856 0
534 3867 3856 0
535 6204 6203 0
536 6009 6008 0
537 4357 4358 0
538 4358 4079 0
539 4091 4079 0
540 5968 6178 0
541 6178 6165 0
542 6165 5969 0
543 5968 5969 0
544 3874 4088 0
545 4089 4088 0
546 3875 3874 0
547 418 1150 0
548 1150 1136 0
549 1136 876 0
550 876 877 0
551 877 359 0
552 359 373 0
553 373 109 0
554 109 108 0
555 108 38 0
556 38 37 0
557 37 405 0
558 418 405 0
559 926 999 0
560 999 1000 0
561 1000 914 0
562 926 914 0
563 905 1002 0
564 1002 1003 0
565 1003 928 0
566 905 928 0
567 5997 6022 0
568 6022 5937 0
569 5937 5948 0
570 5997 5948 0
571 6004 6012 0
572 6012 5939 0
573 5939 5938 0
574 6004 5938 0
575 5832 5871 0
576 5871 5890 0
577 5890 5891 0
578 5891 5810 0
579 5832 5810 0
580 4358 4348 0
581 4348 4080 0
582 4079 4080 0
583 5000 5225 0
584 5225 5226 0
585 5226 4970 0
586 4970 4969 0
587 5000 4969 0
588 4153 4411 0
589 4401 4411 0
590 4154 4153 0
591 4814 5074 0
592 5074 5069 0
593 5069 4809 0
594 4814 4809 0
595 4067 4068 0
596 4068 3857 0
597 3856 3857 0
598 4976 4966 0
599 4750 4740 0
600 5987 6182 0
601 6182 6183 0
602 6183 5988 0
603 5987 5988 0
604 4097 4088 0
605 3873 3874 0
606 1539 1406 0
607 1539 1541 0
608 1541 1407 0
609 1406 1407 0
610 1137 1341 0
611 1341 1261 0
612 1261 1254 0
613 1254 1214 0
614 1214 1181 0
615 1181 1127 0
616 1137 1127 0
617 4433 4648 0
618 4648 4649 0
619 4649 4434 0
620 4433 4434 0
621 777 1005 0
622 1005 1006 0
623 1006 778 0
624 777 778 0
625 609 774 0
626 774 775 0
627 775 610 0
628 609 610 0
629 390 549 0
630 549 518 0
631 518 387 0
632 390 387 0
633 3823 4032 0
634 4032 4033 0
635 4033 3824 0
636 3823 3824 0
637 5071 5266 0
638 5266 5267 0
639 5267 5068 0
640 5071 5068 0
641 5325 5309 0
642 5309 5099 0
643 5098 5099 0
644 906 1054 0
645 1054 1052 0
646 1052 901 0
647 906 901 0
648 4758 4988 0
649 4988 4989 0
650 4989 4759 0
651 4758 4759 0
652 6024 6230 0
653 6230 6231 0
654 6231 6025 0
655 6024 6025 0
656 110 234 0
657 234 226 0
658 226 105 0
659 110 105 0
660 6037 6032 0
661 6032 5770 0
662 5779 5770 0
663 4578 4823 0
664 4823 4824 0
665 4824 4568 0
666 4578 4568 0
667 5407 5668 0
668 5668 5669 0
669 5669 5408 0
670 5407 5408 0
671 297 197 0
672 297 298 0
673 298 191 0
674 197 191 0
675 6032 6233 0
676 6233 6234 0
677 6234 6033 0
678 6032 6033 0
679 5649 5802 0
680 5802 5812 0
681 5813 5812 0
682 5650 5649 0
683 6025 5762 0
684 5761 5762 0
685 5330 5527 0
686 5527 5528 0
687 5528 5331 0
688 5330 5331 0
689 378 541 0
690 541 535 0
691 535 379 0
692 378 379 0
693 915 772 0
694 916 742 0
695 772 742 0
696 1530 1651 0
697 1652 1651 0
698 1529 1530 0
699 6037 6243 0
700 6233 6243 0
701 106 227 0
702 227 214 0
703 214 107 0
704 106 107 0
705 1308 1397 0
706 1397 1236 0
707 1236 1242 0
708 1242 1283 0
709 1308 1283 0
710 5669 5660 0
711 5660 5409 0
712 5408 5409 0
713 5407 5175 0
714 5408 5164 0
715 5175 5164 0
716 5275 5276 0
717 5276 5070 0
718 5076 5070 0
719 4536 4804 0
720 4804 4797 0
721 4797 4537 0
722 4536 4537 0
723 5347 5337 0
724 5337 5115 0
725 5114 5115 0
726 1257 1419 0
727 1419 1420 0
728 1350 1420 0
729 1350 1233 0
730 1233 1228 0
731 1228 1243 0
732 1257 1243 0
733 5910 5911 0
734 5695 5689 0
735 5087 5290 0
736 5290 5291 0
737 5291 5080 0
738 5087 5080 0
739 5798 6045 0
740 6045 6041 0
741 6041 5792 0
742 5798 5792 0
743 5904 5912 0
744 5683 5690 0
745 5957 5967 0
746 5736 5747 0
747 134 205 0
748 205 286 0
749 286 206 0
750 206 130 0
751 134 130 0
752 4076 4077 0
753 4077 3866 0
754 3865 3866 0
755 4799 5059 0
756 5059 5060 0
757 5060 4788 0
758 4799 4788 0
759 502 638 0
760 628 638 0
761 6012 6005 0
762 6005 5940 0
763 5939 5940 0
764 5821 5872 0
765 5872 5884 0
766 5884 5811 0
767 5821 5811 0
768 793 896 0
769 896 892 0
770 892 794 0
771 793 794 0
772 1489 1618 0
773 1618 1609 0
774 1609 1490 0
775 1489 1490 0
776 91 163 0
777 163 158 0
778 158 88 0
779 91 88 0
780 1054 1165 0
781 1165 1160 0
782 1052 1160 0
783 896 1047 0
784 1047 1041 0
785 892 1041 0
786 6034 6032 0
787 5771 5770 0
788 742 865 0
789 865 861 0
790 861 733 0
791 742 733 0
792 5383 5384 0
793 5384 5135 0
794 5134 5135 0
795 5024 5025 0
796 5025 4792 0
797 4791 4792 0
798 4466 4687 0
799 4687 4688 0
800 4688 4467 0
801 4466 4467 0
802 951 778 0
803 940 779 0
804 778 779 0
805 4105 4376 0
806 4368 4376 0
807 4106 4105 0
808 5611 5612 0
809 5612 5360 0
810 5369 5360 0
811 6041 6253 0
812 6253 6254 0
813 6254 6042 0
814 6041 6042 0
815 5891 5892 0
816 5892 5820 0
817 5810 5820 0
818 5884 5885 0
819 5885 5822 0
820 5811 5822 0
821 1000 1001 0
822 1001 927 0
823 914 927 0
824 7776 8101 0
825 8101 8076 0
826 8076 8235 0
827 8235 7719 0
828 7719 7685 0
829 7685 8036 0
830 8036 7768 0
831 7768 7657 0
832 7657 7302 0
833 7302 7631 0
834 7631 7651 0
835 7651 7378 0
836 7378 7406 0
837 7406 7453 0
838 7453 7461 0
839 7461 7396 0
840 7396 7361 0
841 7361 7227 0
842 7227 7245 0
843 7245 7301 0
844 7301 7436 0
845 7436 7441 0
846 7441 7552 0
847 7552 7553 0
848 7553 7599 0
849 7776 7599 0
850 1565 1627 0
851 1627 1635 0
852 1635 1513 0
853 1513 1520 0
854 1565 1520 0
855 977 796 0
856 977 960 0
857 960 791 0
858 796 791 0
859 4022 4033 0
860 3814 3824 0
861 1375 1426 0
862 1419 1426 0
863 1257 1249 0
864 1249 1237 0
865 1237 1255 0
866 1375 1255 0
867 792 961 0
868 950 961 0
869 950 784 0
870 784 792 0
871 14535 15033 0
872 15033 15079 0
873 15079 15415 0
874 15415 15600 0
875 15600 15587 0
876 15572 15587 0
877 15572 15310 0
878 15310 15230 0
879 15230 15208 0
880 15208 15128 0
881 15128 14611 0
882 14611 14536 0
883 14536 14292 0
884 14292 14120 0
885 14120 14094 0
886 14094 14011 0
887 14011 14093 0
888 14535 14093 0
889 5350 5584 0
890 5585 5584 0
891 5341 5350 0
892 1348 1417 0
893 1417 1411 0
894 1411 1382 0
895 1382 1378 0
896 1378 1340 0
897 1348 1340 0
898 511 705 0
899 705 697 0
900 697 513 0
901 511 513 0
902 4721 4944 0
903 4944 4945 0
904 4945 4707 0
905 4721 4707 0
906 1650 1423 0
907 1650 1651 0
908 1525 1530 0
909 1525 1415 0
910 1423 1415 0
911 330 526 0
912 526 527 0
913 527 510 0
914 510 331 0
915 330 331 0
916 5165 5410 0
917 5410 5400 0
918 5400 5151 0
919 5165 5151 0
920 4485 4718 0
921 4719 4718 0
922 4477 4485 0
923 1438 1589 0
924 1589 1590 0
925 1590 1582 0
926 1582 1572 0
927 1572 1454 0
928 1438 1454 0
929 1526 1628 0
930 1628 1629 0
931 1629 1524 0
932 1526 1524 0
933 1520 1514 0
934 1514 1391 0
935 1391 1396 0
936 1520 1396 0
937 1497 1623 0
938 1623 1617 0
939 1617 1487 0
940 1497 1487 0
941 5153 5389 0
942 5391 5389 0
943 5141 5153 0
944 1447 1596 0
945 1589 1596 0
946 1438 1447 0
947 1542 1665 0
948 1666 1665 0
949 1666 1534 0
950 1542 1534 0
951 5337 5338 0
952 5338 5116 0
953 5115 5116 0
954 4130 4380 0
955 4380 4381 0
956 4381 4116 0
957 4130 4116 0
958 1391 1282 0
959 1282 1294 0
960 1396 1294 0
961 5953 6153 0
962 6153 6154 0
963 6154 5954 0
964 5953 5954 0
965 4117 4374 0
966 4374 4375 0
967 4375 4104 0
968 4117 4104 0
969 774 785 0
970 609 615 0
971 785 615 0
972 1497 1326 0
973 1497 1488 0
974 1488 1327 0
975 1326 1327 0
976 1664 1665 0
977 1540 1542 0
978 4825 5078 0
979 5078 5079 0
980 5079 4817 0
981 4825 4817 0
982 5404 5635 0
983 5636 5635 0
984 5395 5404 0
985 1165 1294 0
986 1160 1282 0
987 5952 6152 0
988 6153 6152 0
989 5953 5952 0
990 5266 5276 0
991 5071 5070 0
992 6038 6041 0
993 5787 5792 0
994 4997 4988 0
995 4763 4758 0
996 5361 5613 0
997 5613 5601 0
998 5601 5355 0
999 5361 5355 0
1000 5675 5417 0
1001 5675 5672 0
1002 5414 5672 0
1003 1406 1293 0
1004 1406 1402 0
1005 1402 1279 0
1006 1293 1279 0
1007 5326 5577 0
1008 5577 5571 0
1009 5431 5571 0
1010 5327 5326 0
1011 4520 4757 0
1012 4757 4744 0
1013 4744 4507 0
1014 4520 4507 0
1015 4145 4397 0
1016 4397 4386 0
1017 4134 4386 0
1018 4134 4145 0
1019 1106 1229 0
1020 1229 1223 0
1021 1223 1097 0
1022 1106 1097 0
1023 1096 1200 0
1024 1200 1190 0
1025 1190 1083 0
1026 1096 1083 0
1027 803 889 0
1028 796 887 0
1029 1028 1096 0
1030 1016 1083 0
1031 5352 5481 0
1032 5481 5482 0
1033 5482 5353 0
1034 5352 5353 0
1035 4348 4349 0
1036 4349 4071 0
1037 4080 4071 0
1038 4129 4379 0
1039 4380 4379 0
1040 4130 4129 0
1041 4837 4893 0
1042 4893 4894 0
1043 4894 4838 0
1044 4837 4838 0
1045 4827 4875 0
1046 4875 4877 0
1047 4877 4828 0
1048 4827 4828 0
1049 4986 5044 0
1050 5044 5045 0
1051 5045 4987 0
1052 4986 4987 0
1053 4964 5034 0
1054 5034 5035 0
1055 5035 4965 0
1056 4964 4965 0
1057 4876 4933 0
1058 4933 4934 0
1059 4934 4878 0
1060 4876 4878 0
1061 5748 5874 0
1062 5874 5860 0
1063 5860 5749 0
1064 5748 5749 0
1065 5147 5248 0
1066 5248 5249 0
1067 5249 5148 0
1068 5147 5148 0
1069 5654 5655 0
1070 5655 5392 0
1071 5390 5392 0
1072 6025 6026 0
1073 6026 5763 0
1074 5762 5763 0
1075 5655 5645 0
1076 5645 5393 0
1077 5392 5393 0
1078 5970 6166 0
1079 6166 6167 0
1080 6167 5971 0
1081 5970 5971 0
1082 5650 5527 0
1083 5642 5528 0
1084 5645 5646 0
1085 5646 5381 0
1086 5393 5381 0
1087 5268 5405 0
1088 5405 5406 0
1089 5269 5406 0
1090 5248 5372 0
1091 5372 5373 0
1092 5249 5373 0
1093 5485 5372 0
1094 5486 5373 0
1095 6014 6026 0
1096 5753 5763 0
1097 6165 6166 0
1098 5969 5970 0
1099 5339 5338 0
1100 5104 5116 0
1101 5403 5652 0
1102 5653 5652 0
1103 5388 5403 0
1104 5638 5519 0
1105 5638 5639 0
1106 5639 5508 0
1107 5519 5508 0
1108 5638 5748 0
1109 5749 5639 0
1110 5649 5526 0
1111 5527 5526 0
1112 5926 5873 0
1113 5914 5926 0
1114 5914 5860 0
1115 5860 5873 0
1116 5333 5454 0
1117 5454 5444 0
1118 5444 5334 0
1119 5333 5334 0
1120 5580 5679 0
1121 5679 5680 0
1122 5581 5680 0
1123 5425 5295 0
1124 5426 5296 0
1125 5643 5759 0
1126 5748 5759 0
1127 5405 5526 0
1128 5527 5406 0
1129 5713 5942 0
1130 5943 5942 0
1131 5714 5713 0
1132 4340 4349 0
1133 4072 4071 0
1134 5025 5014 0
1135 5014 4793 0
1136 4792 4793 0
1137 5729 5840 0
1138 5840 5841 0
1139 5730 5841 0
1140 5905 5906 0
1141 5906 5685 0
1142 5684 5685 0
1143 4389 4379 0
1144 4128 4129 0
1145 5873 5759 0
1146 5874 5873 0
1147 5315 5225 0
1148 5316 5226 0
1149 5109 5311 0
1150 5311 5312 0
1151 5312 5093 0
1152 5109 5093 0
1153 10991 13066 0
1154 13066 12778 0
1155 12778 11550 0
1156 11550 11364 0
1157 11364 10992 0
1158 10992 10824 0
1159 10824 10286 0
1160 10991 10286 0
1161 4970 5156 0
1162 5156 5157 0
1163 5157 5009 0
1164 5009 4979 0
1165 4970 4979 0
1166 5961 6158 0
1167 6158 6151 0
1168 5952 6151 0
1169 5952 5961 0
1170 5400 5402 0
1171 5402 5152 0
1172 5151 5152 0
1173 1524 1622 0
1174 1623 1622 0
1175 1623 1521 0
1176 1524 1521 0
1177 490 509 0
1178 526 509 0
1179 330 270 0
1180 270 278 0
1181 278 320 0
1182 490 320 0
1183 331 207 0
1184 207 184 0
1185 184 180 0
1186 180 192 0
1187 270 192 0
1188 4445 4663 0
1189 4663 4664 0
1190 4664 4446 0
1191 4445 4446 0
1192 6017 6225 0
1193 6225 6217 0
1194 6006 6217 0
1195 6006 6017 0
1196 1524 1527 0
1197 1524 1355 0
1198 1355 1325 0
1199 1325 1320 0
1200 1320 1342 0
1201 1527 1342 0
1202 1341 1526 0
1203 1526 1319 0
1204 1319 1262 0
1205 1261 1262 0
1206 5978 6177 0
1207 6178 6177 0
1208 5968 5978 0
1209 6242 6243 0
1210 6037 6036 0
1211 5309 5310 0
1212 5310 5092 0
1213 5099 5092 0
1214 4403 4397 0
1215 4144 4145 0
1216 536 656 0
1217 656 650 0
1218 650 537 0
1219 536 537 0
1220 6167 6157 0
1221 6157 5960 0
1222 5971 5960 0
1223 4664 4665 0
1224 4665 4447 0
1225 4446 4447 0
1226 10939 11537 0
1227 11537 11508 0
1228 11508 10906 0
1229 10939 10906 0
1230 1106 1019 0
1231 1097 1007 0
1232 1019 1007 0
1233 6183 6177 0
1234 5988 5978 0
1235 1382 1518 0
1236 1518 1519 0
1237 1519 1387 0
1238 1382 1387 0
1239 5177 4993 0
1240 5177 5166 0
1241 5166 4999 0
1242 4999 4978 0
1243 4993 4978 0
1244 5388 5402 0
1245 5388 5153 0
1246 5153 5152 0
1247 4688 4689 0
1248 4689 4458 0
1249 4467 4458 0
1250 137 173 0
1251 173 185 0
1252 185 252 0
1253 252 246 0
1254 246 131 0
1255 137 131 0
1256 4041 4032 0
1257 3835 3823 0
1258 1635 1628 0
1259 1628 1514 0
1260 1513 1514 0
1261 1017 1138 0
1262 1138 1161 0
1263 1161 1166 0
1264 1166 1004 0
1265 1017 1004 0
1266 776 1018 0
1267 1005 1018 0
1268 777 776 0
1269 5705 5921 0
1270 5921 5922 0
1271 5922 5693 0
1272 5705 5693 0
1273 541 668 0
1274 668 655 0
1275 535 655 0
1276 5593 5601 0
1277 5356 5355 0
1278 1326 1521 0
1279 1326 1325 0
1280 6027 6226 0
1281 6218 6226 0
1282 6028 6027 0
1283 1242 1201 0
1284 1236 1068 0
1285 1201 1068 0
1286 5146 4994 0
1287 5147 4957 0
1288 4957 4956 0
1289 4994 4956 0
1290 4676 4689 0
1291 4459 4458 0
1292 5764 5990 0
1293 5983 5990 0
1294 5765 5764 0
1295 5176 5032 0
1296 4993 4992 0
1297 5032 4992 0
1298 792 656 0
1299 784 650 0
1300 1137 1047 0
1301 1127 1041 0
1302 6039 6249 0
1303 6241 6249 0
1304 6035 6039 0
1305 784 549 0
1306 784 574 0
1307 574 525 0
1308 549 525 0
1309 784 785 0
1310 785 608 0
1311 608 607 0
1312 607 578 0
1313 784 578 0
1314 5132 5354 0
1315 5345 5354 0
1316 5124 5132 0
1317 6188 6189 0
1318 6189 5985 0
1319 5992 5985 0
1320 1293 1200 0
1321 1279 1190 0
1322 5081 5281 0
1323 5282 5281 0
1324 5082 5081 0
1325 5367 5617 0
1326 5618 5617 0
1327 5368 5367 0
1328 5951 5941 0
1329 5941 5712 0
1330 5725 5712 0
1331 3891 4103 0
1332 4095 4103 0
1333 3881 3891 0
1334 775 769 0
1335 769 571 0
1336 610 571 0
1337 5586 5577 0
1338 5342 5326 0
1339 5646 5647 0
1340 5383 5647 0
1341 5383 5381 0
1342 5481 5610 0
1343 5610 5600 0
1344 5482 5600 0
1345 5986 6181 0
1346 6182 6181 0
1347 5987 5986 0
1348 5610 5681 0
1349 5682 5681 0
1350 5682 5600 0
1351 3847 4054 0
1352 4054 4055 0
1353 4055 3848 0
1354 3847 3848 0
1355 5366 5616 0
1356 5617 5616 0
1357 5367 5366 0
1358 5624 5616 0
1359 5380 5366 0
1360 4782 5016 0
1361 5017 5016 0
1362 4783 4782 0
1363 5323 5322 0
1364 5107 5106 0
1365 4794 5015 0
1366 5016 5015 0
1367 4782 4794 0
1368 5014 5015 0
1369 4793 4794 0
1370 5352 5256 0
1371 5353 5257 0
1372 5256 5257 0
1373 4717 4718 0
1374 4484 4485 0
1375 5256 5193 0
1376 5194 5257 0
1377 5194 5193 0
1378 4681 4663 0
1379 4444 4445 0
1380 5932 5933 0
1381 5933 5704 0
1382 5703 5704 0
1383 3846 4070 0
1384 4054 4070 0
1385 3847 3846 0
1386 4967 4968 0
1387 4968 4728 0
1388 4741 4728 0
1389 4678 4679 0
1390 4679 4462 0
1391 4461 4462 0
1392 4432 4647 0
1393 4648 4647 0
1394 4433 4432 0
1395 3858 4069 0
1396 4070 4069 0
1397 3846 3858 0
1398 6019 6207 0
1399 6208 6207 0
1400 6020 6019 0
1401 5921 5933 0
1402 5705 5704 0
1403 4680 4679 0
1404 4443 4462 0
1405 5291 5281 0
1406 5281 5088 0
1407 5080 5088 0
1408 4078 4077 0
1409 3867 3866 0
1410 4068 4069 0
1411 3857 3858 0
1412 5975 5976 0
1413 5757 5758 0
1414 5519 5454 0
1415 5508 5444 0
1416 5900 5840 0
1417 5901 5841 0
1418 5916 5862 0
1419 5862 5861 0
1420 5849 5861 0
1421 5915 5849 0
1422 317 512 0
1423 512 514 0
1424 514 294 0
1425 317 294 0
1426 4381 4374 0
1427 4116 4117 0
1428 906 811 0
1429 901 793 0
1430 793 797 0
1431 811 797 0
1432 390 205 0
1433 387 292 0
1434 205 292 0
1435 503 567 0
1436 567 400 0
1437 400 399 0
1438 503 399 0
1439 234 378 0
1440 226 379 0
1441 6038 6248 0
1442 6249 6248 0
1443 6038 6039 0
1444 5154 5330 0
1445 5155 5331 0
1446 1102 1375 0
1447 1237 1220 0
1448 1220 1162 0
1449 1103 1162 0
1450 5923 5922 0
1451 5694 5693 0
1452 536 371 0
1453 537 372 0
1454 371 372 0
1455 6223 6231 0
1456 6013 6025 0
1457 227 371 0
1458 214 372 0
1459 5399 5661 0
1460 5661 5662 0
1461 5662 5401 0
1462 5399 5401 0
1463 4744 4745 0
1464 4745 4496 0
1465 4507 4496 0
1466 5415 5667 0
1467 5668 5667 0
1468 5407 5415 0
1469 5415 5174 0
1470 5175 5174 0
1471 5652 5662 0
1472 5403 5401 0
1473 6230 6234 0
1474 6024 6033 0
1475 6224 6225 0
1476 6015 6017 0
1477 5862 5863 0
1478 5863 5850 0
1479 5680 5850 0
1480 1166 1167 0
1481 1167 1182 0
1482 1068 1182 0
1483 1006 1068 0
1484 1006 1004 0
1485 5384 5377 0
1486 5377 5136 0
1487 5135 5136 0
1488 4797 4798 0
1489 4798 4528 0
1490 4537 4528 0
1491 865 1019 0
1492 861 1007 0
1493 5408 5410 0
1494 5164 5165 0
1495 1490 1488 0
1496 1397 1490 0
1497 1308 1327 0
1498 5595 5584 0
1499 5349 5350 0
1500 6258 6045 0
1501 6258 6253 0
1502 1618 1617 0
1503 1489 1487 0
1504 4745 4738 0
1505 4738 4497 0
1506 4496 4497 0
1507 1017 798 0
1508 1017 1018 0
1509 776 787 0
1510 798 787 0
1511 6158 6157 0
1512 5961 5960 0
1513 274 475 0
1514 475 477 0
1515 477 258 0
1516 258 257 0
1517 274 257 0
1518 5148 4980 0
1519 4957 4980 0
1520 5173 5398 0
1521 5415 5398 0
1522 5173 5174 0
1523 796 668 0
1524 791 655 0
1525 4952 4968 0
1526 4729 4728 0
1527 5316 5156 0
1528 5317 5157 0
1529 6254 6248 0
1530 6038 6042 0
1531 5660 5661 0
1532 5409 5399 0
1533 5672 5673 0
1534 5415 5673 0
1535 5414 5415 0
1536 5334 5166 0
1537 4803 5067 0
1538 5067 5063 0
1539 4804 5063 0
1540 4804 4803 0
1541 4810 5066 0
1542 5067 5066 0
1543 4803 4810 0
1544 4739 4738 0
1545 4492 4497 0
1546 5301 5312 0
1547 5094 5093 0
1548 4665 4647 0
1549 4447 4432 0
1550 5302 5290 0
1551 5086 5087 0
1552 5647 5641 0
1553 5377 5641 0
1554 5383 5377 0
1555 6072 5862 0
1556 6072 6073 0
1557 6073 5854 0
1558 5862 5854 0
1559 6219 6207 0
1560 6029 6019 0
1561 4810 4543 0
1562 4803 4544 0
1563 4543 4544 0
1564 4536 4544 0
1565 4955 4944 0
1566 4720 4721 0
1567 5063 5064 0
1568 4797 5064 0
1569 6022 6023 0
1570 6023 5982 0
1571 5982 5949 0
1572 5937 5949 0
1573 5583 6376 0
1574 6376 6350 0
1575 6350 5563 0
1576 5583 5563 0
1577 1126 1423 0
1578 1423 1410 0
1579 1410 1116 0
1580 1126 1116 0
1581 359 35 0
1582 35 36 0
1583 36 103 0
1584 109 103 0
1585 875 994 0
1586 994 989 0
1587 989 770 0
1588 786 770 0
1589 1609 1426 0
1590 1609 1604 0
1591 1420 1604 0
1592 1420 1426 0
1593 1126 994 0
1594 1116 989 0
1595 1646 1415 0
1596 1646 1642 0
1597 1410 1642 0
1598 1415 1410 0
1599 437 740 0
1600 740 741 0
1601 741 709 0
1602 709 703 0
1603 703 431 0
1604 437 431 0
1605 1604 1433 0
1606 1596 1604 0
1607 1447 1439 0
1608 1439 1429 0
1609 1433 1429 0
1610 1433 1343 0
1611 1429 1334 0
1612 1343 1334 0
1613 1418 1632 0
1614 1632 1633 0
1615 1411 1633 0
1616 1411 1418 0
1617 1220 1256 0
1618 1256 1250 0
1619 1250 1221 0
1620 1221 1153 0
1621 1153 1129 0
1622 772 1129 0
1623 772 771 0
1624 771 1128 0
1625 1162 1128 0
1626 1144 1280 0
1627 1280 1281 0
1628 1281 1416 0
1629 1417 1416 0
1630 1417 1145 0
1631 1144 1145 0
1632 1229 1343 0
1633 1223 1334 0
1634 1425 1637 0
1635 1637 1638 0
1636 1416 1638 0
1637 1416 1425 0
1638 1151 1317 0
1639 1317 1311 0
1640 1280 1311 0
1641 1144 1151 0
1642 1424 1644 0
1643 1637 1644 0
1644 1425 1424 0
1645 1632 1638 0
1646 1418 1416 0
1647 769 770 0
1648 567 770 0
1649 567 505 0
1650 505 550 0
1651 571 550 0
1652 1152 1349 0
1653 1340 1349 0
1654 1340 1146 0
1655 1152 1146 0
1656 1424 1318 0
1657 1416 1424 0
1658 1311 1318 0
1659 437 374 0
1660 431 255 0
1661 255 245 0
1662 245 250 0
1663 250 293 0
1664 293 360 0
1665 374 360 0
1666 1348 1145 0
1667 1348 1349 0
1668 1145 1152 0
1669 306 491 0
1670 491 492 0
1671 492 279 0
1672 279 273 0
1673 273 256 0
1674 306 256 0
1675 131 67 0
1676 131 170 0
1677 170 143 0
1678 143 68 0
1679 67 68 0
1680 1136 1036 0
1681 1136 1146 0
1682 1146 1034 0
1683 1036 1034 0
1684 5006 6099 0
1685 6099 6083 0
1686 6083 4977 0
1687 5006 4977 0
1688 511 519 0
1689 511 317 0
1690 317 316 0
1691 316 300 0
1692 519 300 0
1693 477 468 0
1694 468 259 0
1695 259 254 0
1696 258 254 0
1697 876 1036 0
1698 1034 878 0
1699 876 878 0
1700 478 669 0
1701 669 657 0
1702 657 630 0
1703 468 630 0
1704 468 478 0
1705 131 306 0
1706 306 253 0
1707 253 235 0
1708 235 169 0
1709 131 169 0
1710 474 691 0
1711 691 684 0
1712 684 476 0
1713 474 476 0
1714 491 698 0
1715 698 690 0
1716 690 493 0
1717 491 493 0
1718 246 514 0
1719 252 272 0
1720 294 272 0
1721 691 690 0
1722 474 493 0
1723 255 519 0
1724 519 299 0
1725 299 251 0
1726 255 251 0
1727 1518 1633 0
1728 1633 1634 0
1729 1634 1616 0
1730 1519 1616 0
1731 255 135 0
1732 251 198 0
1733 198 136 0
1734 135 136 0
1735 475 492 0
1736 274 287 0
1737 492 287 0
1738 520 704 0
1739 705 704 0
1740 511 520 0
1741 697 698 0
1742 514 698 0
1743 513 514 0
1744 669 684 0
1745 478 476 0
1746 399 271 0
1747 400 263 0
1748 271 263 0
1749 703 519 0
1750 703 704 0
1751 519 520 0
1752 135 83 0
1753 136 84 0
1754 83 84 0
1755 5671 5996 0
1756 5996 6048 0
1757 6048 6049 0
1758 6049 6031 0
1759 6031 5903 0
1760 5903 5413 0
1761 5413 5058 0
1762 5058 4307 0
1763 4307 4027 0
1764 4027 4598 0
1765 4598 4939 0
1766 4939 5012 0
1767 5012 5065 0
1768 5671 5065 0
1769 14077 14530 0
1770 14530 14525 0
1771 14525 14441 0
1772 14441 14258 0
1773 14258 14115 0
1774 14115 14095 0
1775 14095 14086 0
1776 14077 14086 0
1777 1317 1643 0
1778 1644 1643 0
1779 1644 1318 0
1780 1317 1318 0
1781 1150 1642 0
1782 1642 1643 0
1783 1151 1643 0
1784 1150 1151 0
1785 4404 4521 0
1786 4521 4508 0
1787 4508 4405 0
1788 4404 4405 0
1789 4617 4760 0
1790 4760 4761 0
1791 4761 4612 0
1792 4617 4612 0
1793 4007 4155 0
1794 4155 4156 0
1795 4156 4001 0
1796 4007 4001 0
1797 4006 4164 0
1798 4155 4164 0
1799 4007 4006 0
1800 4404 4285 0
1801 4405 4286 0
1802 4285 4286 0
1803 4006 3926 0
1804 4007 3927 0
1805 3926 3927 0
1806 4521 4616 0
1807 4617 4616 0
1808 4508 4617 0
1809 4405 4398 0
1810 4398 4276 0
1811 4286 4276 0
1812 4001 3920 0
1813 3927 3920 0
1814 4155 4286 0
1815 4156 4276 0
1816 4164 4285 0
1817 5815 7283 0
1818 7283 7277 0
1819 7277 5796 0
1820 5815 5796 0
1821 5671 5170 0
1822 4939 4489 0
1823 5170 4489 0
1824 8003 9080 0
1825 9080 9036 0
1826 9036 8990 0
1827 8990 9006 0
1828 9006 8997 0
1829 8997 8957 0
1830 8957 8867 0
1831 8867 8810 0
1832 8810 7996 0
1833 8003 7996 0
1834 15479 15667 0
1835 15667 15666 0
1836 15666 15665 0
1837 15665 15625 0
1838 15625 15649 0
1839 15649 15647 0
1840 15647 15664 0
1841 15664 15663 0
1842 15663 15283 0
1843 15283 15311 0
1844 15311 15237 0
1845 15237 15282 0
1846 15282 15341 0
1847 15479 15341 0
1848 13136 13182 0
1849 13182 13010 0
1850 13010 13188 0
1851 13188 13189 0
1852 13189 13436 0
1853 13436 13412 0
1854 13412 13183 0
1855 13183 13166 0
1856 13166 13106 0
1857 13106 13105 0
1858 13105 12837 0
1859 12837 12825 0
1860 12825 12602 0
1861 12602 12601 0
1862 12601 12813 0
1863 12813 12812 0
1864 12812 12095 0
1865 12095 11913 0
1866 11913 11901 0
1867 11901 12159 0
1868 12159 12373 0
1869 12373 12976 0
1870 13136 12976 0
1871 990 1022 0
1872 1022 1132 0
1873 1132 1476 0
1874 1476 1477 0
1875 1477 1191 0
1876 1191 1105 0
1877 1105 1053 0
1878 1053 1023 0
1879 1023 885 0
1880 885 773 0
1881 773 670 0
1882 670 48 0
1883 48 27 0
1884 27 4 0
1885 4 0 0
1886 0 2 0
1887 2 5 0
1888 5 3 0
1889 3 12 0
1890 12 54 0
1891 54 368 0
1892 368 694 0
1893 694 748 0
1894 990 748 0
1895 9733 10687 0
1896 10687 10759 0
1897 10286 10759 0
1898 10286 10156 0
1899 10156 10149 0
1900 10149 9325 0
1901 9325 9568 0
1902 9568 9642 0
1903 9642 9516 0
1904 9516 9450 0
1905 9733 9450 0
1906 14586 14784 0
1907 14784 15145 0
1908 15145 15146 0
1909 15146 15178 0
1910 15178 15179 0
1911 15179 15161 0
1912 15161 15095 0
1913 15095 15051 0
1914 15051 15008 0
1915 15008 14933 0
1916 14933 14906 0
1917 14906 14823 0
1918 14823 14758 0
1919 14758 14705 0
1920 14705 14673 0
1921 14673 14660 0
1922 14660 14726 0
1923 14726 14820 0
1924 14820 14900 0
1925 14900 14946 0
1926 14946 14979 0
1927 14979 15015 0
1928 15015 15025 0
1929 15025 15018 0
1930 15018 14565 0
1931 14586 14565 0
1932 12778 12560 0
1933 12560 11063 0
1934 11063 11217 0
1935 11364 11217 0
1936 8685 9621 0
1937 9621 9429 0
1938 9429 9363 0
1939 9363 9268 0
1940 9268 9312 0
1941 9312 8996 0
1942 8996 8860 0
1943 8860 8201 0
1944 8685 8201 0
1945 15140 15167 0
1946 15167 15168 0
1947 15168 15141 0
1948 15141 15102 0
1949 15102 15078 0
1950 15078 15042 0
1951 15042 15020 0
1952 15020 14955 0
1953 14955 14956 0
1954 14956 14920 0
1955 14920 14883 0
1956 14883 14812 0
1957 14812 14713 0
1958 14713 14694 0
1959 14694 14711 0
1960 14711 14769 0
1961 14769 14819 0
1962 14819 14891 0
1963 14891 14907 0
1964 14907 14954 0
1965 14954 14967 0
1966 14967 15030 0
1967 15030 15113 0
1968 15140 15113 0
1969 10401 10929 0
1970 10929 11147 0
1971 11147 11461 0
1972 11461 11852 0
1973 11852 11708 0
1974 11708 11687 0
1975 11687 11465 0
1976 11465 10481 0
1977 10481 9940 0
1978 10401 9940 0
1979 8438 8886 0
1980 8886 8419 0
1981 8419 8384 0
1982 8384 8043 0
1983 8043 8010 0
1984 7685 8010 0
1985 7719 8438 0
1986 11768 11896 0
1987 11896 12697 0
1988 12697 12832 0
1989 12832 13027 0
1990 13027 12872 0
1991 12872 12182 0
1992 12182 11747 0
1993 11747 11728 0
1994 11728 11703 0
1995 11703 11677 0
1996 11677 11727 0
1997 11768 11727 0
1998 15240 15339 0
1999 15339 15387 0
2000 15387 15437 0
2001 15437 15472 0
2002 15472 15486 0
2003 15486 15485 0
2004 15485 15536 0
2005 15536 15571 0
2006 15571 15614 0
2007 15614 15643 0
2008 15643 15652 0
2009 15652 15654 0
2010 15654 15641 0
2011 15641 15594 0
2012 15594 15478 0
2013 15478 15458 0
2014 15458 15457 0
2015 15457 15428 0
2016 15428 15416 0
2017 15416 15351 0
2018 15351 15248 0
2019 15248 15232 0
2020 15232 15218 0
2021 15218 15224 0
2022 15240 15224 0
2023 9990 10055 0
2024 10055 10905 0
2025 10905 10823 0
2026 10823 9934 0
2027 9934 9719 0
2028 9990 9719 0
2029 11146 11576 0
2030 11576 11861 0
2031 11861 11552 0
2032 11552 11157 0
2033 11157 10738 0
2034 10738 10968 0
2035 10968 10969 0
2036 10969 11041 0
2037 11041 11086 0
2038 11086 11141 0
2039 11146 11141 0
2040 13156 14008 0
2041 14008 13838 0
2042 13838 12978 0
2043 13156 12978 0
2044 9983 10031 0
2045 10401 10031 0
2046 9940 9284 0
2047 9284 9227 0
2048 9227 9205 0
2049 9983 9205 0
2050 7625 8206 0
2051 8206 8192 0
2052 8192 7619 0
2053 7625 7619 0
2054 11076 11225 0
2055 11225 11778 0
2056 11778 11826 0
2057 11826 11676 0
2058 11676 11323 0
2059 11323 10954 0
2060 11076 10954 0
2061 13140 13126 0
2062 13126 12441 0
2063 12457 12441 0
2064 5995 6142 0
2065 6142 6287 0
2066 6287 6502 0
2067 6502 6609 0
2068 6609 6629 0
2069 6629 6466 0
2070 6466 6455 0
2071 6455 6261 0
2072 6261 6161 0
2073 6161 5651 0
2074 5651 5732 0
2075 5732 5803 0
2076 5803 6003 0
2077 6003 5965 0
2078 5995 5965 0
2079 14748 15252 0
2080 15252 15143 0
2081 15143 14649 0
2082 14748 14649 0
2083 12655 13723 0
2084 13723 13717 0
2085 13717 12864 0
2086 12864 12865 0
2087 12865 12635 0
2088 12655 12635 0
2089 2949 3066 0
2090 3066 3146 0
2091 3146 3182 0
2092 3182 3191 0
2093 3191 3006 0
2094 3006 2939 0
2095 2939 2840 0
2096 2840 2756 0
2097 2756 2333 0
2098 2333 2332 0
2099 2332 2258 0
2100 2258 2268 0
2101 2949 2268 0
2102 11852 13036 0
2103 13036 13055 0
2104 13055 13032 0
2105 13032 12907 0
2106 12907 12653 0
2107 12653 11866 0
2108 11866 11779 0
2109 11708 11779 0
2110 6523 7282 0
2111 7282 7286 0
2112 7283 7286 0
2113 7283 6511 0
2114 6523 6511 0
2115 14918 15046 0
2116 15046 15034 0
2117 15034 15342 0
2118 15342 15326 0
2119 15326 15289 0
2120 15289 15226 0
2121 15226 15022 0
2122 15022 14915 0
2123 14915 14989 0
2124 14989 14939 0
2125 14939 15001 0
2126 15001 14893 0
2127 14918 14893 0
2128 9260 9298 0
2129 9983 9298 0
2130 9983 9185 0
2131 9185 9073 0
2132 9073 9081 0
2133 9081 9102 0
2134 9102 9144 0
2135 9144 9204 0
2136 9260 9204 0
2137 2333 2800 0
2138 2800 2779 0
2139 2779 2222 0
2140 2258 2222 0
2141 14020 14507 0
2142 14507 14493 0
2143 14493 14012 0
2144 14020 14012 0
2145 12737 13501 0
2146 13501 13488 0
2147 13488 13832 0
2148 13832 13831 0
2149 13831 13931 0
2150 13931 13926 0
2151 12655 13926 0
2152 12655 12669 0
2153 12669 12727 0
2154 12737 12727 0
2155 8905 9517 0
2156 9517 9518 0
2157 9518 9659 0
2158 9659 9660 0
2159 9660 10081 0
2160 10081 10061 0
2161 10061 9558 0
2162 9558 9559 0
2163 8905 9559 0
2164 8964 9015 0
2165 9015 8948 0
2166 8948 8920 0
2167 8920 8572 0
2168 8572 8582 0
2169 8582 8460 0
2170 8460 8353 0
2171 8353 8352 0
2172 8964 8352 0
2173 4743 5041 0
2174 5041 4373 0
2175 4373 3980 0
2176 3980 4512 0
2177 4743 4512 0
2178 9035 9718 0
2179 9990 9718 0
2180 9990 9777 0
2181 9777 8822 0
2182 9035 8822 0
2183 9350 10197 0
2184 10197 10006 0
2185 10006 9339 0
2186 9339 9203 0
2187 9350 9203 0
2188 9194 10158 0
2189 10158 10145 0
2190 10145 9186 0
2191 9194 9186 0
2192 11494 11795 0
2193 11795 11780 0
2194 11780 11818 0
2195 11818 11889 0
2196 11889 11932 0
2197 11932 11941 0
2198 11941 12274 0
2199 12274 12259 0
2200 12259 11479 0
2201 11479 11488 0
2202 11488 11539 0
2203 11539 11545 0
2204 11545 11501 0
2205 11501 11515 0
2206 11494 11515 0
2207 14966 14968 0
2208 14968 14941 0
2209 14941 14566 0
2210 14566 14576 0
2211 14576 14728 0
2212 14966 14728 0
2213 10955 11354 0
2214 11354 11518 0
2215 11518 11577 0
2216 11577 11578 0
2217 11578 10849 0
2218 10849 10956 0
2219 10956 10896 0
2220 10955 10896 0
2221 8169 8630 0
2222 8201 8630 0
2223 8201 7951 0
2224 7951 7897 0
2225 7897 7896 0
2226 7896 7974 0
2227 7974 8016 0
2228 8016 8027 0
2229 8169 8027 0
2230 2268 2233 0
2231 2233 1708 0
2232 1708 1728 0
2233 2268 1728 0
2234 7064 7482 0
2235 7482 7691 0
2236 7691 7670 0
2237 7670 7469 0
2238 7469 6891 0
2239 7064 6891 0
2240 12996 13107 0
2241 13107 13101 0
2242 13101 13213 0
2243 13213 13312 0
2244 13312 13294 0
2245 13294 13295 0
2246 13295 13334 0
2247 13334 13366 0
2248 13366 13367 0
2249 13367 13536 0
2250 13536 13537 0
2251 13537 13372 0
2252 13372 13373 0
2253 13373 13313 0
2254 13313 13296 0
2255 13296 13286 0
2256 13286 13221 0
2257 13221 13048 0
2258 13048 13049 0
2259 13049 12953 0
2260 12953 12965 0
2261 12965 12721 0
2262 12721 12690 0
2263 12690 12951 0
2264 12951 12988 0
2265 12996 12988 0
2266 11663 11717 0
2267 11717 11949 0
2268 11949 12163 0
2269 12163 11695 0
2270 11695 11447 0
2271 11663 11447 0
2272 7362 7349 0
2273 7349 7370 0
2274 7370 7414 0
2275 7651 7414 0
2276 7651 7639 0
2277 7302 7639 0
2278 7302 6940 0
2279 6940 7094 0
2280 7094 7214 0
2281 7214 7235 0
2282 7227 7235 0
2283 7227 7362 0
2284 9022 9451 0
2285 9451 9446 0
2286 9446 8669 0
2287 8669 8670 0
2288 8419 8670 0
2289 8419 8894 0
2290 8894 8981 0
2291 9022 8981 0
2292 8296 8855 0
2293 8964 8855 0
2294 8964 8137 0
2295 8137 8135 0
2296 8296 8135 0
2297 6668 7692 0
2298 7692 7811 0
2299 7811 7714 0
2300 7714 6669 0
2301 6669 6741 0
2302 6741 6534 0
2303 6534 6593 0
2304 6668 6593 0
2305 2068 2456 0
2306 2456 2138 0
2307 2138 1761 0
2308 2068 1761 0
2309 9172 9212 0
2310 9212 9307 0
2311 9307 9791 0
2312 9791 10082 0
2313 10082 10013 0
2314 10013 9530 0
2315 9530 9531 0
2316 9531 9285 0
2317 9285 9286 0
2318 9286 9046 0
2319 9046 9092 0
2320 9092 9091 0
2321 9172 9091 0
2322 14561 14774 0
2323 14774 14768 0
2324 14784 14768 0
2325 14784 14559 0
2326 14561 14559 0
2327 3980 4199 0
2328 4199 3509 0
2329 3509 3256 0
2330 3980 3256 0
2331 5170 5041 0
2332 5170 4501 0
2333 4501 4367 0
2334 5041 4367 0
2335 4086 4279 0
2336 4279 3710 0
2337 3710 3584 0
2338 3584 3947 0
2339 4086 3947 0
2340 13830 14121 0
2341 14121 13939 0
2342 13939 13699 0
2343 13699 13784 0
2344 13784 13721 0
2345 13830 13721 0
2346 3242 3409 0
2347 3409 2647 0
2348 2456 2647 0
2349 2456 2287 0
2350 3242 2287 0
2351 10197 10608 0
2352 10608 10755 0
2353 10755 10590 0
2354 10590 10217 0
2355 10006 10217 0
2356 7931 8024 0
2357 8296 8024 0
2358 8135 8058 0
2359 8058 8064 0
2360 8064 7903 0
2361 7931 7903 0
2362 14137 14405 0
2363 14405 14243 0
2364 14243 14003 0
2365 14137 14003 0
2366 5831 6276 0
2367 6276 6265 0
2368 6265 6256 0
2369 6256 6229 0
2370 6229 5809 0
2371 5831 5809 0
2372 13317 13662 0
2373 13662 13467 0
2374 12832 13467 0
2375 12832 13092 0
2376 13092 13241 0
2377 13317 13241 0
2378 8715 9320 0
2379 9320 9313 0
2380 9313 9138 0
2381 9138 9140 0
2382 9140 9017 0
2383 9017 9012 0
2384 9012 8962 0
2385 8962 8961 0
2386 8961 8711 0
2387 8711 8717 0
2388 8717 8849 0
2389 8849 8883 0
2390 8883 8892 0
2391 8892 8847 0
2392 8847 8783 0
2393 8783 8728 0
2394 8715 8728 0
2395 12489 13215 0
2396 13215 13217 0
2397 13217 12479 0
2398 12489 12479 0
2399 3075 3417 0
2400 3256 3417 0
2401 3256 2957 0
2402 2957 2702 0
2403 2702 2508 0
2404 3075 2508 0
2405 12576 13303 0
2406 13303 13197 0
2407 13197 13139 0
2408 13139 12472 0
2409 12576 12472 0
2410 14656 14861 0
2411 14861 14874 0
2412 14874 14801 0
2413 14801 14556 0
2414 14656 14556 0
2415 10082 10167 0
2416 10167 10062 0
2417 10062 10047 0
2418 10047 9478 0
2419 9478 9487 0
2420 9531 9487 0
2421 13027 13467 0
2422 13467 13593 0
2423 13593 13399 0
2424 12872 13399 0
2425 1105 1174 0
2426 1174 1285 0
2427 1285 1286 0
2428 1286 1192 0
2429 1192 1170 0
2430 670 1170 0
2431 670 801 0
2432 801 941 0
2433 941 1039 0
2434 1039 1051 0
2435 1105 1051 0
2436 8528 8758 0
2437 8758 8744 0
2438 8744 8771 0
2439 8771 8690 0
2440 8690 8692 0
2441 8692 8736 0
2442 8736 8737 0
2443 8737 8265 0
2444 8265 8273 0
2445 8273 8517 0
2446 8528 8517 0
2447 8056 8418 0
2448 8418 8313 0
2449 8313 8269 0
2450 8269 7985 0
2451 7985 7876 0
2452 7876 7875 0
2453 7875 8053 0
2454 8056 8053 0
2455 13232 13735 0
2456 13735 13729 0
2457 13729 13216 0
2458 13232 13216 0
2459 14475 14476 0
2460 14476 14042 0
2461 14042 14041 0
2462 14041 14218 0
2463 14475 14218 0
2464 13232 13015 0
2465 13215 13232 0
2466 13215 12878 0
2467 13015 12878 0
2468 14748 14405 0
2469 14649 14243 0
2470 7131 7357 0
2471 7357 7448 0
2472 7448 7525 0
2473 7525 7526 0
2474 7526 7515 0
2475 7515 7109 0
2476 7131 7109 0
2477 13137 13877 0
2478 13877 13754 0
2479 13754 12954 0
2480 13137 12954 0
2481 8948 8922 0
2482 8922 8895 0
2483 8895 8811 0
2484 8811 8697 0
2485 8697 8611 0
2486 8611 8127 0
2487 8137 8127 0
2488 8352 8137 0
2489 13940 13179 0
2490 13940 13930 0
2491 13930 13180 0
2492 13179 13180 0
2493 4210 4347 0
2494 4347 4487 0
2495 4487 4556 0
2496 4556 4812 0
2497 4812 4947 0
2498 4947 4913 0
2499 4913 4822 0
2500 4822 4400 0
2501 4400 4305 0
2502 4305 4167 0
2503 4167 3356 0
2504 3356 3271 0
2505 3271 3073 0
2506 3073 3307 0
2507 4210 3307 0
2508 15079 14651 0
2509 14535 14538 0
2510 14651 14538 0
2511 14632 14717 0
2512 14717 14865 0
2513 14865 14866 0
2514 14866 14616 0
2515 14616 14624 0
2516 14632 14624 0
2517 3227 3732 0
2518 3732 3728 0
2519 3728 3222 0
2520 3227 3222 0
2521 7515 7516 0
2522 7516 7346 0
2523 7346 7358 0
2524 7358 7101 0
2525 7109 7101 0
2526 7749 8054 0
2527 8054 8049 0
2528 8049 7750 0
2529 7749 7750 0
2530 15421 15590 0
2531 15590 15597 0
2532 15597 15475 0
2533 15475 15366 0
2534 15421 15366 0
2535 10859 11269 0
2536 11269 10842 0
2537 10859 10842 0
2538 10859 10747 0
2539 10842 10644 0
2540 10644 10487 0
2541 10487 10701 0
2542 10747 10701 0
2543 12950 13360 0
2544 13360 13362 0
2545 13362 13117 0
2546 13117 13063 0
2547 13063 13062 0
2548 13062 12942 0
2549 12950 12942 0
2550 14358 14401 0
2551 14401 14542 0
2552 14542 14420 0
2553 14420 14209 0
2554 14358 14209 0
2555 14988 15019 0
2556 15019 15170 0
2557 15170 15118 0
2558 15034 15118 0
2559 14918 14988 0
2560 13830 13593 0
2561 13699 13392 0
2562 13593 13392 0
2563 13968 14207 0
2564 14207 14208 0
2565 14121 14208 0
2566 13830 13968 0
2567 4407 4683 0
2568 4683 4488 0
2569 4488 4140 0
2570 4407 4140 0
2571 13955 14397 0
2572 14397 14314 0
2573 14314 13817 0
2574 13955 13817 0
2575 13207 13965 0
2576 13957 13965 0
2577 13957 13198 0
2578 13207 13198 0
2579 10956 10862 0
2580 10956 10834 0
2581 10834 10490 0
2582 10490 10489 0
2583 10862 10489 0
2584 5947 6155 0
2585 6155 6149 0
2586 6149 5927 0
2587 5947 5927 0
2588 8054 8435 0
2589 8435 8431 0
2590 8431 8378 0
2591 8378 8337 0
2592 8337 8328 0
2593 8328 8052 0
2594 8052 8051 0
2595 8051 8090 0
2596 8090 8110 0
2597 8110 8164 0
2598 8164 8178 0
2599 8178 8140 0
2600 8140 8086 0
2601 8049 8086 0
2602 10230 10597 0
2603 10597 10592 0
2604 10592 10226 0
2605 10230 10226 0
2606 333 420 0
2607 420 321 0
2608 321 188 0
2609 333 188 0
2610 11076 10755 0
2611 11076 10947 0
2612 10590 10947 0
2613 12536 12795 0
2614 12795 12789 0
2615 12789 12496 0
2616 12496 12512 0
2617 12536 12512 0
2618 2138 1917 0
2619 2138 1693 0
2620 1693 1703 0
2621 1917 1703 0
2622 12064 12400 0
2623 12400 12382 0
2624 12382 12041 0
2625 12064 12041 0
2626 8272 8338 0
2627 8338 8347 0
2628 8347 8395 0
2629 8395 8614 0
2630 8614 8600 0
2631 8600 8689 0
2632 8689 8679 0
2633 8679 8360 0
2634 8360 8312 0
2635 8312 8258 0
2636 8258 8348 0
2637 8348 8354 0
2638 8354 8289 0
2639 8272 8289 0
2640 13949 14413 0
2641 14413 14440 0
2642 14440 14460 0
2643 14460 14444 0
2644 14444 14423 0
2645 14423 14363 0
2646 14363 13944 0
2647 13944 13950 0
2648 13950 14351 0
2649 14351 14373 0
2650 14373 14386 0
2651 14386 14394 0
2652 14394 14372 0
2653 14372 13953 0
2654 13949 13953 0
2655 15565 15556 0
2656 15556 15453 0
2657 15453 15381 0
2658 15381 15281 0
2659 15281 15239 0
2660 15239 15223 0
2661 15223 15229 0
2662 15565 15229 0
2663 7292 7506 0
2664 7506 7496 0
2665 7496 7287 0
2666 7292 7287 0
2667 10978 11314 0
2668 11314 11129 0
2669 11129 10736 0
2670 10736 10858 0
2671 10858 10890 0
2672 10978 10890 0
2673 9707 10140 0
2674 10140 10128 0
2675 10128 9691 0
2676 9707 9691 0
2677 14476 14465 0
2678 14465 14043 0
2679 14042 14043 0
2680 11125 11338 0
2681 11338 11112 0
2682 11125 11112 0
2683 7360 7172 0
2684 7172 7104 0
2685 7104 7077 0
2686 7077 6892 0
2687 7360 6892 0
2688 11370 11381 0
2689 11381 11421 0
2690 11421 11499 0
2691 11499 11500 0
2692 11500 11838 0
2693 11838 11839 0
2694 11839 11817 0
2695 11795 11817 0
2696 11494 11477 0
2697 11477 11356 0
2698 11370 11356 0
2699 12655 12285 0
2700 12635 12174 0
2701 12174 12194 0
2702 12285 12194 0
2703 12393 12633 0
2704 12633 12744 0
2705 12744 12624 0
2706 12624 12257 0
2707 12393 12257 0
2708 10646 10878 0
2709 10878 10879 0
2710 10879 10930 0
2711 10930 10931 0
2712 10931 10892 0
2713 10892 10837 0
2714 10837 10760 0
2715 10760 10748 0
2716 10748 10729 0
2717 10729 10433 0
2718 10433 10438 0
2719 10438 10455 0
2720 10455 10482 0
2721 10482 10594 0
2722 10594 10610 0
2723 10610 10630 0
2724 10646 10630 0
2725 14388 14396 0
2726 14396 14408 0
2727 14408 14520 0
2728 14520 14570 0
2729 14570 14571 0
2730 14571 14515 0
2731 14515 14428 0
2732 14428 14389 0
2733 14389 14390 0
2734 14390 14353 0
2735 14353 14352 0
2736 14352 14181 0
2737 14181 14129 0
2738 14129 14114 0
2739 14114 14156 0
2740 14156 14025 0
2741 14025 13935 0
2742 13935 13934 0
2743 13934 14329 0
2744 14329 14364 0
2745 14363 14364 0
2746 14363 14388 0
2747 7489 7504 0
2748 7504 8123 0
2749 8123 7452 0
2750 7452 7460 0
2751 7489 7460 0
2752 8258 8298 0
2753 8298 8281 0
2754 8281 8290 0
2755 8290 8339 0
2756 8339 8330 0
2757 8330 8122 0
2758 8122 8141 0
2759 8141 8157 0
2760 8157 8165 0
2761 8165 8121 0
2762 8121 8079 0
2763 8079 8047 0
2764 8047 8037 0
2765 8037 8102 0
2766 8102 8105 0
2767 8105 8216 0
2768 8258 8216 0
2769 9450 9191 0
2770 9325 9192 0
2771 9191 9192 0
2772 8687 8941 0
2773 8941 9131 0
2774 9131 9090 0
2775 9090 9101 0
2776 9101 8854 0
2777 8854 8688 0
2778 8687 8688 0
2779 1752 1906 0
2780 1906 1698 0
2781 1698 1573 0
2782 1752 1573 0
2783 6535 6584 0
2784 6584 6901 0
2785 6901 6505 0
2786 6505 6513 0
2787 6535 6513 0
2788 1906 2126 0
2789 2126 1841 0
2790 1698 1841 0
2791 14865 15089 0
2792 15089 15104 0
2793 15104 15059 0
2794 15059 15026 0
2795 15026 15002 0
2796 14866 15002 0
2797 11495 11954 0
2798 11954 11942 0
2799 11942 11830 0
2800 11830 11831 0
2801 11831 11489 0
2802 11495 11489 0
2803 11710 12018 0
2804 12018 11998 0
2805 11998 11704 0
2806 11710 11704 0
2807 2635 2689 0
2808 2689 2794 0
2809 2794 2613 0
2810 2613 2286 0
2811 2286 2300 0
2812 2635 2300 0
2813 14055 14285 0
2814 14285 14272 0
2815 14272 14031 0
2816 14031 14030 0
2817 14055 14030 0
2818 7982 8227 0
2819 8227 8213 0
2820 8213 7970 0
2821 7982 7970 0
2822 10992 11217 0
2823 10824 11063 0
2824 7049 7293 0
2825 7293 7285 0
2826 7285 7251 0
2827 7251 6833 0
2828 6833 6829 0
2829 6829 7051 0
2830 7049 7051 0
2831 11749 12055 0
2832 12055 12043 0
2833 12043 11738 0
2834 11749 11738 0
2835 9269 9540 0
2836 9540 9601 0
2837 9601 9584 0
2838 9584 9258 0
2839 9258 9257 0
2840 9257 9418 0
2841 9418 9417 0
2842 9417 9256 0
2843 9269 9256 0
2844 14018 14274 0
2845 14274 14263 0
2846 14263 14019 0
2847 14018 14019 0
2848 11815 11875 0
2849 11875 11881 0
2850 11881 11835 0
2851 11835 11460 0
2852 11460 11378 0
2853 11378 11330 0
2854 11330 11303 0
2855 11303 11288 0
2856 11288 11329 0
2857 11329 11716 0
2858 11815 11716 0
2859 5169 5307 0
2860 5307 4958 0
2861 4958 4808 0
2862 5169 4808 0
2863 6397 7207 0
2864 7064 7207 0
2865 7064 6625 0
2866 6397 6625 0
2867 3982 4044 0
2868 4044 4122 0
2869 4122 4123 0
2870 4123 3877 0
2871 3877 3672 0
2872 3982 3672 0
2873 13837 13927 0
2874 13927 13928 0
2875 13928 14267 0
2876 14267 14302 0
2877 14302 14330 0
2878 14330 14402 0
2879 14402 14433 0
2880 14433 14461 0
2881 14461 14462 0
2882 14462 14429 0
2883 14429 14374 0
2884 14374 13897 0
2885 13897 13848 0
2886 13837 13848 0
2887 15463 15483 0
2888 15483 15631 0
2889 15590 15631 0
2890 15421 15459 0
2891 15463 15459 0
2892 14235 14262 0
2893 14262 14349 0
2894 14209 14349 0
2895 14209 14105 0
2896 14105 14097 0
2897 14097 14217 0
2898 14235 14217 0
2899 8303 8885 0
2900 8981 8885 0
2901 8886 8981 0
2902 8438 8368 0
2903 8368 8202 0
2904 8303 8202 0
2905 4923 5140 0
2906 5140 5133 0
2907 5133 4916 0
2908 4923 4916 0
2909 6187 6274 0
2910 6274 6399 0
2911 6399 6390 0
2912 6390 6174 0
2913 6187 6174 0
2914 3771 3844 0
2915 3844 3887 0
2916 3887 3888 0
2917 3888 3854 0
2918 3854 3763 0
2919 3763 3726 0
2920 3726 3712 0
2921 3712 3725 0
2922 3725 3739 0
2923 3771 3739 0
2924 7989 8146 0
2925 8303 8146 0
2926 8101 8303 0
2927 7776 7915 0
2928 7989 7915 0
2929 13204 13964 0
2930 13965 13964 0
2931 13207 13204 0
2932 6148 6351 0
2933 6351 6331 0
2934 6331 6145 0
2935 6148 6145 0
2936 13555 13904 0
2937 13904 13905 0
2938 13905 13674 0
2939 13674 13673 0
2940 13673 13556 0
2941 13555 13556 0
2942 7516 7495 0
2943 7495 7478 0
2944 7478 7380 0
2945 7380 7389 0
2946 7389 7272 0
2947 7272 7097 0
2948 7101 7097 0
2949 14532 14714 0
2950 14714 14661 0
2951 14661 14435 0
2952 14532 14435 0
2953 8622 9059 0
2954 9059 8906 0
2955 8906 8610 0
2956 8622 8610 0
2957 13968 13777 0
2958 13593 13777 0
2959 7042 7279 0
2960 7279 7263 0
2961 7263 7030 0
2962 7042 7030 0
2963 9776 10228 0
2964 10228 10225 0
2965 10225 10025 0
2966 10025 10034 0
2967 10034 9767 0
2968 9776 9767 0
2969 8940 9100 0
2970 9100 9089 0
2971 9089 8739 0
2972 8739 8749 0
2973 8749 8931 0
2974 8940 8931 0
2975 3407 3748 0
2976 3748 3758 0
2977 3758 4132 0
2978 4132 4211 0
2979 4211 4230 0
2980 4230 4335 0
2981 4335 4657 0
2982 4657 4774 0
2983 4774 4851 0
2984 4851 4920 0
2985 4920 4802 0
2986 4802 3366 0
2987 3407 3366 0
2988 8786 9130 0
2989 9130 9114 0
2990 9114 8773 0
2991 8786 8773 0
2992 2994 2984 0
2993 2984 2789 0
2994 2789 2801 0
2995 2801 2963 0
2996 2994 2963 0
2997 2149 2385 0
2998 2385 2241 0
2999 2241 1937 0
3000 2149 1937 0
3001 13729 13722 0
3002 13204 13722 0
3003 13216 13204 0
3004 9363 9153 0
3005 8860 9153 0
3006 7368 7555 0
3007 7555 7556 0
3008 7556 7355 0
3009 7368 7355 0
3010 10747 10257 0
3011 10487 10432 0
3012 10432 10249 0
3013 10257 10249 0
3014 10547 10836 0
3015 10836 10828 0
3016 10828 10533 0
3017 10547 10533 0
3018 10695 10886 0
3019 10886 10979 0
3020 10979 10688 0
3021 10695 10688 0
3022 15264 15209 0
3023 15122 15209 0
3024 11633 12008 0
3025 12008 11828 0
3026 11828 11759 0
3027 11759 11606 0
3028 11606 11505 0
3029 11633 11505 0
3030 10167 10387 0
3031 10387 10591 0
3032 10591 10488 0
3033 10488 10319 0
3034 10319 10277 0
3035 10277 10063 0
3036 10062 10063 0
3037 5460 5692 0
3038 5692 5688 0
3039 5688 5465 0
3040 5465 5452 0
3041 5460 5452 0
3042 11507 11559 0
3043 11559 11322 0
3044 11322 11233 0
3045 11233 11204 0
3046 11204 11140 0
3047 11507 11140 0
3048 10036 10185 0
3049 10185 10186 0
3050 10186 10258 0
3051 10258 10381 0
3052 10381 10422 0
3053 10422 10412 0
3054 10412 10532 0
3055 10532 10516 0
3056 10036 10516 0
3057 14263 14265 0
3058 14020 14265 0
3059 14020 14019 0
3060 9723 10139 0
3061 10140 10139 0
3062 9707 9723 0
3063 7925 8177 0
3064 8177 8172 0
3065 8172 7910 0
3066 7925 7910 0
3067 14542 14686 0
3068 14686 14602 0
3069 14420 14602 0
3070 11108 11250 0
3071 11250 11274 0
3072 11274 11311 0
3073 11311 11317 0
3074 11317 11094 0
3075 11094 11088 0
3076 11088 10958 0
3077 10958 10893 0
3078 10893 10937 0
3079 10937 10936 0
3080 10936 10919 0
3081 10919 11042 0
3082 11042 11109 0
3083 11108 11109 0
3084 11186 11497 0
3085 11497 11491 0
3086 11491 11466 0
3087 11466 11174 0
3088 11186 11174 0
3089 8135 7905 0
3090 8135 8136 0
3091 8136 7906 0
3092 7905 7906 0
3093 14915 14809 0
3094 14809 14803 0
3095 14893 14803 0
3096 12635 12630 0
3097 12630 12350 0
3098 12350 12351 0
3099 12351 12295 0
3100 12295 12195 0
3101 12174 12195 0
3102 12479 12528 0
3103 12528 12529 0
3104 12529 12790 0
3105 12790 12796 0
3106 12796 12940 0
3107 12940 12941 0
3108 12941 13205 0
3109 13205 13206 0
3110 13206 13079 0
3111 13079 13070 0
3112 13070 13020 0
3113 13020 13028 0
3114 13028 12707 0
3115 12707 12698 0
3116 12698 12654 0
3117 12654 12666 0
3118 12666 12519 0
3119 12519 12513 0
3120 12473 12513 0
3121 12473 12479 0
3122 15103 15241 0
3123 15241 15271 0
3124 15271 15265 0
3125 15265 15235 0
3126 15104 15235 0
3127 15104 15103 0
3128 14272 14274 0
3129 14031 14018 0
3130 8279 8612 0
3131 8612 8613 0
3132 8613 8271 0
3133 8279 8271 0
3134 2708 2944 0
3135 2944 2940 0
3136 2940 2938 0
3137 2938 2906 0
3138 2906 2692 0
3139 2708 2692 0
3140 12887 13040 0
3141 13040 12869 0
3142 12869 12674 0
3143 12887 12674 0
3144 9708 9935 0
3145 9935 9930 0
3146 9930 9692 0
3147 9708 9692 0
3148 6892 7093 0
3149 7093 7039 0
3150 7039 6821 0
3151 6668 6821 0
3152 6668 6892 0
3153 5213 5440 0
3154 5440 5453 0
3155 5453 5202 0
3156 5213 5202 0
3157 7991 8191 0
3158 8191 8223 0
3159 8223 8211 0
3160 8211 7992 0
3161 7991 7992 0
3162 480 678 0
3163 678 660 0
3164 660 470 0
3165 480 470 0
3166 13777 13661 0
3167 13467 13661 0
3168 3031 3220 0
3169 3220 3221 0
3170 3221 3020 0
3171 3031 3020 0
3172 3031 2876 0
3173 3020 2877 0
3174 2876 2877 0
3175 1902 2099 0
3176 2099 2100 0
3177 2100 1890 0
3178 1902 1890 0
3179 2684 2883 0
3180 2876 2883 0
3181 2876 2685 0
3182 2684 2685 0
3183 2684 2572 0
3184 2685 2573 0
3185 2572 2573 0
3186 2876 2665 0
3187 2877 2850 0
3188 2850 2828 0
3189 2828 2725 0
3190 2725 2686 0
3191 2686 2660 0
3192 2665 2660 0
3193 1902 1759 0
3194 1902 1903 0
3195 1903 1746 0
3196 1759 1746 0
3197 11918 11988 0
3198 11988 12154 0
3199 12154 12014 0
3200 12014 11786 0
3201 11918 11786 0
3202 13735 13977 0
3203 13977 13969 0
3204 13969 13728 0
3205 13735 13728 0
3206 1709 2226 0
3207 2226 2221 0
3208 2221 1704 0
3209 1709 1704 0
3210 14090 14368 0
3211 14368 14293 0
3212 14293 14091 0
3213 14090 14091 0
3214 3910 4256 0
3215 4256 4233 0
3216 4233 3901 0
3217 3910 3901 0
3218 14008 14137 0
3219 13838 14003 0
3220 7572 7813 0
3221 7813 7805 0
3222 7805 7566 0
3223 7572 7566 0
3224 10075 10486 0
3225 10486 10473 0
3226 10473 10418 0
3227 10418 10390 0
3228 10390 10379 0
3229 10379 10070 0
3230 10075 10070 0
3231 13005 13190 0
3232 13190 13014 0
3233 13014 12828 0
3234 13005 12828 0
3235 4086 4028 0
3236 3947 3709 0
3237 3709 3605 0
3238 4028 3605 0
3239 1938 2393 0
3240 2393 2394 0
3241 2394 2150 0
3242 2150 2151 0
3243 2151 2386 0
3244 2386 2387 0
3245 2387 2371 0
3246 2371 2321 0
3247 2321 1959 0
3248 1938 1959 0
3249 14555 14752 0
3250 14752 14701 0
3251 14701 14516 0
3252 14555 14516 0
3253 6766 6996 0
3254 6996 7019 0
3255 7019 7007 0
3256 7007 6762 0
3257 6766 6762 0
3258 8723 9072 0
3259 9072 9063 0
3260 9063 8724 0
3261 8723 8724 0
3262 9558 9869 0
3263 9869 9870 0
3264 9870 10056 0
3265 10056 10057 0
3266 10057 9782 0
3267 9559 9782 0
3268 12669 12401 0
3269 12655 12289 0
3270 12401 12289 0
3271 10627 10812 0
3272 10812 10802 0
3273 10802 10623 0
3274 10627 10623 0
3275 7749 7558 0
3276 7750 7545 0
3277 7558 7545 0
3278 11507 11417 0
3279 11507 11310 0
3280 11310 11287 0
3281 11287 11119 0
3282 11119 11075 0
3283 11417 11075 0
3284 7221 7447 0
3285 7447 7442 0
3286 7442 7211 0
3287 7221 7211 0
3288 9330 9355 0
3289 9355 9141 0
3290 9141 9005 0
3291 9005 8980 0
3292 8980 9045 0
3293 9330 9045 0
3294 7567 7806 0
3295 7806 7800 0
3296 7800 7557 0
3297 7567 7557 0
3298 15586 15656 0
3299 15656 15645 0
3300 15645 15547 0
3301 15547 15569 0
3302 15586 15569 0
3303 459 651 0
3304 651 645 0
3305 645 455 0
3306 459 455 0
3307 13450 13671 0
3308 13671 13570 0
3309 13570 13382 0
3310 13382 13345 0
3311 13345 13339 0
3312 13450 13339 0
3313 9478 9287 0
3314 9285 9287 0
3315 9285 9487 0
3316 10058 10276 0
3317 10276 10278 0
3318 10047 10278 0
3319 10047 10058 0
3320 11730 12033 0
3321 12033 12022 0
3322 12022 11718 0
3323 11730 11718 0
3324 15072 15138 0
3325 15138 15251 0
3326 15251 15246 0
3327 15246 15073 0
3328 15072 15073 0
3329 219 433 0
3330 433 434 0
3331 434 209 0
3332 219 209 0
3333 8306 8594 0
3334 8594 8441 0
3335 8441 8358 0
3336 8358 8307 0
3337 8306 8307 0
3338 11508 11183 0
3339 11508 11497 0
3340 11186 11183 0
3341 10319 10461 0
3342 10461 10462 0
3343 10278 10462 0
3344 10277 10278 0
3345 7267 7479 0
3346 7479 7480 0
3347 7480 7256 0
3348 7267 7256 0
3349 13466 13803 0
3350 13803 13732 0
3351 13732 13353 0
3352 13466 13353 0
3353 2495 2707 0
3354 2692 2707 0
3355 2692 2525 0
3356 2525 2487 0
3357 2495 2487 0
3358 3321 3357 0
3359 3357 3322 0
3360 3322 3473 0
3361 3473 3435 0
3362 3366 3435 0
3363 3366 3159 0
3364 3321 3159 0
3365 6645 6885 0
3366 6885 6886 0
3367 6886 6634 0
3368 6645 6634 0
3369 1087 1475 0
3370 1476 1475 0
3371 990 1087 0
3372 3074 3246 0
3373 3159 3246 0
3374 3159 2872 0
3375 2872 2983 0
3376 3074 2983 0
3377 7119 7364 0
3378 7364 7353 0
3379 7353 7120 0
3380 7119 7120 0
3381 15552 15566 0
3382 15566 15567 0
3383 15567 15448 0
3384 15448 15447 0
3385 15552 15447 0
3386 1625 1833 0
3387 1833 1842 0
3388 1842 1834 0
3389 1834 1781 0
3390 1781 1615 0
3391 1625 1615 0
3392 2341 2559 0
3393 2385 2559 0
3394 2149 2341 0
3395 1713 1905 0
3396 1905 1971 0
3397 1971 1972 0
3398 1972 1705 0
3399 1713 1705 0
3400 15170 15325 0
3401 15325 15238 0
3402 15118 15238 0
3403 10955 10591 0
3404 10896 10862 0
3405 10862 10488 0
3406 7892 8162 0
3407 8162 8163 0
3408 8163 7880 0
3409 7892 7880 0
3410 9193 9326 0
3411 9326 9180 0
3412 9180 9031 0
3413 9193 9031 0
3414 7108 7354 0
3415 7354 7341 0
3416 7341 7105 0
3417 7108 7105 0
3418 991 1164 0
3419 1164 1157 0
3420 1157 984 0
3421 991 984 0
3422 13951 14195 0
3423 14195 14143 0
3424 14143 14027 0
3425 14027 13995 0
3426 13995 13828 0
3427 13951 13828 0
3428 12031 12369 0
3429 12369 12370 0
3430 12370 12034 0
3431 12031 12034 0
3432 12154 12471 0
3433 12471 12336 0
3434 12014 12336 0
3435 10623 10976 0
3436 10968 10976 0
3437 10738 10624 0
3438 10623 10624 0
3439 2613 2455 0
3440 2455 2329 0
3441 2329 2282 0
3442 2282 2219 0
3443 2219 2250 0
3444 2286 2250 0
3445 7598 7840 0
3446 7840 7835 0
3447 7835 7592 0
3448 7598 7592 0
3449 7586 7828 0
3450 7828 7820 0
3451 7820 7579 0
3452 7586 7579 0
3453 2776 2863 0
3454 2863 2485 0
3455 2776 2485 0
3456 15447 15340 0
3457 15448 15333 0
3458 15333 15332 0
3459 15340 15332 0
3460 4856 5091 0
3461 5091 5077 0
3462 5077 5043 0
3463 5043 4849 0
3464 4856 4849 0
3465 2533 2624 0
3466 2624 2621 0
3467 2621 2218 0
3468 2218 2248 0
3469 2533 2248 0
3470 15532 15626 0
3471 15626 15618 0
3472 15618 15635 0
3473 15635 15642 0
3474 15642 15530 0
3475 15532 15530 0
3476 7862 8089 0
3477 8089 8017 0
3478 8017 7757 0
3479 7862 7757 0
3480 12370 12364 0
3481 12364 12023 0
3482 12034 12023 0
3483 8270 8486 0
3484 8486 8478 0
3485 8478 8286 0
3486 8270 8286 0
3487 14783 15144 0
3488 15145 15144 0
3489 14784 14783 0
3490 14869 15012 0
3491 15012 14949 0
3492 14949 14815 0
3493 14869 14815 0
3494 7882 8148 0
3495 8148 8156 0
3496 8156 7868 0
3497 7882 7868 0
3498 7975 8124 0
3499 8124 8125 0
3500 8125 7976 0
3501 7975 7976 0
3502 172 283 0
3503 283 159 0
3504 159 80 0
3505 172 80 0
3506 10216 10589 0
3507 10589 10584 0
3508 10584 10203 0
3509 10216 10203 0
3510 7697 7920 0
3511 7920 7898 0
3512 7898 7698 0
3513 7697 7698 0
3514 10324 10364 0
3515 10364 10574 0
3516 10574 10566 0
3517 10566 10271 0
3518 10271 10279 0
3519 10324 10279 0
3520 8233 8552 0
3521 8552 8542 0
3522 8542 8230 0
3523 8233 8230 0
3524 15363 15462 0
3525 15586 15462 0
3526 15586 15542 0
3527 15542 15400 0
3528 15400 15383 0
3529 15383 15364 0
3530 15363 15364 0
3531 3425 3593 0
3532 3409 3593 0
3533 3242 3425 0
3534 9211 9527 0
3535 9527 9528 0
3536 9528 9200 0
3537 9211 9200 0
3538 11644 11769 0
3539 11769 11765 0
3540 11765 11419 0
3541 11419 11418 0
3542 11418 11639 0
3543 11644 11639 0
3544 5864 5886 0
3545 5965 5886 0
3546 6003 5918 0
3547 5918 5715 0
3548 5864 5715 0
3549 2621 2308 0
3550 2635 2621 0
3551 2635 2292 0
3552 2292 2256 0
3553 2256 2224 0
3554 2308 2224 0
3555 4904 5130 0
3556 5130 5131 0
3557 5131 4899 0
3558 4904 4899 0
3559 7311 7470 0
3560 7470 7303 0
3561 7303 7126 0
3562 7311 7126 0
3563 2916 2937 0
3564 2937 2961 0
3565 2961 2977 0
3566 2977 2962 0
3567 2962 2978 0
3568 2872 2978 0
3569 2872 2776 0
3570 2776 2916 0
3571 12022 12015 0
3572 12015 11719 0
3573 11718 11719 0
3574 14049 14159 0
3575 14159 14017 0
3576 14017 13867 0
3577 14049 13867 0
3578 4233 4217 0
3579 4217 3889 0
3580 3901 3889 0
3581 10182 10565 0
3582 10565 10542 0
3583 10542 10183 0
3584 10182 10183 0
3585 3436 3778 0
3586 3778 3769 0
3587 3769 3418 0
3588 3436 3418 0
3589 14744 14905 0
3590 14905 14897 0
3591 14897 14737 0
3592 14744 14737 0
3593 458 661 0
3594 651 661 0
3595 459 458 0
3596 14157 14277 0
3597 14277 14182 0
3598 14182 14061 0
3599 14157 14061 0
3600 14597 14729 0
3601 14729 14730 0
3602 14730 14598 0
3603 14597 14598 0
3604 7385 7606 0
3605 7606 7601 0
3606 7601 7417 0
3607 7417 7416 0
3608 7385 7416 0
3609 12064 11757 0
3610 12064 12054 0
3611 12054 11748 0
3612 11757 11748 0
3613 8305 8640 0
3614 8640 8631 0
3615 8631 8293 0
3616 8305 8293 0
3617 2621 2249 0
3618 2249 2147 0
3619 2218 2147 0
3620 9902 10094 0
3621 10094 10079 0
3622 10079 9887 0
3623 9902 9887 0
3624 12320 12637 0
3625 12637 12638 0
3626 12638 12321 0
3627 12320 12321 0
3628 4053 4336 0
3629 4336 4308 0
3630 4308 3983 0
3631 3983 4019 0
3632 4053 4019 0
3633 14734 14852 0
3634 14852 14853 0
3635 14853 14725 0
3636 14734 14725 0
3637 4214 4559 0
3638 4559 4547 0
3639 4547 4244 0
3640 4214 4244 0
3641 14922 14958 0
3642 14958 14940 0
3643 14940 14837 0
3644 14837 14821 0
3645 14821 14794 0
3646 14922 14794 0
3647 8583 8812 0
3648 8812 8813 0
3649 8813 8573 0
3650 8583 8573 0
3651 3830 4225 0
3652 4244 4225 0
3653 4244 3838 0
3654 3830 3838 0
3655 1290 1481 0
3656 1481 1467 0
3657 1467 1274 0
3658 1290 1274 0
3659 15072 14975 0
3660 15072 15068 0
3661 15068 14981 0
3662 14975 14981 0
3663 4407 4253 0
3664 4140 3971 0
3665 4253 3971 0
3666 7968 8114 0
3667 8114 8115 0
3668 8115 7969 0
3669 7968 7969 0
3670 14593 14723 0
3671 14723 14724 0
3672 14724 14577 0
3673 14593 14577 0
3674 10194 10572 0
3675 10572 10573 0
3676 10573 10195 0
3677 10194 10195 0
3678 14676 14779 0
3679 14779 14697 0
3680 14697 14665 0
3681 14602 14665 0
3682 14602 14676 0
3683 1506 1500 0
3684 1500 1303 0
3685 1303 1302 0
3686 1506 1302 0
3687 10317 10479 0
3688 10479 10467 0
3689 10467 10694 0
3690 10694 10617 0
3691 10617 10361 0
3692 10361 10318 0
3693 10317 10318 0
3694 15246 15247 0
3695 15068 15247 0
3696 15073 15068 0
3697 2241 2028 0
3698 2028 1787 0
3699 1937 1787 0
3700 8213 8214 0
3701 8214 7958 0
3702 7970 7958 0
3703 5040 5139 0
3704 5139 5022 0
3705 4802 5022 0
3706 4802 5040 0
3707 15346 15464 0
3708 15464 15461 0
3709 15461 15347 0
3710 15346 15347 0
3711 1972 1963 0
3712 1963 1701 0
3713 1705 1701 0
3714 14723 14889 0
3715 14889 14881 0
3716 14724 14881 0
3717 13580 13783 0
3718 13783 13670 0
3719 13670 13356 0
3720 13580 13356 0
3721 14744 14742 0
3722 14744 14603 0
3723 14603 14609 0
3724 14609 14627 0
3725 14742 14627 0
3726 1436 1630 0
3727 1615 1630 0
3728 1615 1445 0
3729 1436 1445 0
3730 11790 12108 0
3731 12108 12092 0
3732 12092 11781 0
3733 11790 11781 0
3734 14285 14503 0
3735 14503 14514 0
3736 14514 14271 0
3737 14285 14271 0
3738 4267 4567 0
3739 4567 4557 0
3740 4557 4243 0
3741 4267 4243 0
3742 14731 14896 0
3743 14896 14888 0
3744 14888 14722 0
3745 14731 14722 0
3746 14605 14738 0
3747 14738 14739 0
3748 14739 14596 0
3749 14605 14596 0
3750 14737 14604 0
3751 14603 14604 0
3752 14737 14738 0
3753 14605 14604 0
3754 14273 14504 0
3755 14504 14505 0
3756 14505 14275 0
3757 14273 14275 0
3758 14889 14888 0
3759 14723 14722 0
3760 10979 11025 0
3761 11025 11026 0
3762 11026 10677 0
3763 10688 10677 0
3764 14088 14191 0
3765 14191 14062 0
3766 14062 13914 0
3767 14088 13914 0
3768 10524 10775 0
3769 10775 10776 0
3770 10776 10525 0
3771 10524 10525 0
3772 8526 8752 0
3773 8752 8741 0
3774 8741 8514 0
3775 8526 8514 0
3776 4308 4273 0
3777 4273 3937 0
3778 3983 3937 0
3779 15644 15660 0
3780 15660 15638 0
3781 15638 15617 0
3782 15617 15573 0
3783 15644 15573 0
3784 15084 15200 0
3785 15200 15201 0
3786 15201 15193 0
3787 15193 15085 0
3788 15084 15085 0
3789 10645 10826 0
3790 10812 10826 0
3791 10627 10645 0
3792 14738 14898 0
3793 14898 14899 0
3794 14739 14899 0
3795 10304 10580 0
3796 10580 10600 0
3797 10600 10559 0
3798 10559 10305 0
3799 10304 10305 0
3800 14775 14817 0
3801 14817 14818 0
3802 14818 14830 0
3803 14830 14872 0
3804 14872 14867 0
3805 14768 14867 0
3806 14768 14775 0
3807 15321 15430 0
3808 15430 15431 0
3809 15431 15322 0
3810 15321 15322 0
3811 10669 10846 0
3812 10846 10832 0
3813 10832 10652 0
3814 10669 10652 0
3815 5365 5674 0
3816 5674 5687 0
3817 5687 5473 0
3818 5473 5455 0
3819 5455 5375 0
3820 5365 5375 0
3821 11925 12263 0
3822 12263 12260 0
3823 12260 11926 0
3824 11925 11926 0
3825 6684 6915 0
3826 6915 6908 0
3827 6908 6675 0
3828 6684 6675 0
3829 10573 10561 0
3830 10561 10308 0
3831 10308 10309 0
3832 10309 10181 0
3833 10195 10181 0
3834 11237 11432 0
3835 11419 11432 0
3836 11419 11226 0
3837 11237 11226 0
3838 10196 10371 0
3839 10371 10362 0
3840 10182 10362 0
3841 10182 10196 0
3842 8187 8346 0
3843 8346 8349 0
3844 8349 8188 0
3845 8188 8107 0
3846 8187 8107 0
3847 14486 14634 0
3848 14634 14635 0
3849 14635 14487 0
3850 14486 14487 0
3851 15320 15429 0
3852 15430 15429 0
3853 15321 15320 0
3854 15101 15204 0
3855 15204 15205 0
3856 15205 15149 0
3857 15149 15093 0
3858 15101 15093 0
3859 14527 14653 0
3860 14653 14612 0
3861 14612 14457 0
3862 14527 14457 0
3863 10267 10549 0
3864 10533 10549 0
3865 10533 10259 0
3866 10267 10259 0
3867 10967 11139 0
3868 11139 11203 0
3869 11203 11048 0
3870 10967 11048 0
3871 7856 8138 0
3872 8138 8139 0
3873 8139 7857 0
3874 7856 7857 0
3875 2435 2633 0
3876 2633 2623 0
3877 2623 2519 0
3878 2519 2231 0
3879 2231 2217 0
3880 2435 2217 0
3881 10678 11027 0
3882 11027 11017 0
3883 11017 10679 0
3884 10678 10679 0
3885 15367 15476 0
3886 15476 15474 0
3887 15474 15397 0
3888 15397 15375 0
3889 15367 15375 0
3890 13036 13317 0
3891 13241 13100 0
3892 13100 12934 0
3893 12934 12908 0
3894 12908 12970 0
3895 12970 13026 0
3896 13026 13054 0
3897 13036 13054 0
3898 9445 9583 0
3899 9583 9555 0
3900 9555 9437 0
3901 9445 9437 0
3902 7869 8149 0
3903 8138 8149 0
3904 7856 7869 0
3905 8156 8149 0
3906 7868 7869 0
3907 8020 8196 0
3908 8196 8183 0
3909 8183 8014 0
3910 8020 8014 0
3911 15091 15216 0
3912 15216 15217 0
3913 15217 15092 0
3914 15091 15092 0
3915 12486 12723 0
3916 12723 12623 0
3917 12623 12380 0
3918 12486 12380 0
3919 14643 14735 0
3920 14735 14736 0
3921 14736 14640 0
3922 14643 14640 0
3923 7756 7794 0
3924 7794 7729 0
3925 7729 7530 0
3926 7530 7477 0
3927 7477 7666 0
3928 7756 7666 0
3929 14336 14469 0
3930 14469 14347 0
3931 14347 14205 0
3932 14336 14205 0
3933 13005 12820 0
3934 12828 12652 0
3935 12820 12652 0
3936 8172 8173 0
3937 8173 7891 0
3938 7910 7891 0
3939 7480 7472 0
3940 7472 7248 0
3941 7256 7248 0
3942 13015 12795 0
3943 12878 12789 0
3944 15099 15214 0
3945 15214 15215 0
3946 15215 15090 0
3947 15099 15090 0
3948 15418 15520 0
3949 15520 15521 0
3950 15521 15419 0
3951 15418 15419 0
3952 13671 13890 0
3953 13890 13776 0
3954 13570 13776 0
3955 8429 8457 0
3956 8457 8424 0
3957 8424 8315 0
3958 8315 8314 0
3959 8429 8314 0
3960 14722 14592 0
3961 14593 14592 0
3962 8294 8442 0
3963 8442 8439 0
3964 8439 8282 0
3965 8294 8282 0
3966 10574 10850 0
3967 10850 10851 0
3968 10566 10851 0
3969 8314 8200 0
3970 8315 8133 0
3971 8200 8133 0
3972 4554 4807 0
3973 4807 4772 0
3974 4772 4753 0
3975 4753 4555 0
3976 4554 4555 0
3977 15431 15554 0
3978 15554 15555 0
3979 15555 15426 0
3980 15431 15426 0
3981 9584 9569 0
3982 9569 9406 0
3983 9406 9407 0
3984 9407 9244 0
3985 9258 9244 0
3986 14368 14527 0
3987 14293 14457 0
3988 14577 14699 0
3989 14699 14700 0
3990 14700 14599 0
3991 14599 14578 0
3992 14577 14578 0
3993 15325 15374 0
3994 15374 15382 0
3995 15342 15382 0
3996 15342 15238 0
3997 11080 11335 0
3998 11335 11349 0
3999 11349 11342 0
4000 11342 11081 0
4001 11080 11081 0
4002 3461 3915 0
4003 3915 3908 0
4004 3908 3695 0
4005 3695 3596 0
4006 3596 3582 0
4007 3582 3536 0
4008 3536 3471 0
4009 3461 3471 0
4010 15010 15100 0
4011 15101 15100 0
4012 15101 15005 0
4013 15010 15005 0
4014 14175 14318 0
4015 14318 14319 0
4016 14319 14176 0
4017 14175 14176 0
4018 14994 15107 0
4019 15107 15108 0
4020 15108 14982 0
4021 14994 14982 0
4022 14496 14639 0
4023 14634 14639 0
4024 14486 14496 0
4025 12542 12639 0
4026 12639 12719 0
4027 12719 12670 0
4028 12670 12659 0
4029 12659 12423 0
4030 12423 12422 0
4031 12542 12422 0
4032 14778 14878 0
4033 14878 14824 0
4034 14824 14707 0
4035 14778 14707 0
4036 14162 14312 0
4037 14312 14313 0
4038 14313 14163 0
4039 14162 14163 0
4040 10038 10354 0
4041 10354 10355 0
4042 10355 10039 0
4043 10038 10039 0
4044 5159 5270 0
4045 5270 5189 0
4046 5022 5189 0
4047 5022 5159 0
4048 4554 4384 0
4049 4555 4470 0
4050 4470 4393 0
4051 4384 4393 0
4052 7496 7491 0
4053 7491 7281 0
4054 7281 7280 0
4055 7287 7280 0
4056 14496 14311 0
4057 14486 14312 0
4058 14312 14311 0
4059 12423 12649 0
4060 12649 12640 0
4061 12640 12660 0
4062 12660 12650 0
4063 12650 12420 0
4064 12423 12420 0
4065 7807 8078 0
4066 8078 8072 0
4067 8072 7801 0
4068 7807 7801 0
4069 6900 7084 0
4070 7084 6893 0
4071 6893 6761 0
4072 6900 6761 0
4073 14821 14793 0
4074 14821 14721 0
4075 14721 14666 0
4076 14666 14710 0
4077 14793 14710 0
4078 12055 12054 0
4079 11749 11748 0
4080 14897 14898 0
4081 10272 10546 0
4082 10546 10548 0
4083 10548 10266 0
4084 10272 10266 0
4085 14298 14346 0
4086 14346 14308 0
4087 14308 14128 0
4088 14128 14127 0
4089 14298 14127 0
4090 3290 3299 0
4091 3321 3299 0
4092 3321 3246 0
4093 3074 3088 0
4094 3088 3053 0
4095 3053 3041 0
4096 3290 3041 0
4097 9840 10164 0
4098 10164 10157 0
4099 9840 10157 0
4100 12395 12711 0
4101 12711 12712 0
4102 12712 12386 0
4103 12395 12386 0
4104 7634 7907 0
4105 7907 7908 0
4106 7908 7855 0
4107 7855 7624 0
4108 7634 7624 0
4109 14877 14903 0
4110 14903 14904 0
4111 14904 14743 0
4112 14742 14743 0
4113 14742 14877 0
4114 12018 12347 0
4115 12347 12348 0
4116 12348 12003 0
4117 12018 12003 0
4118 2434 2630 0
4119 2633 2630 0
4120 2633 2492 0
4121 2492 2370 0
4122 2434 2370 0
4123 15107 15228 0
4124 15228 15221 0
4125 15108 15221 0
4126 15441 15559 0
4127 15559 15560 0
4128 15429 15560 0
4129 15429 15441 0
4130 15091 14977 0
4131 15092 14978 0
4132 14977 14978 0
4133 15427 15550 0
4134 15550 15551 0
4135 15551 15423 0
4136 15427 15423 0
4137 14487 14313 0
4138 10229 10604 0
4139 10597 10604 0
4140 10230 10229 0
4141 3970 3985 0
4142 3985 4085 0
4143 4085 3818 0
4144 3758 3818 0
4145 3758 3785 0
4146 3970 3785 0
4147 15083 15211 0
4148 15211 15212 0
4149 15212 15202 0
4150 15202 15080 0
4151 15083 15080 0
4152 15430 15553 0
4153 15554 15553 0
4154 8410 8635 0
4155 8635 8666 0
4156 8666 8599 0
4157 8599 8571 0
4158 8571 8551 0
4159 8551 8402 0
4160 8410 8402 0
4161 14279 14540 0
4162 14540 14528 0
4163 14528 14281 0
4164 14279 14281 0
4165 14899 14894 0
4166 14729 14894 0
4167 14729 14739 0
4168 5824 5851 0
4169 5864 5851 0
4170 5715 5575 0
4171 5575 5691 0
4172 5824 5691 0
4173 8934 9173 0
4174 9173 9167 0
4175 9167 8923 0
4176 8934 8923 0
4177 9325 9951 0
4178 9951 9499 0
4179 9325 9499 0
4180 8409 8466 0
4181 8466 8644 0
4182 8644 8550 0
4183 8550 8498 0
4184 8498 8367 0
4185 8367 8391 0
4186 8409 8391 0
4187 15017 15114 0
4188 15114 15106 0
4189 15106 14993 0
4190 14993 15004 0
4191 15017 15004 0
4192 14643 14510 0
4193 14640 14497 0
4194 14510 14497 0
4195 14894 14895 0
4196 14730 14895 0
4197 15567 15568 0
4198 15568 15439 0
4199 15448 15439 0
4200 15292 15408 0
4201 15408 15345 0
4202 15345 15233 0
4203 15292 15233 0
4204 15098 15213 0
4205 15214 15213 0
4206 15099 15098 0
4207 7748 7885 0
4208 7885 7874 0
4209 7874 7695 0
4210 7695 7682 0
4211 7682 7656 0
4212 7748 7656 0
4213 15221 15222 0
4214 15222 15097 0
4215 15108 15097 0
4216 15005 14859 0
4217 15005 15006 0
4218 15006 14850 0
4219 14859 14850 0
4220 15097 14983 0
4221 15098 15097 0
4222 15098 14984 0
4223 14983 14984 0
4224 8235 8368 0
4225 8076 8202 0
4226 14730 14731 0
4227 14731 14591 0
4228 14598 14591 0
4229 7642 7933 0
4230 7933 7921 0
4231 7921 7643 0
4232 7642 7643 0
4233 10304 10138 0
4234 10304 10306 0
4235 10306 10040 0
4236 10040 10035 0
4237 10035 10014 0
4238 10138 10014 0
4239 15216 15215 0
4240 15091 15090 0
4241 7848 8048 0
4242 8048 8040 0
4243 8040 7833 0
4244 7848 7833 0
4245 14175 13997 0
4246 14176 14032 0
4247 14032 14006 0
4248 13997 14006 0
4249 8604 8928 0
4250 8928 8668 0
4251 8668 8628 0
4252 8604 8628 0
4253 14033 14180 0
4254 14180 14177 0
4255 14177 13999 0
4256 13999 14007 0
4257 14033 14007 0
4258 15083 14970 0
4259 15080 14986 0
4260 14986 14971 0
4261 14970 14971 0
4262 15506 15601 0
4263 15601 15570 0
4264 15570 15460 0
4265 15506 15460 0
4266 14022 14161 0
4267 14162 14161 0
4268 14162 13990 0
4269 13990 13989 0
4270 14022 13989 0
4271 6456 6619 0
4272 6619 6504 0
4273 6504 6349 0
4274 6456 6349 0
4275 13437 13479 0
4276 13479 13396 0
4277 13396 13175 0
4278 13175 13174 0
4279 13437 13174 0
4280 14852 14995 0
4281 14995 14996 0
4282 14853 14996 0
4283 7429 7548 0
4284 7548 7539 0
4285 7539 7520 0
4286 7520 7505 0
4287 7505 7430 0
4288 7429 7430 0
4289 15002 14759 0
4290 15002 15024 0
4291 15024 14965 0
4292 14965 14760 0
4293 14759 14760 0
4294 1830 1944 0
4295 1944 1985 0
4296 1985 1986 0
4297 1986 1865 0
4298 1865 1823 0
4299 1830 1823 0
4300 15114 15207 0
4301 15207 15220 0
4302 15220 15227 0
4303 15106 15227 0
4304 14174 14316 0
4305 14316 14317 0
4306 14317 14160 0
4307 14174 14160 0
4308 14734 14634 0
4309 14725 14635 0
4310 7653 7818 0
4311 7818 7819 0
4312 7819 7654 0
4313 7653 7654 0
4314 14735 14854 0
4315 14854 14855 0
4316 14736 14855 0
4317 14925 15057 0
4318 15057 15054 0
4319 15054 14913 0
4320 14913 14919 0
4321 14925 14919 0
4322 9210 9536 0
4323 9536 9537 0
4324 9211 9537 0
4325 9211 9210 0
4326 12004 12349 0
4327 12349 12337 0
4328 12337 11997 0
4329 12004 11997 0
4330 11719 12016 0
4331 12016 12017 0
4332 12017 11709 0
4333 11719 11709 0
4334 4085 4238 0
4335 4238 4231 0
4336 4231 4146 0
4337 3818 4146 0
4338 12786 12955 0
4339 12955 12989 0
4340 12989 13176 0
4341 13176 13102 0
4342 13102 12724 0
4343 12786 12724 0
4344 14980 15067 0
4345 15067 15021 0
4346 15021 14901 0
4347 14980 14901 0
4348 12016 12359 0
4349 12347 12359 0
4350 12018 12016 0
4351 3899 4255 0
4352 4255 4239 0
4353 4239 3843 0
4354 3899 3843 0
4355 15217 15210 0
4356 15210 15082 0
4357 15092 15082 0
4358 7877 8022 0
4359 8022 7988 0
4360 7988 7787 0
4361 7787 7780 0
4362 7780 7824 0
4363 7877 7824 0
4364 11008 11296 0
4365 11296 11297 0
4366 11297 11009 0
4367 11008 11009 0
4368 14012 14174 0
4369 14160 14046 0
4370 14046 14021 0
4371 14012 14021 0
4372 14037 14179 0
4373 14175 14179 0
4374 13997 14005 0
4375 14037 14005 0
4376 15228 15227 0
4377 15107 15106 0
4378 8168 8186 0
4379 8186 8199 0
4380 8199 8221 0
4381 8221 8252 0
4382 8252 8226 0
4383 8187 8226 0
4384 8187 8100 0
4385 8100 8069 0
4386 8168 8069 0
4387 11264 11568 0
4388 11568 11561 0
4389 11561 11251 0
4390 11264 11251 0
4391 15292 15162 0
4392 15233 15137 0
4393 15162 15137 0
4394 8191 7980 0
4395 7991 7990 0
4396 7980 7990 0
4397 8139 8128 0
4398 8128 7850 0
4399 7857 7850 0
4400 14163 14023 0
4401 14023 13998 0
4402 13990 13998 0
4403 15441 15328 0
4404 15320 15328 0
4405 14994 14993 0
4406 3073 3266 0
4407 3266 3267 0
4408 3290 3267 0
4409 3041 3005 0
4410 3005 2976 0
4411 2976 3040 0
4412 3073 3040 0
4413 5365 5179 0
4414 5375 5318 0
4415 5318 5297 0
4416 5297 5083 0
4417 5179 5083 0
4418 5083 5285 0
4419 5285 5279 0
4420 5279 5057 0
4421 5057 4972 0
4422 5083 4972 0
4423 14370 14547 0
4424 14547 14512 0
4425 14512 14236 0
4426 14236 14245 0
4427 14370 14245 0
4428 14501 14631 0
4429 14631 14550 0
4430 14550 14410 0
4431 14501 14410 0
4432 9059 9184 0
4433 9184 9154 0
4434 9154 9025 0
4435 8906 9025 0
4436 14264 14506 0
4437 14507 14506 0
4438 14507 14265 0
4439 14265 14264 0
4440 14953 15069 0
4441 15069 15071 0
4442 15071 14951 0
4443 14953 14951 0
4444 11803 12037 0
4445 12037 11946 0
4446 11946 11693 0
4447 11803 11693 0
4448 4226 4483 0
4449 4483 4476 0
4450 4476 4192 0
4451 4226 4192 0
4452 14597 14596 0
4453 15213 15222 0
4454 14508 14646 0
4455 14646 14642 0
4456 14642 14509 0
4457 14508 14509 0
4458 7532 7777 0
4459 7777 7771 0
4460 7771 7533 0
4461 7532 7533 0
4462 6939 7099 0
4463 7099 7005 0
4464 7005 6834 0
4465 6939 6834 0
4466 8494 8844 0
4467 8844 8836 0
4468 8836 8487 0
4469 8494 8487 0
4470 15211 15210 0
4471 15083 15082 0
4472 3530 3583 0
4473 3583 3751 0
4474 3751 3784 0
4475 3784 3786 0
4476 3748 3786 0
4477 3407 3447 0
4478 3530 3447 0
4479 8240 8399 0
4480 8399 8392 0
4481 8392 8411 0
4482 8411 8236 0
4483 8240 8236 0
4484 10070 10369 0
4485 10369 10353 0
4486 10353 10072 0
4487 10070 10072 0
4488 14782 14836 0
4489 14836 14860 0
4490 14860 14847 0
4491 14847 14816 0
4492 14775 14816 0
4493 14775 14782 0
4494 15418 15306 0
4495 15419 15329 0
4496 15329 15312 0
4497 15306 15312 0
4498 1735 1912 0
4499 1905 1912 0
4500 1713 1718 0
4501 1735 1718 0
4502 13606 13899 0
4503 13899 13900 0
4504 13900 13607 0
4505 13606 13607 0
4506 14592 14591 0
4507 14514 14504 0
4508 14271 14273 0
4509 3769 3770 0
4510 3770 3397 0
4511 3418 3397 0
4512 9445 9322 0
4513 9437 9303 0
4514 9322 9303 0
4515 9854 10175 0
4516 10175 10169 0
4517 10169 9844 0
4518 9854 9844 0
4519 14505 14506 0
4520 14275 14264 0
4521 3709 3685 0
4522 3584 3709 0
4523 3710 3593 0
4524 3425 3685 0
4525 9225 9392 0
4526 9392 9384 0
4527 9384 9259 0
4528 9259 9216 0
4529 9225 9216 0
4530 15082 14969 0
4531 14970 14969 0
4532 15520 15612 0
4533 15612 15613 0
4534 15521 15613 0
4535 7921 7922 0
4536 7922 7632 0
4537 7643 7632 0
4538 6475 6742 0
4539 6742 6577 0
4540 6577 6483 0
4541 6483 6442 0
4542 6442 6398 0
4543 6398 6389 0
4544 6389 6405 0
4545 6475 6405 0
4546 14702 14810 0
4547 14810 14753 0
4548 14753 14652 0
4549 14702 14652 0
4550 15408 15506 0
4551 15345 15460 0
4552 15476 15480 0
4553 15367 15384 0
4554 15384 15396 0
4555 15480 15396 0
4556 12393 12172 0
4557 12393 12251 0
4558 12251 12010 0
4559 12172 12010 0
4560 15560 15553 0
4561 14896 14895 0
4562 9641 9630 0
4563 9630 9770 0
4564 9770 9749 0
4565 9555 9749 0
4566 9583 9641 0
4567 15480 15583 0
4568 15583 15580 0
4569 15476 15580 0
4570 15348 15438 0
4571 15438 15446 0
4572 15446 15343 0
4573 15343 15338 0
4574 15338 15331 0
4575 15348 15331 0
4576 6357 6601 0
4577 6601 6602 0
4578 6602 6352 0
4579 6357 6352 0
4580 7610 7751 0
4581 7751 7677 0
4582 7677 7650 0
4583 7650 7524 0
4584 7610 7524 0
4585 8344 8532 0
4586 8532 8533 0
4587 8533 8334 0
4588 8344 8334 0
4589 13628 13923 0
4590 13923 13924 0
4591 13924 13629 0
4592 13628 13629 0
4593 8285 8493 0
4594 8493 8485 0
4595 8485 8275 0
4596 8285 8275 0
4597 8550 8722 0
4598 8722 8657 0
4599 8657 8541 0
4600 8541 8437 0
4601 8550 8437 0
4602 7456 7534 0
4603 7534 7340 0
4604 7340 7246 0
4605 7456 7246 0
4606 6173 6294 0
4607 6294 6216 0
4608 6216 6074 0
4609 6173 6074 0
4610 6173 6040 0
4611 6074 5936 0
4612 6040 5936 0
4613 6619 6789 0
4614 6789 6658 0
4615 6504 6658 0
4616 15086 15184 0
4617 15184 15194 0
4618 15194 15195 0
4619 15195 15087 0
4620 15086 15087 0
4621 2473 2520 0
4622 2520 2330 0
4623 2330 2239 0
4624 2329 2239 0
4625 2329 2445 0
4626 2473 2445 0
4627 14642 14638 0
4628 14638 14495 0
4629 14509 14495 0
4630 4198 4252 0
4631 4252 4334 0
4632 4334 4113 0
4633 4113 4036 0
4634 4036 4010 0
4635 4198 4010 0
4636 7708 7917 0
4637 7917 7918 0
4638 7918 7709 0
4639 7708 7709 0
4640 6779 7040 0
4641 7040 7041 0
4642 7041 6780 0
4643 6779 6780 0
4644 11273 11513 0
4645 11513 11514 0
4646 11514 11420 0
4647 11420 11368 0
4648 11368 11239 0
4649 11239 11260 0
4650 11273 11260 0
4651 15069 15150 0
4652 15150 15175 0
4653 15175 15185 0
4654 15185 15070 0
4655 15069 15070 0
4656 5750 5899 0
4657 5899 5797 0
4658 5797 5644 0
4659 5750 5644 0
4660 15439 15334 0
4661 15439 15440 0
4662 15440 15327 0
4663 15334 15327 0
4664 14282 14529 0
4665 14530 14529 0
4666 14530 14283 0
4667 14282 14283 0
4668 13306 13755 0
4669 13755 13727 0
4670 13727 13239 0
4671 13306 13239 0
4672 14751 14843 0
4673 14843 14792 0
4674 14792 14688 0
4675 14751 14688 0
4676 14551 14690 0
4677 14690 14691 0
4678 14691 14553 0
4679 14553 14544 0
4680 14544 14543 0
4681 14551 14543 0
4682 1467 1470 0
4683 1470 1275 0
4684 1274 1275 0
4685 5615 5816 0
4686 5816 5835 0
4687 5835 5607 0
4688 5615 5607 0
4689 15410 15518 0
4690 15518 15538 0
4691 15538 15484 0
4692 15484 15467 0
4693 15467 15376 0
4694 15376 15388 0
4695 15410 15388 0
4696 14225 14442 0
4697 14442 14437 0
4698 14437 14227 0
4699 14225 14227 0
4700 15609 15646 0
4701 15646 15651 0
4702 15651 15657 0
4703 15657 15655 0
4704 15655 15653 0
4705 15653 15607 0
4706 15609 15607 0
4707 5258 5521 0
4708 5521 5522 0
4709 5522 5259 0
4710 5258 5259 0
4711 15422 15519 0
4712 15520 15519 0
4713 15418 15422 0
4714 11297 11289 0
4715 11289 11000 0
4716 11009 11000 0
4717 15423 15317 0
4718 15423 15424 0
4719 15424 15335 0
4720 15335 15318 0
4721 15317 15318 0
4722 7388 7568 0
4723 7568 7569 0
4724 7569 7379 0
4725 7388 7379 0
4726 6435 6682 0
4727 6682 6683 0
4728 6683 6436 0
4729 6435 6436 0
4730 7403 7550 0
4731 7550 7630 0
4732 7610 7630 0
4733 7610 7404 0
4734 7403 7404 0
4735 12043 12032 0
4736 12032 11729 0
4737 11738 11729 0
4738 10685 10963 0
4739 10963 10964 0
4740 10964 10686 0
4741 10685 10686 0
4742 15084 14995 0
4743 15085 14996 0
4744 7099 7206 0
4745 7206 7226 0
4746 7226 7213 0
4747 7005 7213 0
4748 15426 15315 0
4749 15322 15315 0
4750 14510 14325 0
4751 14497 14320 0
4752 14325 14320 0
4753 14745 14862 0
4754 14859 14862 0
4755 14859 14740 0
4756 14745 14740 0
4757 9366 9613 0
4758 9613 9602 0
4759 9602 9483 0
4760 9483 9477 0
4761 9477 9357 0
4762 9366 9357 0
4763 8644 8817 0
4764 8817 8826 0
4765 8826 8730 0
4766 8550 8730 0
4767 9058 9199 0
4768 9199 9113 0
4769 9113 8974 0
4770 9058 8974 0
4771 7862 7770 0
4772 7757 7641 0
4773 7770 7641 0
4774 7943 8193 0
4775 8193 8180 0
4776 8180 7934 0
4777 7943 7934 0
4778 12525 12715 0
4779 12715 12716 0
4780 12716 12741 0
4781 12741 12451 0
4782 12525 12451 0
4783 6264 6497 0
4784 6497 6487 0
4785 6487 6259 0
4786 6264 6259 0
4787 14663 14789 0
4788 14789 14719 0
4789 14719 14623 0
4790 14663 14623 0
4791 4639 4773 0
4792 4773 4606 0
4793 4606 4511 0
4794 4639 4511 0
4795 997 1172 0
4796 1164 1172 0
4797 991 997 0
4798 8636 8858 0
4799 8858 8784 0
4800 8784 8598 0
4801 8598 8581 0
4802 8581 8606 0
4803 8636 8606 0
4804 1912 2125 0
4805 2125 2035 0
4806 1971 2035 0
4807 8879 9116 0
4808 9116 9117 0
4809 9117 8880 0
4810 8879 8880 0
4811 11247 11346 0
4812 11346 11371 0
4813 11371 11189 0
4814 11189 11188 0
4815 11188 11165 0
4816 11165 11248 0
4817 11247 11248 0
4818 14437 14443 0
4819 14443 14323 0
4820 14323 14229 0
4821 14227 14229 0
4822 15099 14985 0
4823 15090 14976 0
4824 14985 14976 0
4825 12500 12772 0
4826 12772 12773 0
4827 12773 12492 0
4828 12500 12492 0
4829 6456 6294 0
4830 6349 6216 0
4831 15440 15558 0
4832 15559 15558 0
4833 15441 15440 0
4834 14539 14613 0
4835 14613 14500 0
4836 14500 14417 0
4837 14539 14417 0
4838 10384 10530 0
4839 10530 10508 0
4840 10508 10380 0
4841 10384 10380 0
4842 5427 5606 0
4843 5606 5475 0
4844 5475 5320 0
4845 5427 5320 0
4846 1011 1186 0
4847 1186 1175 0
4848 1175 1012 0
4849 1011 1012 0
4850 8566 8796 0
4851 8796 8797 0
4852 8797 8553 0
4853 8566 8553 0
4854 7073 7314 0
4855 7314 7315 0
4856 7315 7074 0
4857 7073 7074 0
4858 8486 8485 0
4859 8270 8275 0
4860 5212 5429 0
4861 5429 5430 0
4862 5430 5200 0
4863 5212 5200 0
4864 2302 2482 0
4865 2482 2354 0
4866 2354 2137 0
4867 2302 2137 0
4868 1751 1913 0
4869 1913 1795 0
4870 1795 1657 0
4871 1751 1657 0
4872 1751 1610 0
4873 1657 1550 0
4874 1610 1550 0
4875 3315 3600 0
4876 3600 3611 0
4877 3611 3667 0
4878 3667 3727 0
4879 3727 3336 0
4880 3315 3336 0
4881 7715 7928 0
4882 7928 7929 0
4883 7929 7716 0
4884 7715 7716 0
4885 3446 3529 0
4886 3529 3654 0
4887 3654 3645 0
4888 3645 3544 0
4889 3544 3496 0
4890 3496 3428 0
4891 3428 3379 0
4892 3446 3379 0
4893 7311 7215 0
4894 7126 7033 0
4895 7215 7033 0
4896 8284 8492 0
4897 8493 8492 0
4898 8285 8284 0
4899 15503 15603 0
4900 15603 15604 0
4901 15604 15504 0
4902 15503 15504 0
4903 4754 4919 0
4904 4919 4880 0
4905 4880 4755 0
4906 4755 4656 0
4907 4656 4655 0
4908 4655 4682 0
4909 4682 4713 0
4910 4754 4713 0
4911 5270 5427 0
4912 5189 5320 0
4913 1477 1285 0
4914 1477 1464 0
4915 1464 1273 0
4916 1285 1273 0
4917 7017 7271 0
4918 7271 7258 0
4919 7258 6863 0
4920 6863 6840 0
4921 7017 6840 0
4922 15580 15581 0
4923 15474 15581 0
4924 6769 7006 0
4925 7006 7065 0
4926 7065 7056 0
4927 7056 6765 0
4928 6769 6765 0
4929 10851 10835 0
4930 10546 10835 0
4931 10566 10546 0
4932 14282 14076 0
4933 14077 14283 0
4934 14077 14076 0
4935 8063 8222 0
4936 8222 8210 0
4937 8210 8134 0
4938 8134 8044 0
4939 8044 7962 0
4940 8063 7962 0
4941 15319 15391 0
4942 15391 15392 0
4943 15392 15290 0
4944 15290 15293 0
4945 15319 15293 0
4946 12111 12379 0
4947 12379 12283 0
4948 12283 12213 0
4949 12213 12009 0
4950 12111 12009 0
4951 15623 15639 0
4952 15639 15549 0
4953 15549 15543 0
4954 15623 15543 0
4955 11960 12226 0
4956 12226 12227 0
4957 12227 11950 0
4958 11960 11950 0
4959 12478 12604 0
4960 12604 12671 0
4961 12671 12466 0
4962 12478 12466 0
4963 8645 8696 0
4964 8696 8519 0
4965 8424 8519 0
4966 8457 8645 0
4967 8937 9277 0
4968 9277 9267 0
4969 9267 9189 0
4970 8937 9189 0
4971 8467 8650 0
4972 8650 8646 0
4973 8646 8459 0
4974 8467 8459 0
4975 6401 6633 0
4976 6633 6627 0
4977 6627 6393 0
4978 6401 6393 0
4979 6449 6700 0
4980 6700 6701 0
4981 6701 6450 0
4982 6449 6450 0
4983 11685 11824 0
4984 11824 11802 0
4985 11802 11675 0
4986 11685 11675 0
4987 14639 14733 0
4988 14734 14733 0
4989 10898 11173 0
4990 11174 11173 0
4991 11174 10899 0
4992 10898 10899 0
4993 6773 7037 0
4994 7037 7028 0
4995 7028 6774 0
4996 6773 6774 0
4997 200 426 0
4998 426 421 0
4999 421 201 0
5000 200 201 0
5001 12291 12540 0
5002 12540 12541 0
5003 12541 12286 0
5004 12291 12286 0
5005 1033 1194 0
5006 1194 1195 0
5007 1195 1024 0
5008 1033 1024 0
5009 12785 12922 0
5010 12922 12914 0
5011 12914 12777 0
5012 12785 12777 0
5013 5687 5740 0
5014 5740 5603 0
5015 5603 5558 0
5016 5558 5530 0
5017 5530 5487 0
5018 5687 5487 0
5019 10271 10272 0
5020 4031 4299 0
5021 4299 4300 0
5022 4300 4020 0
5023 4031 4020 0
5024 6502 6441 0
5025 6287 6186 0
5026 6186 6185 0
5027 6441 6185 0
5028 7475 7661 0
5029 7661 7662 0
5030 7662 7465 0
5031 7475 7465 0
5032 14311 14161 0
5033 11750 12044 0
5034 12044 12045 0
5035 12045 11751 0
5036 11750 11751 0
5037 4972 5126 0
5038 5126 4984 0
5039 4880 4984 0
5040 4972 4880 0
5041 14782 14692 0
5042 14782 14781 0
5043 14781 14693 0
5044 14692 14693 0
5045 3326 3609 0
5046 3609 3610 0
5047 3610 3313 0
5048 3326 3313 0
5049 6846 7026 0
5050 7017 7026 0
5051 6840 6846 0
5052 14279 14085 0
5053 14279 14280 0
5054 14280 14074 0
5055 14085 14074 0
5056 6538 6797 0
5057 6797 6798 0
5058 6798 6539 0
5059 6538 6539 0
5060 10533 10535 0
5061 10535 10260 0
5062 10259 10260 0
5063 14763 14787 0
5064 14787 14698 0
5065 14698 14667 0
5066 14763 14667 0
5067 660 661 0
5068 470 458 0
5069 14854 14997 0
5070 14997 14998 0
5071 14855 14998 0
5072 15093 15006 0
5073 4299 4527 0
5074 4527 4515 0
5075 4300 4515 0
5076 14674 14858 0
5077 14858 14822 0
5078 14822 14647 0
5079 14674 14647 0
5080 10904 11051 0
5081 11051 10933 0
5082 10933 10798 0
5083 10904 10798 0
5084 6260 6488 0
5085 6488 6489 0
5086 6489 6255 0
5087 6260 6255 0
5088 11512 11692 0
5089 11692 11602 0
5090 11602 11405 0
5091 11512 11405 0
5092 14180 14325 0
5093 14177 14320 0
5094 7066 7305 0
5095 7305 7306 0
5096 7306 7067 0
5097 7066 7067 0
5098 12256 12484 0
5099 12484 12485 0
5100 12485 12169 0
5101 12169 12168 0
5102 12168 12224 0
5103 12256 12224 0
5104 7189 7424 0
5105 7424 7425 0
5106 7425 7178 0
5107 7189 7178 0
5108 2578 2642 0
5109 2642 2700 0
5110 2700 2688 0
5111 2688 2575 0
5112 2578 2575 0
5113 14281 14075 0
5114 14281 14282 0
5115 14076 14075 0
5116 14642 14740 0
5117 14740 14732 0
5118 14638 14732 0
5119 14982 14983 0
5120 7664 7779 0
5121 7630 7779 0
5122 7550 7549 0
5123 7549 7629 0
5124 7664 7629 0
5125 15427 15316 0
5126 15317 15316 0
5127 13634 13636 0
5128 13636 13349 0
5129 13349 13310 0
5130 13634 13310 0
5131 15400 15529 0
5132 15542 15529 0
5133 15542 15537 0
5134 15537 15401 0
5135 15400 15401 0
5136 11978 12262 0
5137 12262 12277 0
5138 12277 12273 0
5139 12273 11971 0
5140 11978 11971 0
5141 15183 15243 0
5142 15243 15263 0
5143 15263 15254 0
5144 15254 15172 0
5145 15183 15172 0
5146 5468 5531 0
5147 5531 5488 0
5148 5488 5447 0
5149 5447 5227 0
5150 5468 5227 0
5151 6629 6726 0
5152 6726 6575 0
5153 6455 6575 0
5154 1583 1612 0
5155 1612 1620 0
5156 1620 1507 0
5157 1506 1507 0
5158 1506 1583 0
5159 4419 4500 0
5160 4500 4306 0
5161 4306 4223 0
5162 4419 4223 0
5163 8541 8428 0
5164 8428 8357 0
5165 8346 8357 0
5166 8346 8437 0
5167 7876 7874 0
5168 7876 7779 0
5169 7664 7683 0
5170 7695 7683 0
5171 14237 14295 0
5172 14295 14173 0
5173 14173 14149 0
5174 14237 14149 0
5175 6891 6625 0
5176 3335 3621 0
5177 3621 3608 0
5178 3608 3325 0
5179 3335 3325 0
5180 14306 14436 0
5181 14436 14331 0
5182 14331 14198 0
5183 14306 14198 0
5184 14905 14904 0
5185 14744 14743 0
5186 15299 15389 0
5187 15389 15390 0
5188 15390 15324 0
5189 15324 15300 0
5190 15299 15300 0
5191 7929 7930 0
5192 7930 7706 0
5193 7716 7706 0
5194 5210 5438 0
5195 5438 5439 0
5196 5439 5211 0
5197 5210 5211 0
5198 15007 15094 0
5199 15084 15094 0
5200 14995 15007 0
5201 13589 13621 0
5202 13621 13610 0
5203 13396 13610 0
5204 13479 13546 0
5205 13589 13546 0
5206 15422 15336 0
5207 15306 15305 0
5208 15336 15305 0
5209 5179 4888 0
5210 5179 5050 0
5211 5050 4833 0
5212 4888 4833 0
5213 13961 14126 0
5214 14128 14126 0
5215 14128 13952 0
5216 13961 13952 0
5217 12639 12945 0
5218 12945 12792 0
5219 12719 12792 0
5220 15519 15611 0
5221 15612 15611 0
5222 4853 5090 0
5223 5091 5090 0
5224 4856 4853 0
5225 6118 6313 0
5226 6313 6314 0
5227 6314 6119 0
5228 6118 6119 0
5229 2984 2979 0
5230 2979 2778 0
5231 2789 2778 0
5232 15133 15260 0
5233 15260 15261 0
5234 15261 15134 0
5235 15133 15134 0
5236 6365 6610 0
5237 6610 6611 0
5238 6611 6366 0
5239 6365 6366 0
5240 15181 15266 0
5241 15266 15267 0
5242 15267 15250 0
5243 15250 15182 0
5244 15181 15182 0
5245 3600 3610 0
5246 3315 3313 0
5247 7353 7354 0
5248 7120 7108 0
5249 14867 15054 0
5250 14872 14890 0
5251 14913 14890 0
5252 9713 10019 0
5253 10019 10020 0
5254 10020 9703 0
5255 9713 9703 0
5256 13723 13926 0
5257 13926 13916 0
5258 13916 13724 0
5259 13723 13724 0
5260 15013 15081 0
5261 15081 15045 0
5262 15045 14914 0
5263 14914 14926 0
5264 14926 14952 0
5265 15013 14952 0
5266 8928 8915 0
5267 8915 8684 0
5268 8684 8683 0
5269 8683 8672 0
5270 8928 8672 0
5271 15323 15411 0
5272 15411 15412 0
5273 15299 15412 0
5274 15299 15298 0
5275 15323 15298 0
5276 6455 6630 0
5277 6630 6631 0
5278 6631 6592 0
5279 6592 6576 0
5280 6576 6388 0
5281 6455 6388 0
5282 3684 3916 0
5283 3916 3969 0
5284 3785 3969 0
5285 3785 3784 0
5286 3751 3665 0
5287 3684 3665 0
5288 745 942 0
5289 942 931 0
5290 931 736 0
5291 745 736 0
5292 6790 7044 0
5293 7040 7044 0
5294 6779 6790 0
5295 15100 15192 0
5296 15192 15203 0
5297 15204 15203 0
5298 13996 14234 0
5299 14234 14192 0
5300 14192 13936 0
5301 13996 13936 0
5302 14850 14732 0
5303 9322 9208 0
5304 9303 9113 0
5305 9113 9208 0
5306 13182 13242 0
5307 13242 13252 0
5308 13252 13219 0
5309 13219 13220 0
5310 13220 13087 0
5311 13010 13087 0
5312 12572 12891 0
5313 12891 12920 0
5314 12920 12769 0
5315 12572 12769 0
5316 8100 8057 0
5317 8022 8100 0
5318 7877 8001 0
5319 8057 8001 0
5320 14219 14375 0
5321 14375 14259 0
5322 14259 14147 0
5323 14219 14147 0
5324 6886 6879 0
5325 6879 6635 0
5326 6634 6635 0
5327 8107 7988 0
5328 14963 15053 0
5329 15053 15036 0
5330 14940 15036 0
5331 14940 14963 0
5332 14837 14876 0
5333 14876 14870 0
5334 14870 14795 0
5335 14795 14791 0
5336 14837 14791 0
5337 10530 10659 0
5338 10659 10642 0
5339 10508 10642 0
5340 6879 6873 0
5341 6873 6628 0
5342 6635 6628 0
5343 1840 2065 0
5344 2065 2014 0
5345 2014 1839 0
5346 1840 1839 0
5347 11252 11282 0
5348 11282 11161 0
5349 11161 11061 0
5350 11061 11070 0
5351 11252 11070 0
5352 2992 3170 0
5353 3170 3189 0
5354 3189 3039 0
5355 3039 2985 0
5356 2992 2985 0
5357 1849 2163 0
5358 2163 2165 0
5359 1938 2165 0
5360 1938 1872 0
5361 1849 1872 0
5362 7881 8154 0
5363 8154 8155 0
5364 8155 7867 0
5365 7881 7867 0
5366 14733 14851 0
5367 14852 14851 0
5368 4973 4962 0
5369 4962 4737 0
5370 4737 4736 0
5371 4973 4736 0
5372 5515 5733 0
5373 5733 5734 0
5374 5734 5516 0
5375 5515 5516 0
5376 9384 9216 0
5377 9384 9375 0
5378 9375 9226 0
5379 9226 9209 0
5380 9216 9209 0
5381 15173 15234 0
5382 15234 15245 0
5383 15251 15245 0
5384 15251 15157 0
5385 15173 15157 0
5386 15094 15189 0
5387 15189 15199 0
5388 15200 15199 0
5389 15007 14851 0
5390 2579 2713 0
5391 2713 2580 0
5392 2580 2534 0
5393 2473 2534 0
5394 2473 2579 0
5395 14692 14628 0
5396 14693 14622 0
5397 14628 14622 0
5398 3032 3245 0
5399 3245 3306 0
5400 3306 3190 0
5401 3032 3190 0
5402 2700 2903 0
5403 2903 2891 0
5404 2688 2891 0
5405 8418 8604 0
5406 8604 8605 0
5407 8605 8549 0
5408 8549 8507 0
5409 8507 8383 0
5410 8418 8383 0
5411 13643 13921 0
5412 13921 13922 0
5413 13922 13644 0
5414 13643 13644 0
5415 14575 14641 0
5416 14641 14548 0
5417 14548 14474 0
5418 14575 14474 0
5419 14965 14927 0
5420 14927 14916 0
5421 14916 14761 0
5422 14760 14761 0
5423 8889 9134 0
5424 9134 9135 0
5425 9135 8878 0
5426 8889 8878 0
5427 14539 14464 0
5428 14539 14416 0
5429 14416 14404 0
5430 14404 14369 0
5431 14464 14369 0
5432 13411 13639 0
5433 13639 13619 0
5434 13619 13561 0
5435 13561 13371 0
5436 13411 13371 0
5437 13287 13559 0
5438 13559 13549 0
5439 13549 13275 0
5440 13287 13275 0
5441 8498 8363 0
5442 8498 8437 0
5443 8346 8226 0
5444 8226 8259 0
5445 8259 8356 0
5446 8363 8356 0
5447 14656 14613 0
5448 14556 14500 0
5449 15426 15427 0
5450 15315 15316 0
5451 4305 4189 0
5452 4400 4265 0
5453 4265 4222 0
5454 4222 4102 0
5455 4189 4102 0
5456 2926 2956 0
5457 2794 2956 0
5458 2794 2666 0
5459 2926 2666 0
5460 15086 14997 0
5461 15087 14998 0
5462 15481 15578 0
5463 15578 15579 0
5464 15579 15477 0
5465 15481 15477 0
5466 7720 7941 0
5467 7928 7941 0
5468 7715 7720 0
5469 5133 5128 0
5470 5128 4905 0
5471 4916 4905 0
5472 14977 14976 0
5473 14149 14068 0
5474 14041 14173 0
5475 14041 14040 0
5476 14068 14040 0
5477 14978 14969 0
5478 4786 4842 0
5479 4913 4842 0
5480 4913 4871 0
5481 4871 4766 0
5482 4766 4714 0
5483 4606 4714 0
5484 4606 4786 0
5485 2907 3180 0
5486 3170 3180 0
5487 3170 2902 0
5488 2907 2902 0
5489 3658 3930 0
5490 3930 3885 0
5491 3645 3885 0
5492 3645 3658 0
5493 5279 5319 0
5494 5319 5336 0
5495 5126 5336 0
5496 5057 5126 0
5497 217 443 0
5498 443 444 0
5499 444 218 0
5500 217 218 0
5501 12785 12632 0
5502 12777 12627 0
5503 12632 12627 0
5504 6164 6382 0
5505 6382 6375 0
5506 6375 6156 0
5507 6164 6156 0
5508 10138 9917 0
5509 10138 10000 0
5510 10000 9933 0
5511 9933 9829 0
5512 9917 9829 0
5513 14179 14324 0
5514 14318 14324 0
5515 14548 14421 0
5516 14421 14341 0
5517 14474 14341 0
5518 14318 14509 0
5519 14319 14495 0
5520 15555 15550 0
5521 6547 6803 0
5522 6803 6804 0
5523 6804 6548 0
5524 6547 6548 0
5525 5750 5606 0
5526 5644 5475 0
5527 14281 14280 0
5528 14074 14075 0
5529 9355 9405 0
5530 9405 9356 0
5531 9356 9283 0
5532 9141 9283 0
5533 1997 2052 0
5534 2052 2080 0
5535 2219 2080 0
5536 2282 1987 0
5537 1997 1987 0
5538 14559 14407 0
5539 14559 14308 0
5540 14346 14385 0
5541 14407 14385 0
5542 14356 14378 0
5543 14464 14378 0
5544 14464 14357 0
5545 14357 14348 0
5546 14348 14300 0
5547 14300 14270 0
5548 14270 14261 0
5549 14356 14261 0
5550 15582 15648 0
5551 15648 15640 0
5552 15579 15640 0
5553 15579 15582 0
5554 14421 14307 0
5555 14237 14307 0
5556 14237 14341 0
5557 5252 5501 0
5558 5501 5489 0
5559 5489 5245 0
5560 5252 5245 0
5561 6721 6979 0
5562 6979 6965 0
5563 6965 6722 0
5564 6721 6722 0
5565 14878 15013 0
5566 14914 14952 0
5567 14824 14914 0
5568 4334 4419 0
5569 4113 4223 0
5570 1412 1313 0
5571 1313 1329 0
5572 1329 1156 0
5573 1156 1111 0
5574 1111 1059 0
5575 1059 1021 0
5576 1021 1104 0
5577 1412 1104 0
5578 14053 14228 0
5579 14229 14228 0
5580 14229 14153 0
5581 14153 14067 0
5582 14067 14060 0
5583 14053 14060 0
5584 7672 7846 0
5585 7846 7847 0
5586 7847 7667 0
5587 7672 7667 0
5588 7986 8212 0
5589 8212 8161 0
5590 8161 8147 0
5591 8147 7993 0
5592 7986 7993 0
5593 8200 8095 0
5594 8133 8034 0
5595 8095 8034 0
5596 8350 8607 0
5597 8607 8608 0
5598 8608 8468 0
5599 8350 8468 0
5600 5929 6146 0
5601 6146 6147 0
5602 6147 5919 0
5603 5929 5919 0
5604 4482 4566 0
5605 4566 4396 0
5606 4396 4321 0
5607 4482 4321 0
5608 13526 13878 0
5609 13803 13878 0
5610 13466 13526 0
5611 14646 14745 0
5612 15274 15407 0
5613 15407 15399 0
5614 15399 15297 0
5615 15297 15286 0
5616 15274 15286 0
5617 7201 7433 0
5618 7433 7434 0
5619 7434 7188 0
5620 7201 7188 0
5621 14406 14522 0
5622 14522 14519 0
5623 14519 14382 0
5624 14382 14392 0
5625 14406 14392 0
5626 4873 5103 0
5627 5103 5096 0
5628 5096 4861 0
5629 4873 4861 0
5630 3326 3086 0
5631 3313 3076 0
5632 3086 3076 0
5633 15183 15126 0
5634 15172 15105 0
5635 15126 15105 0
5636 14493 14316 0
5637 14493 14494 0
5638 14494 14477 0
5639 14317 14477 0
5640 7263 7264 0
5641 7264 7022 0
5642 7030 7022 0
5643 10149 9721 0
5644 10156 9796 0
5645 9796 9722 0
5646 9721 9722 0
5647 14512 14472 0
5648 14472 14223 0
5649 14223 14221 0
5650 14236 14221 0
5651 6939 6789 0
5652 6834 6658 0
5653 1288 1493 0
5654 1493 1479 0
5655 1479 1289 0
5656 1288 1289 0
5657 15503 15411 0
5658 15504 15412 0
5659 8056 7885 0
5660 7875 7885 0
5661 14233 14284 0
5662 14245 14284 0
5663 14245 14172 0
5664 14172 14139 0
5665 14233 14139 0
5666 7658 7838 0
5667 7838 7832 0
5668 7832 7652 0
5669 7658 7652 0
5670 917 1086 0
5671 1086 1010 0
5672 1010 834 0
5673 917 834 0
5674 852 1035 0
5675 1035 891 0
5676 891 743 0
5677 852 743 0
5678 1010 879 0
5679 879 722 0
5680 834 722 0
5681 616 757 0
5682 757 659 0
5683 659 523 0
5684 616 523 0
5685 15010 14862 0
5686 12264 12416 0
5687 12416 12080 0
5688 12080 11981 0
5689 12264 11981 0
5690 7847 7838 0
5691 7667 7658 0
5692 9335 9337 0
5693 9337 9214 0
5694 9214 9152 0
5695 9152 9112 0
5696 9335 9112 0
5697 15173 15116 0
5698 15173 15147 0
5699 15147 15076 0
5700 15116 15076 0
5701 7258 7259 0
5702 7259 6925 0
5703 6863 6925 0
5704 13188 13421 0
5705 13421 13475 0
5706 13475 13435 0
5707 13189 13435 0
5708 3930 4035 0
5709 4035 4139 0
5710 4139 4168 0
5711 4168 3994 0
5712 3994 3953 0
5713 3885 3953 0
5714 4273 4254 0
5715 3899 4254 0
5716 3937 3899 0
5717 6889 7141 0
5718 7141 7132 0
5719 7132 6880 0
5720 6889 6880 0
5721 2435 2065 0
5722 2435 2209 0
5723 2209 2172 0
5724 2172 2024 0
5725 2065 2024 0
5726 12862 12987 0
5727 12987 12982 0
5728 12982 12850 0
5729 12862 12850 0
5730 14508 14324 0
5731 14399 14644 0
5732 14644 14607 0
5733 14607 14339 0
5734 14399 14339 0
5735 9277 9533 0
5736 9533 9311 0
5737 9311 9278 0
5738 9277 9278 0
5739 8718 8850 0
5740 8850 8731 0
5741 8731 8658 0
5742 8658 8618 0
5743 8618 8637 0
5744 8718 8637 0
5745 14984 14985 0
5746 15333 15334 0
5747 10991 10905 0
5748 10991 10784 0
5749 10784 10705 0
5750 10905 10705 0
5751 13828 14117 0
5752 14117 14089 0
5753 14089 13774 0
5754 13828 13774 0
5755 5715 5605 0
5756 5531 5605 0
5757 5575 5468 0
5758 7534 7605 0
5759 7606 7605 0
5760 7385 7340 0
5761 4300 4290 0
5762 4290 4021 0
5763 4020 4021 0
5764 2247 2291 0
5765 2291 2230 0
5766 1963 2230 0
5767 1963 1962 0
5768 2247 1962 0
5769 7607 7849 0
5770 7849 7839 0
5771 7839 7602 0
5772 7607 7602 0
5773 7950 8068 0
5774 8068 8062 0
5775 8062 7948 0
5776 7950 7948 0
5777 15568 15558 0
5778 15162 15081 0
5779 15137 15045 0
5780 15599 15661 0
5781 15661 15662 0
5782 15662 15619 0
5783 15619 15602 0
5784 15599 15602 0
5785 2779 2980 0
5786 2980 2971 0
5787 2971 2758 0
5788 2779 2758 0
5789 6455 6269 0
5790 6161 6269 0
5791 6528 6792 0
5792 6792 6793 0
5793 6793 6529 0
5794 6528 6529 0
5795 13667 13985 0
5796 13985 13929 0
5797 13929 13585 0
5798 13667 13585 0
5799 10185 10531 0
5800 10532 10531 0
5801 15446 15549 0
5802 15438 15543 0
5803 12945 12997 0
5804 12988 12997 0
5805 12988 12844 0
5806 12844 12806 0
5807 12945 12806 0
5808 7341 7332 0
5809 7332 7100 0
5810 7105 7100 0
5811 6897 7149 0
5812 7149 7139 0
5813 7139 6887 0
5814 6897 6887 0
5815 7207 7300 0
5816 7482 7300 0
5817 15541 15591 0
5818 15591 15608 0
5819 15608 15495 0
5820 15484 15495 0
5821 15484 15541 0
5822 15309 15413 0
5823 15413 15414 0
5824 15414 15278 0
5825 15278 15277 0
5826 15309 15277 0
5827 9760 9988 0
5828 9988 9989 0
5829 9989 10044 0
5830 10044 10003 0
5831 9749 10003 0
5832 9749 9760 0
5833 14621 14755 0
5834 14755 14756 0
5835 14756 14637 0
5836 14637 14625 0
5837 14621 14625 0
5838 15551 15544 0
5839 15424 15544 0
5840 12922 13050 0
5841 13050 13039 0
5842 13039 12946 0
5843 12914 12946 0
5844 3357 3472 0
5845 3472 3550 0
5846 3684 3550 0
5847 3665 3597 0
5848 3530 3597 0
5849 3530 3497 0
5850 3322 3497 0
5851 13143 13276 0
5852 13276 13255 0
5853 13255 13238 0
5854 13238 13271 0
5855 12946 13271 0
5856 12946 13143 0
5857 6040 5899 0
5858 5936 5797 0
5859 5321 5576 0
5860 5576 5568 0
5861 5568 5308 0
5862 5321 5308 0
5863 7404 7604 0
5864 7524 7604 0
5865 7524 7422 0
5866 7422 7405 0
5867 7404 7405 0
5868 4011 4282 0
5869 4282 4310 0
5870 4299 4310 0
5871 4031 4030 0
5872 4011 4030 0
5873 12483 12510 0
5874 12510 12554 0
5875 12554 12752 0
5876 12752 12427 0
5877 12483 12427 0
5878 10384 10248 0
5879 10380 10237 0
5880 10248 10237 0
5881 5358 5511 0
5882 5511 5376 0
5883 5376 5242 0
5884 5358 5242 0
5885 15502 15621 0
5886 15621 15622 0
5887 15622 15610 0
5888 15610 15490 0
5889 15502 15490 0
5890 15139 15198 0
5891 15198 15163 0
5892 15163 15127 0
5893 15139 15127 0
5894 8304 8639 0
5895 8640 8639 0
5896 8305 8304 0
5897 11782 12006 0
5898 12006 12007 0
5899 12007 11783 0
5900 11782 11783 0
5901 6901 7006 0
5902 7006 6506 0
5903 6505 6506 0
5904 9469 9754 0
5905 9754 9745 0
5906 9745 9463 0
5907 9469 9463 0
5908 14335 14468 0
5909 14468 14458 0
5910 14458 14328 0
5911 14335 14328 0
5912 753 956 0
5913 942 956 0
5914 745 753 0
5915 4592 4841 0
5916 4841 4831 0
5917 4831 4593 0
5918 4592 4593 0
5919 13971 14100 0
5920 14100 14101 0
5921 14101 13993 0
5922 13993 13979 0
5923 13971 13979 0
5924 14960 15050 0
5925 15050 15027 0
5926 15027 14950 0
5927 14960 14950 0
5928 6047 6194 0
5929 6194 6196 0
5930 6196 6063 0
5931 6047 6063 0
5932 14431 14523 0
5933 14523 14418 0
5934 14418 14333 0
5935 14431 14333 0
5936 15360 15455 0
5937 15455 15456 0
5938 15456 15357 0
5939 15360 15357 0
5940 10820 11050 0
5941 11050 11043 0
5942 11043 10821 0
5943 10820 10821 0
5944 7356 7541 0
5945 7541 7542 0
5946 7542 7342 0
5947 7356 7342 0
5948 14383 14562 0
5949 14562 14563 0
5950 14563 14384 0
5951 14383 14384 0
5952 8937 9179 0
5953 9179 9164 0
5954 9164 8914 0
5955 8937 8914 0
5956 1971 2267 0
5957 2267 2238 0
5958 2238 2229 0
5959 2247 2229 0
5960 1971 1962 0
5961 15328 15327 0
5962 11350 11524 0
5963 11524 11392 0
5964 11392 11254 0
5965 11254 11253 0
5966 11253 11276 0
5967 11350 11276 0
5968 12862 12703 0
5969 12850 12704 0
5970 12703 12704 0
5971 11833 12100 0
5972 12100 12084 0
5973 12084 11834 0
5974 11833 11834 0
5975 11961 12196 0
5976 12262 12196 0
5977 12262 11951 0
5978 11961 11951 0
5979 5265 5520 0
5980 5521 5520 0
5981 5258 5265 0
5982 434 426 0
5983 209 200 0
5984 3064 3268 0
5985 3268 3122 0
5986 3122 2948 0
5987 3064 2948 0
5988 4641 4889 0
5989 4889 4891 0
5990 4891 4632 0
5991 4641 4632 0
5992 12703 12578 0
5993 12572 12704 0
5994 12572 12578 0
5995 15406 15527 0
5996 15527 15517 0
5997 15407 15517 0
5998 15407 15406 0
5999 10534 10815 0
6000 10815 10816 0
6001 10816 10518 0
6002 10534 10518 0
6003 7345 7535 0
6004 7535 7536 0
6005 7536 7333 0
6006 7345 7333 0
6007 14867 14868 0
6008 14783 14868 0
6009 14768 14783 0
6010 8426 8653 0
6011 8653 8654 0
6012 8654 8420 0
6013 8426 8420 0
6014 14974 15061 0
6015 15061 15040 0
6016 15040 14959 0
6017 14974 14959 0
6018 12825 12826 0
6019 12752 12826 0
6020 12752 12573 0
6021 12602 12573 0
6022 14754 14910 0
6023 14910 14911 0
6024 14755 14911 0
6025 14755 14754 0
6026 12337 12338 0
6027 12338 12005 0
6028 11997 12005 0
6029 14760 14617 0
6030 14761 14618 0
6031 14617 14618 0
6032 14923 15032 0
6033 15032 15029 0
6034 15029 14924 0
6035 14923 14924 0
6036 5240 5466 0
6037 5466 5467 0
6038 5467 5241 0
6039 5240 5241 0
6040 5897 6116 0
6041 6116 6117 0
6042 6117 5893 0
6043 5897 5893 0
6044 7179 7426 0
6045 7426 7419 0
6046 7419 7167 0
6047 7179 7167 0
6048 7967 8126 0
6049 8114 8126 0
6050 7968 7967 0
6051 14034 14123 0
6052 14123 14124 0
6053 14124 13992 0
6054 13992 14000 0
6055 14034 14000 0
6056 12418 12464 0
6057 12427 12464 0
6058 12427 12249 0
6059 12249 12230 0
6060 12418 12230 0
6061 6196 6030 0
6062 6186 6196 0
6063 6142 6186 0
6064 5995 6021 0
6065 6030 6021 0
6066 9458 9744 0
6067 9744 9736 0
6068 9736 9452 0
6069 9458 9452 0
6070 4615 4855 0
6071 4855 4848 0
6072 4848 4609 0
6073 4615 4609 0
6074 6415 6434 0
6075 6185 6434 0
6076 6185 6197 0
6077 6415 6197 0
6078 5238 5478 0
6079 5478 5470 0
6080 5470 5239 0
6081 5238 5239 0
6082 7699 7899 0
6083 7899 7900 0
6084 7900 7700 0
6085 7699 7700 0
6086 10038 9783 0
6087 10039 9784 0
6088 9783 9784 0
6089 12333 12575 0
6090 12575 12613 0
6091 12613 12439 0
6092 12333 12439 0
6093 15129 15242 0
6094 15242 15253 0
6095 15253 15257 0
6096 15257 15130 0
6097 15129 15130 0
6098 9058 8943 0
6099 8974 8835 0
6100 8943 8835 0
6101 14284 14418 0
6102 14233 14333 0
6103 14698 14641 0
6104 14667 14575 0
6105 9187 9409 0
6106 9409 9410 0
6107 9410 9188 0
6108 9187 9188 0
6109 9921 10106 0
6110 10094 10106 0
6111 9902 9921 0
6112 13311 13598 0
6113 13598 13599 0
6114 13599 13424 0
6115 13311 13424 0
6116 8705 8809 0
6117 8809 8698 0
6118 8519 8698 0
6119 8519 8705 0
6120 15394 15466 0
6121 15466 15465 0
6122 15465 15409 0
6123 15409 15395 0
6124 15394 15395 0
6125 14501 14379 0
6126 14410 14294 0
6127 14379 14294 0
6128 4298 4323 0
6129 4323 4038 0
6130 4038 3974 0
6131 4298 3974 0
6132 14136 14287 0
6133 14287 14288 0
6134 14288 14125 0
6135 14136 14125 0
6136 10011 10294 0
6137 10294 10295 0
6138 10295 10022 0
6139 10022 10001 0
6140 10011 10001 0
6141 1253 1443 0
6142 1443 1437 0
6143 1437 1367 0
6144 1367 1366 0
6145 1366 1247 0
6146 1253 1247 0
6147 15413 15505 0
6148 15505 15522 0
6149 15522 15523 0
6150 15414 15523 0
6151 15077 15156 0
6152 15144 15156 0
6153 15144 15074 0
6154 15077 15074 0
6155 10542 10373 0
6156 10542 10543 0
6157 10543 10363 0
6158 10373 10363 0
6159 11900 11962 0
6160 11962 11871 0
6161 11633 11871 0
6162 11633 11900 0
6163 14754 14620 0
6164 14621 14620 0
6165 15257 15258 0
6166 15258 15131 0
6167 15130 15131 0
6168 11928 12185 0
6169 12185 12175 0
6170 12175 11920 0
6171 11928 11920 0
6172 14972 15047 0
6173 15047 15048 0
6174 15048 14973 0
6175 14972 14973 0
6176 13101 13311 0
6177 13311 13413 0
6178 13413 13343 0
6179 13343 13333 0
6180 13213 13333 0
6181 10172 10544 0
6182 10544 10545 0
6183 10545 10173 0
6184 10172 10173 0
6185 15132 15259 0
6186 15260 15259 0
6187 15133 15132 0
6188 7876 7979 0
6189 7979 7817 0
6190 7817 7724 0
6191 7876 7724 0
6192 14136 13959 0
6193 14125 13960 0
6194 13959 13960 0
6195 12700 12935 0
6196 12935 12936 0
6197 12936 12701 0
6198 12700 12701 0
6199 1442 1678 0
6200 1678 1722 0
6201 1722 1444 0
6202 1442 1444 0
6203 14606 14684 0
6204 14684 14685 0
6205 14685 14600 0
6206 14606 14600 0
6207 12321 12539 0
6208 12539 12532 0
6209 12532 12310 0
6210 12321 12310 0
6211 4515 4516 0
6212 4516 4289 0
6213 4300 4289 0
6214 12990 13191 0
6215 13191 13099 0
6216 13099 12906 0
6217 12990 12906 0
6218 6742 6848 0
6219 6848 6670 0
6220 6577 6670 0
6221 14679 14772 0
6222 14772 14773 0
6223 14773 14671 0
6224 14679 14671 0
6225 7848 7668 0
6226 7833 7659 0
6227 7668 7659 0
6228 14528 14529 0
6229 4167 4102 0
6230 4102 4026 0
6231 3908 4026 0
6232 4167 3915 0
6233 15037 15119 0
6234 15119 15120 0
6235 15120 15038 0
6236 15037 15038 0
6237 8863 9093 0
6238 9093 9094 0
6239 9094 8871 0
6240 8863 8871 0
6241 7047 7299 0
6242 7293 7299 0
6243 7049 7047 0
6244 15563 15630 0
6245 15630 15624 0
6246 15624 15564 0
6247 15563 15564 0
6248 12374 12445 0
6249 12445 12417 0
6250 12417 12306 0
6251 12306 12255 0
6252 12374 12255 0
6253 9379 9620 0
6254 9620 9610 0
6255 9610 9380 0
6256 9379 9380 0
6257 13978 14098 0
6258 14098 14099 0
6259 14099 14002 0
6260 14002 13983 0
6261 13978 13983 0
6262 14245 14058 0
6263 14245 14221 0
6264 14221 14059 0
6265 14058 14059 0
6266 15296 15385 0
6267 15385 15386 0
6268 15386 15314 0
6269 15314 15302 0
6270 15296 15302 0
6271 15516 15535 0
6272 15535 15454 0
6273 15454 15445 0
6274 15516 15445 0
6275 14066 14138 0
6276 14138 13980 0
6277 13980 13888 0
6278 14066 13888 0
6279 8311 8504 0
6280 8504 8499 0
6281 8499 8297 0
6282 8311 8297 0
6283 15360 15291 0
6284 15357 15269 0
6285 15269 15268 0
6286 15291 15268 0
6287 8021 8197 0
6288 8197 8198 0
6289 8198 8015 0
6290 8021 8015 0
6291 14335 14200 0
6292 14328 14201 0
6293 14200 14201 0
6294 8720 8965 0
6295 8965 8966 0
6296 8966 8714 0
6297 8720 8714 0
6298 10648 10883 0
6299 10883 10884 0
6300 10884 10649 0
6301 10648 10649 0
6302 7507 7704 0
6303 7704 7694 0
6304 7694 7500 0
6305 7507 7500 0
6306 14100 14200 0
6307 14101 14201 0
6308 14140 14266 0
6309 14266 14286 0
6310 14286 14296 0
6311 14296 14134 0
6312 14140 14134 0
6313 15123 15188 0
6314 15181 15188 0
6315 15181 15124 0
6316 15123 15124 0
6317 13412 13402 0
6318 13402 13422 0
6319 13174 13422 0
6320 13183 13174 0
6321 8852 9087 0
6322 9087 9074 0
6323 9074 8853 0
6324 8852 8853 0
6325 4418 4538 0
6326 4538 4394 0
6327 4394 4313 0
6328 4313 4278 0
6329 4418 4278 0
6330 14881 14796 0
6331 14881 14882 0
6332 14882 14871 0
6333 14871 14797 0
6334 14796 14797 0
6335 6388 6564 0
6336 6564 6533 0
6337 6533 6503 0
6338 6503 6446 0
6339 6269 6446 0
6340 6388 6269 0
6341 11823 12072 0
6342 12072 12073 0
6343 12073 11812 0
6344 11823 11812 0
6345 7751 7817 0
6346 7630 7724 0
6347 4256 4490 0
6348 4490 4491 0
6349 4491 4240 0
6350 4256 4240 0
6351 14849 14845 0
6352 14787 14845 0
6353 14763 14849 0
6354 15133 14992 0
6355 15134 15014 0
6356 15014 15003 0
6357 14992 15003 0
6358 7367 7565 0
6359 7555 7565 0
6360 7368 7367 0
6361 15132 14991 0
6362 14992 14991 0
6363 6760 6988 0
6364 6988 6989 0
6365 6989 6938 0
6366 6938 6729 0
6367 6729 6728 0
6368 6760 6728 0
6369 14749 14831 0
6370 14831 14832 0
6371 14832 14750 0
6372 14749 14750 0
6373 14557 14658 0
6374 14658 14659 0
6375 14659 14558 0
6376 14557 14558 0
6377 7938 8096 0
6378 8096 8097 0
6379 8097 7926 0
6380 7938 7926 0
6381 15404 15525 0
6382 15525 15526 0
6383 15526 15405 0
6384 15404 15405 0
6385 7440 7551 0
6386 7551 7468 0
6387 7468 7395 0
6388 7395 7423 0
6389 7440 7423 0
6390 9089 8932 0
6391 9089 9077 0
6392 9077 8916 0
6393 8932 8916 0
6394 6752 6841 0
6395 6841 6858 0
6396 6858 6788 0
6397 6575 6788 0
6398 6575 6752 0
6399 8095 8012 0
6400 8034 7886 0
6401 8012 7886 0
6402 4919 5050 0
6403 4754 4815 0
6404 4833 4815 0
6405 66 140 0
6406 140 141 0
6407 141 65 0
6408 66 65 0
6409 15258 15259 0
6410 15131 15132 0
6411 14773 14846 0
6412 14846 14842 0
6413 14842 14829 0
6414 14829 14767 0
6415 14773 14767 0
6416 7442 7437 0
6417 7437 7198 0
6418 7211 7198 0
6419 6921 7177 0
6420 7177 7163 0
6421 7163 6910 0
6422 6921 6910 0
6423 11868 12126 0
6424 12126 12146 0
6425 12146 12147 0
6426 12147 11869 0
6427 11868 11869 0
6428 14223 14473 0
6429 14473 14447 0
6430 14225 14447 0
6431 14225 14223 0
6432 10394 10588 0
6433 10589 10588 0
6434 10589 10386 0
6435 10394 10386 0
6436 15466 15548 0
6437 15548 15546 0
6438 15465 15546 0
6439 15609 15548 0
6440 15607 15546 0
6441 6424 6660 0
6442 6660 6661 0
6443 6661 6416 0
6444 6424 6416 0
6445 15403 15524 0
6446 15525 15524 0
6447 15404 15403 0
6448 13561 13365 0
6449 13561 13261 0
6450 13261 13293 0
6451 13293 13337 0
6452 13365 13337 0
6453 858 1037 0
6454 1037 902 0
6455 902 765 0
6456 858 765 0
6457 12525 12254 0
6458 12525 12493 0
6459 12493 12220 0
6460 12254 12220 0
6461 14112 14211 0
6462 14211 14212 0
6463 14212 14113 0
6464 14112 14113 0
6465 15442 15531 0
6466 15531 15528 0
6467 15528 15443 0
6468 15442 15443 0
6469 14225 14051 0
6470 14225 14226 0
6471 14226 14052 0
6472 14051 14052 0
6473 738 933 0
6474 933 918 0
6475 918 728 0
6476 738 728 0
6477 6090 6283 0
6478 6283 6275 0
6479 6275 6082 0
6480 6090 6082 0
6481 14628 14522 0
6482 14561 14622 0
6483 14561 14560 0
6484 14519 14560 0
6485 7748 7548 0
6486 7748 7649 0
6487 7649 7582 0
6488 7582 7561 0
6489 7548 7561 0
6490 7334 7537 0
6491 7537 7531 0
6492 7531 7335 0
6493 7334 7335 0
6494 15031 15109 0
6495 15109 15110 0
6496 15110 15028 0
6497 15031 15028 0
6498 15414 15403 0
6499 15403 15279 0
6500 15278 15279 0
6501 10289 10528 0
6502 10528 10529 0
6503 10529 10287 0
6504 10289 10287 0
6505 8852 8642 0
6506 8853 8643 0
6507 8642 8643 0
6508 5376 5243 0
6509 5243 5127 0
6510 5242 5127 0
6511 14140 13994 0
6512 14134 13967 0
6513 13967 13966 0
6514 13994 13966 0
6515 15588 15598 0
6516 15535 15598 0
6517 15516 15588 0
6518 1722 1780 0
6519 1436 1780 0
6520 1436 1444 0
6521 13658 13793 0
6522 13793 13794 0
6523 13794 13652 0
6524 13658 13652 0
6525 10293 10515 0
6526 10515 10570 0
6527 10570 10560 0
6528 10560 10399 0
6529 10295 10399 0
6530 10295 10293 0
6531 2125 2305 0
6532 2305 2306 0
6533 2306 2281 0
6534 2267 2281 0
6535 2035 2267 0
6536 15389 15468 0
6537 15468 15469 0
6538 15390 15469 0
6539 11789 12028 0
6540 12028 12019 0
6541 11790 12019 0
6542 11790 11789 0
6543 7887 8029 0
6544 8029 7888 0
6545 7888 7769 0
6546 7887 7769 0
6547 8398 8617 0
6548 8617 8603 0
6549 8603 8387 0
6550 8398 8387 0
6551 11081 11336 0
6552 11336 11306 0
6553 11306 11069 0
6554 11081 11069 0
6555 13118 13227 0
6556 13227 13249 0
6557 13249 13250 0
6558 13250 13104 0
6559 13118 13104 0
6560 7431 7540 0
6561 7550 7540 0
6562 7403 7402 0
6563 7431 7402 0
6564 9123 9302 0
6565 9302 9294 0
6566 9294 9124 0
6567 9123 9124 0
6568 14960 14849 0
6569 14960 14935 0
6570 14845 14935 0
6571 13634 13342 0
6572 13634 13304 0
6573 13304 13251 0
6574 13251 13309 0
6575 13342 13309 0
6576 6986 7242 0
6577 7242 7243 0
6578 7243 6907 0
6579 6907 6884 0
6580 6986 6884 0
6581 15047 15123 0
6582 15048 15124 0
6583 15404 15280 0
6584 15405 15272 0
6585 15280 15272 0
6586 14923 14827 0
6587 14924 14828 0
6588 14827 14828 0
6589 15032 15111 0
6590 15111 15112 0
6591 15029 15112 0
6592 15406 15273 0
6593 15274 15273 0
6594 14594 14681 0
6595 14681 14677 0
6596 14677 14579 0
6597 14594 14579 0
6598 15406 15405 0
6599 15272 15273 0
6600 14580 14668 0
6601 14668 14669 0
6602 14669 14581 0
6603 14580 14581 0
6604 3956 4224 0
6605 4225 4224 0
6606 3830 3837 0
6607 3956 3837 0
6608 10306 10294 0
6609 10011 10042 0
6610 10042 10041 0
6611 10306 10041 0
6612 14761 14762 0
6613 14762 14619 0
6614 14618 14619 0
6615 14767 14672 0
6616 14671 14672 0
6617 9032 9288 0
6618 9288 9289 0
6619 9289 9026 0
6620 9032 9026 0
6621 7764 7861 0
6622 7861 7775 0
6623 7775 7684 0
6624 7764 7684 0
6625 2308 2015 0
6626 2224 2148 0
6627 2148 2102 0
6628 2102 2066 0
6629 2066 2007 0
6630 2015 2007 0
6631 14211 14343 0
6632 14343 14344 0
6633 14212 14344 0
6634 15451 15513 0
6635 15513 15514 0
6636 15514 15452 0
6637 15451 15452 0
6638 15109 15186 0
6639 15186 15176 0
6640 15176 15151 0
6641 15110 15151 0
6642 15279 15280 0
6643 10904 10605 0
6644 10904 10704 0
6645 10704 10638 0
6646 10605 10638 0
6647 14511 14614 0
6648 14547 14614 0
6649 14370 14411 0
6650 14511 14411 0
6651 9393 9551 0
6652 9551 9541 0
6653 9541 9383 0
6654 9393 9383 0
6655 12944 13091 0
6656 13091 13119 0
6657 12976 13119 0
6658 12976 12902 0
6659 12944 12902 0
6660 14468 14585 0
6661 14585 14567 0
6662 14458 14567 0
6663 12987 13118 0
6664 12982 13104 0
6665 1965 2211 0
6666 2211 2200 0
6667 2200 1966 0
6668 1965 1966 0
6669 15195 15119 0
6670 15195 15196 0
6671 15196 15174 0
6672 15120 15174 0
6673 4619 4862 0
6674 4862 4854 0
6675 4854 4614 0
6676 4619 4614 0
6677 14215 14350 0
6678 14350 14342 0
6679 14342 14210 0
6680 14215 14210 0
6681 11026 11027 0
6682 10677 10678 0
6683 13642 13746 0
6684 13746 13653 0
6685 13653 13586 0
6686 13586 13500 0
6687 13500 13390 0
6688 13390 13484 0
6689 13484 13550 0
6690 13642 13550 0
6691 15527 15526 0
6692 14382 14560 0
6693 14562 14560 0
6694 14382 14383 0
6695 8255 8471 0
6696 8471 8461 0
6697 8461 8247 0
6698 8255 8247 0
6699 1953 2188 0
6700 2188 2176 0
6701 2176 1954 0
6702 1953 1954 0
6703 4322 4581 0
6704 4581 4575 0
6705 4575 4297 0
6706 4322 4297 0
6707 4384 4236 0
6708 4384 4385 0
6709 4385 4251 0
6710 4236 4251 0
6711 15056 15153 0
6712 15153 15154 0
6713 15057 15154 0
6714 15057 15056 0
6715 12035 12096 0
6716 12096 11855 0
6717 11855 11771 0
6718 12035 11771 0
6719 14213 14345 0
6720 14345 14338 0
6721 14338 14202 0
6722 14213 14202 0
6723 8012 7861 0
6724 7886 7775 0
6725 8319 8638 0
6726 8639 8638 0
6727 8304 8319 0
6728 12835 13056 0
6729 13056 13041 0
6730 13041 12836 0
6731 12835 12836 0
6732 9769 10026 0
6733 10026 10027 0
6734 10027 9756 0
6735 9769 9756 0
6736 14754 14762 0
6737 14620 14619 0
6738 3385 3761 0
6739 3761 3762 0
6740 3762 3717 0
6741 3717 3687 0
6742 3687 3359 0
6743 3385 3359 0
6744 15188 15249 0
6745 15249 15262 0
6746 15266 15262 0
6747 5918 5875 0
6748 5875 5634 0
6749 5634 5633 0
6750 5605 5633 0
6751 9224 9549 0
6752 9549 9550 0
6753 9225 9550 0
6754 9225 9224 0
6755 12451 12493 0
6756 12373 12451 0
6757 12159 12220 0
6758 3917 4087 0
6759 4087 4000 0
6760 4000 3777 0
6761 3917 3777 0
6762 8915 8929 0
6763 8858 8929 0
6764 8636 8673 0
6765 8684 8673 0
6766 10904 11045 0
6767 11045 11169 0
6768 11051 11169 0
6769 8646 8316 0
6770 8646 8647 0
6771 8647 8317 0
6772 8316 8317 0
6773 9421 9665 0
6774 9665 9666 0
6775 9666 9422 0
6776 9421 9422 0
6777 11663 11622 0
6778 11447 11395 0
6779 11622 11395 0
6780 13395 13647 0
6781 13634 13647 0
6782 13342 13370 0
6783 13395 13370 0
6784 8198 8373 0
6785 8373 8456 0
6786 8456 8408 0
6787 8408 8185 0
6788 8198 8185 0
6789 11512 11259 0
6790 11405 11199 0
6791 11259 11199 0
6792 7764 7665 0
6793 7684 7574 0
6794 7665 7574 0
6795 1997 1832 0
6796 1987 1824 0
6797 1832 1824 0
6798 10543 10184 0
6799 10543 10544 0
6800 10172 10184 0
6801 15064 15159 0
6802 15159 15160 0
6803 15160 15055 0
6804 15064 15055 0
6805 1865 2015 0
6806 2007 1854 0
6807 1865 1854 0
6808 10135 10367 0
6809 10367 10368 0
6810 10368 10136 0
6811 10135 10136 0
6812 14606 14488 0
6813 14600 14489 0
6814 14488 14489 0
6815 10988 11046 0
6816 11046 11038 0
6817 11038 10972 0
6818 10972 10877 0
6819 10988 10877 0
6820 14671 14585 0
6821 14672 14567 0
6822 10972 10864 0
6823 10864 10745 0
6824 10877 10745 0
6825 15063 15158 0
6826 15159 15158 0
6827 15064 15063 0
6828 14213 14106 0
6829 14202 14107 0
6830 14106 14107 0
6831 13739 13898 0
6832 13899 13898 0
6833 13899 13740 0
6834 13739 13740 0
6835 12996 12774 0
6836 12996 12997 0
6837 12997 12775 0
6838 12774 12775 0
6839 12035 11963 0
6840 11771 11705 0
6841 11705 11832 0
6842 11963 11832 0
6843 5474 5620 0
6844 5575 5620 0
6845 5575 5511 0
6846 5358 5474 0
6847 3245 3445 0
6848 3445 3460 0
6849 3460 3319 0
6850 3245 3319 0
6851 15130 15009 0
6852 15131 14990 0
6853 15009 14990 0
6854 14467 14584 0
6855 14585 14584 0
6856 14468 14467 0
6857 14633 14680 0
6858 14680 14626 0
6859 14626 14526 0
6860 14633 14526 0
6861 14616 14759 0
6862 14616 14617 0
6863 10587 10809 0
6864 10809 10799 0
6865 10799 10581 0
6866 10587 10581 0
6867 13307 13571 0
6868 13571 13565 0
6869 13565 13308 0
6870 13307 13308 0
6871 8397 8615 0
6872 8615 8616 0
6873 8616 8386 0
6874 8397 8386 0
6875 14199 14326 0
6876 14326 14327 0
6877 14327 14193 0
6878 14199 14193 0
6879 12484 12632 0
6880 12485 12627 0
6881 10446 10702 0
6882 10702 10703 0
6883 10703 10439 0
6884 10446 10439 0
6885 15377 15488 0
6886 15488 15515 0
6887 15515 15378 0
6888 15377 15378 0
6889 13729 13970 0
6890 13964 13970 0
6891 13964 13722 0
6892 14424 14589 0
6893 14589 14537 0
6894 14537 14354 0
6895 14424 14354 0
6896 15254 15198 0
6897 15254 15244 0
6898 15244 15219 0
6899 15163 15219 0
6900 10682 10910 0
6901 10910 10911 0
6902 10911 10671 0
6903 10682 10671 0
6904 14911 14902 0
6905 14902 14885 0
6906 14756 14885 0
6907 15124 15125 0
6908 15125 15049 0
6909 15048 15049 0
6910 15523 15524 0
6911 11237 11030 0
6912 11237 11238 0
6913 11238 11020 0
6914 11030 11020 0
6915 12865 12855 0
6916 12630 12855 0
6917 10310 10552 0
6918 10552 10553 0
6919 10553 10298 0
6920 10310 10298 0
6921 8302 8484 0
6922 8484 8491 0
6923 8491 8447 0
6924 8269 8447 0
6925 8269 8302 0
6926 6047 5908 0
6927 6063 6030 0
6928 6030 6002 0
6929 6002 5956 0
6930 5956 5917 0
6931 5917 5879 0
6932 5879 5878 0
6933 5908 5878 0
6934 11789 11567 0
6935 11790 11568 0
6936 11568 11567 0
6937 14761 14917 0
6938 14917 14909 0
6939 14762 14909 0
6940 15304 15358 0
6941 15358 15359 0
6942 15359 15276 0
6943 15276 15275 0
6944 15275 15288 0
6945 15304 15288 0
6946 9459 9739 0
6947 9739 9731 0
6948 9731 9454 0
6949 9459 9454 0
6950 9288 9473 0
6951 9473 9474 0
6952 9289 9474 0
6953 6407 6642 0
6954 6642 6632 0
6955 6632 6400 0
6956 6407 6400 0
6957 4500 4607 0
6958 4607 4601 0
6959 4601 4395 0
6960 4395 4320 0
6961 4500 4320 0
6962 15053 15126 0
6963 15036 15105 0
6964 11969 12094 0
6965 12094 12119 0
6966 12119 12020 0
6967 11871 12020 0
6968 11871 11969 0
6969 7004 7205 0
6970 7205 7232 0
6971 7242 7232 0
6972 6986 7004 0
6973 8351 8369 0
6974 8369 8477 0
6975 8477 8400 0
6976 8399 8400 0
6977 8240 8246 0
6978 8246 8322 0
6979 8351 8322 0
6980 7791 8025 0
6981 8025 8026 0
6982 8026 7792 0
6983 7791 7792 0
6984 15039 15121 0
6985 15121 15117 0
6986 15117 15035 0
6987 15039 15035 0
6988 14059 14222 0
6989 14222 14224 0
6990 14224 14050 0
6991 14059 14050 0
6992 14786 14879 0
6993 14879 14875 0
6994 14875 14804 0
6995 14786 14804 0
6996 4538 4630 0
6997 4630 4493 0
6998 4394 4493 0
6999 7494 7680 0
7000 7680 7681 0
7001 7681 7486 0
7002 7494 7486 0
7003 11638 11825 0
7004 11825 11841 0
7005 11841 11617 0
7006 11617 11585 0
7007 11638 11585 0
7008 10183 10373 0
7009 10363 10184 0
7010 10183 10184 0
7011 7551 7665 0
7012 7468 7574 0
7013 13137 13040 0
7014 12954 12869 0
7015 9413 9645 0
7016 9645 9646 0
7017 9646 9403 0
7018 9413 9403 0
7019 15539 15605 0
7020 15605 15606 0
7021 15606 15540 0
7022 15539 15540 0
7023 8793 9142 0
7024 9142 9129 0
7025 9129 8785 0
7026 8793 8785 0
7027 14580 14479 0
7028 14581 14466 0
7029 14479 14466 0
7030 11694 11776 0
7031 11776 11551 0
7032 11551 11506 0
7033 11694 11506 0
7034 13084 13329 0
7035 13329 13330 0
7036 13330 13085 0
7037 13084 13085 0
7038 12750 12770 0
7039 12770 12799 0
7040 12799 12751 0
7041 12451 12751 0
7042 12451 12750 0
7043 7079 7323 0
7044 7323 7312 0
7045 7312 7080 0
7046 7079 7080 0
7047 1952 2159 0
7048 2159 2026 0
7049 2026 1867 0
7050 1952 1867 0
7051 9373 9507 0
7052 9507 9498 0
7053 9498 9476 0
7054 9476 9374 0
7055 9373 9374 0
7056 15121 15164 0
7057 15164 15190 0
7058 15190 15197 0
7059 15117 15197 0
7060 15055 14931 0
7061 15056 15055 0
7062 15056 14932 0
7063 14931 14932 0
7064 7922 7923 0
7065 7923 7633 0
7066 7632 7633 0
7067 15442 15349 0
7068 15443 15350 0
7069 15349 15350 0
7070 14228 14226 0
7071 14053 14052 0
7072 10717 11149 0
7073 11149 11145 0
7074 10717 11145 0
7075 11278 11475 0
7076 11475 11517 0
7077 11517 11270 0
7078 11278 11270 0
7079 15402 15533 0
7080 15533 15534 0
7081 15534 15393 0
7082 15402 15393 0
7083 14015 14103 0
7084 14100 14103 0
7085 13971 13984 0
7086 14015 13984 0
7087 7835 7826 0
7088 7826 7593 0
7089 7592 7593 0
7090 9416 9475 0
7091 9475 9497 0
7092 9507 9497 0
7093 9356 9507 0
7094 9356 9416 0
7095 9190 9316 0
7096 9316 9236 0
7097 9236 9034 0
7098 9034 9128 0
7099 9190 9128 0
7100 13564 13741 0
7101 13741 13765 0
7102 13929 13765 0
7103 13878 13929 0
7104 13526 13564 0
7105 12672 12691 0
7106 12691 12753 0
7107 12753 12692 0
7108 12692 12453 0
7109 12453 12469 0
7110 12672 12469 0
7111 15481 15385 0
7112 15477 15386 0
7113 14681 14764 0
7114 14764 14765 0
7115 14677 14765 0
7116 2620 2885 0
7117 2885 2886 0
7118 2886 2625 0
7119 2620 2625 0
7120 5011 5084 0
7121 5084 4985 0
7122 4985 4859 0
7123 4859 4858 0
7124 4858 4881 0
7125 5011 4881 0
7126 8494 8276 0
7127 8487 8277 0
7128 8276 8277 0
7129 7351 7415 0
7130 7415 7237 0
7131 7237 7128 0
7132 7128 7127 0
7133 7127 7260 0
7134 7351 7260 0
7135 5790 5993 0
7136 5993 5989 0
7137 5989 5791 0
7138 5790 5791 0
7139 2443 2643 0
7140 2643 2644 0
7141 2644 2358 0
7142 2358 2383 0
7143 2443 2383 0
7144 7935 8181 0
7145 8181 8182 0
7146 8182 7924 0
7147 7935 7924 0
7148 15451 15358 0
7149 15452 15359 0
7150 8128 8129 0
7151 8129 7841 0
7152 7850 7841 0
7153 10027 10021 0
7154 10021 9757 0
7155 9756 9757 0
7156 11301 11360 0
7157 11360 11482 0
7158 11161 11482 0
7159 11161 11301 0
7160 15077 14999 0
7161 15074 15000 0
7162 14999 15000 0
7163 14103 14203 0
7164 14200 14203 0
7165 9533 9534 0
7166 9534 9323 0
7167 9323 9314 0
7168 9533 9314 0
7169 7594 7827 0
7170 7828 7827 0
7171 7586 7594 0
7172 13155 13426 0
7173 13426 13414 0
7174 13414 13300 0
7175 13143 13300 0
7176 13143 13155 0
7177 15531 15595 0
7178 15595 15596 0
7179 15528 15596 0
7180 11961 11722 0
7181 11951 11713 0
7182 11722 11713 0
7183 15455 15539 0
7184 15456 15540 0
7185 8943 8819 0
7186 8835 8698 0
7187 8698 8819 0
7188 11499 11722 0
7189 11500 11713 0
7190 2116 2340 0
7191 2340 2220 0
7192 2220 1964 0
7193 2116 1964 0
7194 1654 1794 0
7195 1794 1707 0
7196 1707 1580 0
7197 1654 1580 0
7198 15269 15349 0
7199 15350 15287 0
7200 15287 15270 0
7201 15269 15270 0
7202 8635 8477 0
7203 8410 8400 0
7204 15058 15155 0
7205 15156 15155 0
7206 15054 15156 0
7207 15054 15058 0
7208 1478 1607 0
7209 1607 1598 0
7210 1598 1480 0
7211 1478 1480 0
7212 13362 13363 0
7213 13363 13331 0
7214 13331 13332 0
7215 13332 13135 0
7216 13135 13134 0
7217 13117 13134 0
7218 8383 8502 0
7219 8502 8490 0
7220 8490 8476 0
7221 8302 8476 0
7222 8313 8302 0
7223 8313 8383 0
7224 14203 14334 0
7225 14335 14334 0
7226 8518 8629 0
7227 8457 8629 0
7228 8429 8518 0
7229 3344 3620 0
7230 3621 3620 0
7231 3335 3344 0
7232 12306 12186 0
7233 12186 12148 0
7234 12080 12148 0
7235 12080 12255 0
7236 13958 14135 0
7237 14136 14135 0
7238 13959 13958 0
7239 14225 14224 0
7240 14051 14050 0
7241 12671 12651 0
7242 12651 12661 0
7243 12469 12661 0
7244 12466 12469 0
7245 10906 11183 0
7246 11183 11184 0
7247 11184 10907 0
7248 10906 10907 0
7249 14876 14974 0
7250 14870 14959 0
7251 2992 2902 0
7252 2985 2891 0
7253 2891 2902 0
7254 7959 8205 0
7255 8206 8205 0
7256 8206 7949 0
7257 7959 7949 0
7258 14691 14795 0
7259 14690 14712 0
7260 14791 14712 0
7261 15391 15470 0
7262 15470 15471 0
7263 15392 15471 0
7264 14804 14720 0
7265 14720 14687 0
7266 14786 14687 0
7267 10248 10155 0
7268 10003 10237 0
7269 10044 10127 0
7270 10155 10127 0
7271 6341 6615 0
7272 6615 6603 0
7273 6603 6335 0
7274 6341 6335 0
7275 14141 14244 0
7276 14244 14188 0
7277 14188 14072 0
7278 14141 14072 0
7279 14925 14932 0
7280 5731 5766 0
7281 5766 5783 0
7282 5824 5783 0
7283 5691 5619 0
7284 5731 5619 0
7285 14296 14297 0
7286 14135 14297 0
7287 14134 14135 0
7288 14678 14766 0
7289 14766 14757 0
7290 14757 14670 0
7291 14678 14670 0
7292 8210 8203 0
7293 8203 8160 0
7294 8044 8160 0
7295 9933 9847 0
7296 9847 9580 0
7297 9580 9600 0
7298 9600 9629 0
7299 9829 9629 0
7300 14480 14582 0
7301 14582 14583 0
7302 14583 14481 0
7303 14480 14481 0
7304 6980 7247 0
7305 7248 7247 0
7306 7248 6981 0
7307 6980 6981 0
7308 8234 8355 0
7309 8355 8251 0
7310 8251 8229 0
7311 8229 8132 0
7312 8234 8132 0
7313 2630 2644 0
7314 2630 2444 0
7315 2444 2433 0
7316 2433 2369 0
7317 2358 2369 0
7318 2677 2871 0
7319 2713 2871 0
7320 2579 2677 0
7321 15530 15534 0
7322 15530 15394 0
7323 15394 15393 0
7324 3445 3634 0
7325 3634 3635 0
7326 3460 3635 0
7327 12893 13064 0
7328 13064 13065 0
7329 13065 12885 0
7330 12893 12885 0
7331 10864 10699 0
7332 10699 10622 0
7333 10745 10622 0
7334 10410 10571 0
7335 10571 10603 0
7336 10604 10603 0
7337 10604 10404 0
7338 10410 10404 0
7339 14838 14942 0
7340 14942 14943 0
7341 14943 14839 0
7342 14838 14839 0
7343 8706 8750 0
7344 8941 8750 0
7345 8687 8686 0
7346 8706 8686 0
7347 5857 6066 0
7348 6066 6067 0
7349 6067 5858 0
7350 5857 5858 0
7351 8364 8557 0
7352 8557 8558 0
7353 8558 8359 0
7354 8364 8359 0
7355 11244 11292 0
7356 11292 11361 0
7357 11361 11255 0
7358 11255 11256 0
7359 11038 11256 0
7360 11038 11047 0
7361 11244 11047 0
7362 14658 14746 0
7363 14746 14747 0
7364 14659 14747 0
7365 13622 13807 0
7366 13807 13808 0
7367 13808 13623 0
7368 13622 13623 0
7369 14288 14289 0
7370 14127 14289 0
7371 14127 14125 0
7372 7761 7894 0
7373 7894 7987 0
7374 7987 7946 0
7375 7946 7755 0
7376 7761 7755 0
7377 5803 5875 0
7378 5732 5567 0
7379 5567 5621 0
7380 5634 5621 0
7381 8162 8173 0
7382 7892 7891 0
7383 6989 7233 0
7384 7233 7234 0
7385 7234 7147 0
7386 6938 7147 0
7387 14123 14230 0
7388 14230 14231 0
7389 14124 14231 0
7390 14608 14657 0
7391 14614 14657 0
7392 14511 14608 0
7393 14827 14746 0
7394 14828 14747 0
7395 6337 6595 0
7396 6595 6596 0
7397 6596 6325 0
7398 6337 6325 0
7399 7654 7932 0
7400 7933 7932 0
7401 7642 7654 0
7402 14678 14582 0
7403 14670 14583 0
7404 4476 4471 0
7405 4471 4181 0
7406 4192 4181 0
7407 15372 15489 0
7408 15490 15489 0
7409 15490 15398 0
7410 15398 15380 0
7411 15372 15380 0
7412 15064 14930 0
7413 14931 14930 0
7414 11442 11632 0
7415 11633 11632 0
7416 11505 11391 0
7417 11391 11425 0
7418 11442 11425 0
7419 3775 3944 0
7420 3944 3936 0
7421 3936 3768 0
7422 3775 3768 0
7423 7093 7155 0
7424 7155 6927 0
7425 6927 6835 0
7426 6835 6872 0
7427 6872 7027 0
7428 7093 7027 0
7429 13611 13799 0
7430 13799 13800 0
7431 13800 13600 0
7432 13611 13600 0
7433 5796 6001 0
7434 6001 5994 0
7435 5994 5855 0
7436 5796 5855 0
7437 11921 12176 0
7438 12176 12177 0
7439 12177 11922 0
7440 11921 11922 0
7441 1996 2025 0
7442 2147 2025 0
7443 2249 1986 0
7444 1986 1996 0
7445 8896 9158 0
7446 9158 9145 0
7447 9145 8897 0
7448 8896 8897 0
7449 1259 1451 0
7450 1451 1453 0
7451 1453 1252 0
7452 1259 1252 0
7453 8028 8108 0
7454 8063 8108 0
7455 7962 7825 0
7456 8028 7825 0
7457 8946 9098 0
7458 9098 9099 0
7459 9099 8939 0
7460 8946 8939 0
7461 2956 3046 0
7462 3046 3047 0
7463 3047 2947 0
7464 2947 2829 0
7465 2956 2829 0
7466 8177 8182 0
7467 7925 7924 0
7468 15062 15166 0
7469 15158 15166 0
7470 15063 15062 0
7471 12414 12636 0
7472 12636 12631 0
7473 12631 12415 0
7474 12414 12415 0
7475 10123 10329 0
7476 10329 10330 0
7477 10330 10114 0
7478 10123 10114 0
7479 13676 13873 0
7480 13873 13874 0
7481 13874 13664 0
7482 13676 13664 0
7483 14523 14626 0
7484 14431 14526 0
7485 2203 2405 0
7486 2405 2423 0
7487 2423 2186 0
7488 2203 2186 0
7489 2907 2742 0
7490 2903 2907 0
7491 2642 2742 0
7492 14038 14151 0
7493 14151 14096 0
7494 14096 13956 0
7495 14038 13956 0
7496 9063 9064 0
7497 9064 8794 0
7498 8794 8725 0
7499 8724 8725 0
7500 6326 6597 0
7501 6597 6588 0
7502 6588 6318 0
7503 6326 6318 0
7504 13476 13505 0
7505 13505 13456 0
7506 13456 13270 0
7507 13270 13352 0
7508 13352 13439 0
7509 13476 13439 0
7510 13636 13639 0
7511 13411 13410 0
7512 13410 13364 0
7513 13636 13364 0
7514 15515 15508 0
7515 15508 15379 0
7516 15378 15379 0
7517 12275 12546 0
7518 12525 12546 0
7519 12254 12275 0
7520 14780 14856 0
7521 14856 14857 0
7522 14857 14771 0
7523 14780 14771 0
7524 7267 7002 0
7525 7267 7255 0
7526 7255 6993 0
7527 7002 6993 0
7528 11115 11262 0
7529 11262 11249 0
7530 11249 11107 0
7531 11115 11107 0
7532 14811 14886 0
7533 14886 14887 0
7534 14887 14807 0
7535 14811 14807 0
7536 9693 9931 0
7537 9931 9920 0
7538 9920 9677 0
7539 9693 9677 0
7540 15139 15061 0
7541 15139 15115 0
7542 15115 15044 0
7543 15061 15044 0
7544 4236 4065 0
7545 4236 4237 0
7546 4237 4050 0
7547 4065 4050 0
7548 5790 5588 0
7549 5791 5589 0
7550 5588 5589 0
7551 12539 12748 0
7552 12748 12739 0
7553 12532 12739 0
7554 13890 13975 0
7555 13975 13976 0
7556 13976 13804 0
7557 13804 13881 0
7558 13881 13861 0
7559 13890 13861 0
7560 9005 8938 0
7561 8731 8938 0
7562 8980 8850 0
7563 7820 7812 0
7564 7812 7580 0
7565 7579 7580 0
7566 8129 8116 0
7567 8116 7842 0
7568 7841 7842 0
7569 15513 15592 0
7570 15592 15593 0
7571 15514 15593 0
7572 8417 8627 0
7573 8627 8563 0
7574 8563 8390 0
7575 8390 8374 0
7576 8417 8374 0
7577 4217 4181 0
7578 4181 3879 0
7579 3889 3879 0
7580 14749 14668 0
7581 14750 14669 0
7582 8807 8968 0
7583 8968 8969 0
7584 8969 8808 0
7585 8807 8808 0
7586 11483 11615 0
7587 11524 11615 0
7588 11350 11483 0
7589 2486 2654 0
7590 2654 2581 0
7591 2581 2378 0
7592 2486 2378 0
7593 9302 9438 0
7594 9438 9431 0
7595 9294 9431 0
7596 10549 10548 0
7597 10267 10266 0
7598 8163 8154 0
7599 7880 7881 0
7600 2643 2884 0
7601 2884 2914 0
7602 2914 2908 0
7603 2908 2645 0
7604 2643 2645 0
7605 13646 13864 0
7606 13864 13865 0
7607 13865 13648 0
7608 13646 13648 0
7609 11813 12074 0
7610 12074 12061 0
7611 12061 11800 0
7612 11813 11800 0
7613 15468 15561 0
7614 15561 15562 0
7615 15469 15562 0
7616 8978 9088 0
7617 9088 9075 0
7618 9075 8972 0
7619 8978 8972 0
7620 8929 9042 0
7621 9042 8995 0
7622 8995 8930 0
7623 8930 8859 0
7624 8784 8859 0
7625 8784 8929 0
7626 6195 6404 0
7627 6415 6404 0
7628 6197 6195 0
7629 13916 13917 0
7630 13717 13917 0
7631 13717 13724 0
7632 13619 13421 0
7633 13619 13608 0
7634 13608 13545 0
7635 13475 13545 0
7636 1367 1393 0
7637 1393 1390 0
7638 1390 1245 0
7639 1247 1245 0
7640 7843 8117 0
7641 8117 8118 0
7642 8118 7844 0
7643 7843 7844 0
7644 15563 15470 0
7645 15564 15471 0
7646 13967 13958 0
7647 12044 12288 0
7648 12288 12301 0
7649 12301 12271 0
7650 12045 12271 0
7651 12572 12757 0
7652 12715 12757 0
7653 12525 12572 0
7654 14594 14484 0
7655 14579 14478 0
7656 14484 14478 0
7657 14840 14944 0
7658 14944 14945 0
7659 14945 14835 0
7660 14840 14835 0
7661 11589 11735 0
7662 11615 11735 0
7663 11483 11589 0
7664 14215 14110 0
7665 14210 14111 0
7666 14110 14111 0
7667 14467 14334 0
7668 15116 15050 0
7669 15076 15027 0
7670 14991 14990 0
7671 15494 15577 0
7672 15578 15577 0
7673 15578 15487 0
7674 15494 15487 0
7675 12095 12264 0
7676 11913 11981 0
7677 3716 3955 0
7678 3955 3922 0
7679 3922 3872 0
7680 3872 3651 0
7681 3716 3651 0
7682 13135 13347 0
7683 13347 13348 0
7684 13348 13127 0
7685 13135 13127 0
7686 11685 11592 0
7687 11675 11583 0
7688 11592 11583 0
7689 14867 14999 0
7690 14868 15000 0
7691 15153 15160 0
7692 9152 9076 0
7693 9076 9057 0
7694 9057 8893 0
7695 8893 8927 0
7696 9112 8927 0
7697 11592 11458 0
7698 11583 11435 0
7699 11458 11435 0
7700 11504 11598 0
7701 11598 11599 0
7702 11599 11424 0
7703 11424 11455 0
7704 11455 11454 0
7705 11454 11470 0
7706 11504 11470 0
7707 4715 4951 0
7708 4951 4941 0
7709 4941 4716 0
7710 4715 4716 0
7711 6630 6788 0
7712 6788 6884 0
7713 6884 6717 0
7714 6631 6717 0
7715 8818 9004 0
7716 8980 9004 0
7717 8718 8818 0
7718 9170 9182 0
7719 9182 9207 0
7720 9207 9243 0
7721 9243 9235 0
7722 9042 9235 0
7723 9042 8953 0
7724 9170 8953 0
7725 3777 3995 0
7726 3955 3995 0
7727 3777 3716 0
7728 4239 4224 0
7729 3843 3837 0
7730 13658 13482 0
7731 13652 13338 0
7732 13338 13387 0
7733 13387 13451 0
7734 13482 13451 0
7735 6614 6875 0
7736 6875 6864 0
7737 6615 6864 0
7738 6615 6614 0
7739 1672 1866 0
7740 1854 1866 0
7741 1854 1692 0
7742 1672 1692 0
7743 15111 15187 0
7744 15187 15177 0
7745 15177 15152 0
7746 15112 15152 0
7747 13621 13821 0
7748 13821 13846 0
7749 13846 13847 0
7750 13847 13609 0
7751 13621 13609 0
7752 8112 8345 0
7753 8345 8340 0
7754 8340 8106 0
7755 8112 8106 0
7756 12147 12135 0
7757 12135 11945 0
7758 11945 11870 0
7759 11869 11870 0
7760 15066 15148 0
7761 15148 15165 0
7762 15166 15165 0
7763 15062 15066 0
7764 3957 4216 0
7765 4216 4246 0
7766 4246 3958 0
7767 3957 3958 0
7768 9884 10142 0
7769 10142 10143 0
7770 10143 9874 0
7771 9884 9874 0
7772 15508 15510 0
7773 15510 15368 0
7774 15379 15368 0
7775 12416 12622 0
7776 12622 12553 0
7777 12553 12482 0
7778 12482 12452 0
7779 12374 12452 0
7780 12416 12374 0
7781 14772 14833 0
7782 14833 14841 0
7783 14846 14841 0
7784 14586 14559 0
7785 14586 14587 0
7786 14587 14450 0
7787 14450 14439 0
7788 14439 14422 0
7789 14559 14422 0
7790 12576 12471 0
7791 12472 12336 0
7792 14106 14014 0
7793 14107 13982 0
7794 13982 13981 0
7795 14014 13981 0
7796 7010 7274 0
7797 7274 7275 0
7798 7275 7011 0
7799 7010 7011 0
7800 7026 7252 0
7801 7252 7269 0
7802 7269 7270 0
7803 7270 7016 0
7804 7026 7016 0
7805 3107 3427 0
7806 3427 3411 0
7807 3411 3099 0
7808 3107 3099 0
7809 13999 14110 0
7810 14111 14013 0
7811 14013 13991 0
7812 13999 13991 0
7813 8927 8801 0
7814 8927 8821 0
7815 8821 8682 0
7816 8801 8682 0
7817 7806 8118 0
7818 8118 8119 0
7819 8119 7845 0
7820 7845 7836 0
7821 7800 7836 0
7822 14084 14189 0
7823 14189 14122 0
7824 14122 14073 0
7825 14084 14073 0
7826 12720 12977 0
7827 12951 12977 0
7828 12690 12696 0
7829 12720 12696 0
7830 9343 9415 0
7831 9415 9362 0
7832 9362 9349 0
7833 9349 9183 0
7834 9183 9215 0
7835 9343 9215 0
7836 12242 12421 0
7837 12421 12419 0
7838 12419 12243 0
7839 12242 12243 0
7840 14953 14856 0
7841 14951 14857 0
7842 7813 7812 0
7843 7572 7580 0
7844 14345 14480 0
7845 14338 14481 0
7846 902 843 0
7847 843 692 0
7848 765 692 0
7849 15039 14944 0
7850 15035 14945 0
7851 9361 9414 0
7852 9414 9324 0
7853 9190 9324 0
7854 9190 9297 0
7855 9361 9297 0
7856 14831 14928 0
7857 14928 14929 0
7858 14832 14929 0
7859 15154 15155 0
7860 15057 15058 0
7861 15031 14928 0
7862 15028 14929 0
7863 15063 14938 0
7864 14930 14938 0
7865 11099 11437 0
7866 11475 11437 0
7867 11475 11100 0
7868 11099 11100 0
7869 8408 8355 0
7870 8355 8159 0
7871 8185 8159 0
7872 6698 6689 0
7873 6689 6550 0
7874 6550 6544 0
7875 6544 6563 0
7876 6698 6563 0
7877 9770 10002 0
7878 10002 10016 0
7879 10016 9994 0
7880 9988 9994 0
7881 9770 9760 0
7882 13598 13836 0
7883 13836 13822 0
7884 13599 13822 0
7885 13620 13844 0
7886 13844 13845 0
7887 13845 13820 0
7888 13608 13820 0
7889 13608 13620 0
7890 8214 8205 0
7891 7958 7959 0
7892 6937 7018 0
7893 7018 6926 0
7894 6926 6847 0
7895 6847 6740 0
7896 6937 6740 0
7897 15537 15533 0
7898 15401 15402 0
7899 14910 14909 0
7900 14699 14796 0
7901 14700 14797 0
7902 8893 9052 0
7903 9052 9033 0
7904 9033 9018 0
7905 9018 8994 0
7906 8994 8973 0
7907 8821 8973 0
7908 8893 8821 0
7909 3634 3775 0
7910 3635 3768 0
7911 14350 14484 0
7912 14342 14478 0
7913 15062 14937 0
7914 14938 14937 0
7915 5178 5374 0
7916 5374 5364 0
7917 5364 5168 0
7918 5178 5168 0
7919 1824 1952 0
7920 1867 1740 0
7921 1824 1740 0
7922 8152 8204 0
7923 8204 8190 0
7924 8190 8045 0
7925 8152 8045 0
7926 7018 7253 0
7927 7253 7241 0
7928 7241 7171 0
7929 6926 7171 0
7930 11760 11822 0
7931 11822 11930 0
7932 11963 11930 0
7933 11832 11673 0
7934 11760 11673 0
7935 4984 4834 0
7936 4834 4816 0
7937 4755 4816 0
7938 9088 9266 0
7939 9266 9252 0
7940 9075 9252 0
7941 15049 14962 0
7942 14973 14962 0
7943 4753 4654 0
7944 4654 4605 0
7945 4605 4565 0
7946 4565 4474 0
7947 4555 4474 0
7948 8180 8181 0
7949 7934 7935 0
7950 13234 13253 0
7951 13253 13285 0
7952 13261 13285 0
7953 13188 13261 0
7954 13188 13087 0
7955 13087 13234 0
7956 13120 13243 0
7957 13243 13235 0
7958 13049 13235 0
7959 13048 13120 0
7960 5993 6172 0
7961 6172 6160 0
7962 5989 6160 0
7963 15507 15632 0
7964 15632 15627 0
7965 15627 15509 0
7966 15507 15509 0
7967 6614 6340 0
7968 6341 6340 0
7969 13682 13868 0
7970 13868 13869 0
7971 13869 13675 0
7972 13682 13675 0
7973 14972 14886 0
7974 14973 14887 0
7975 2028 1974 0
7976 1974 1804 0
7977 1804 1699 0
7978 1787 1699 0
7979 14557 14448 0
7980 14558 14449 0
7981 14448 14449 0
7982 13992 14112 0
7983 14113 14024 0
7984 14024 14001 0
7985 13992 14001 0
7986 14488 14359 0
7987 14489 14360 0
7988 14359 14360 0
7989 14684 14780 0
7990 14685 14771 0
7991 3674 3863 0
7992 3863 3696 0
7993 3696 3551 0
7994 3674 3551 0
7995 7277 7103 0
7996 7277 7278 0
7997 7278 7257 0
7998 7257 7098 0
7999 7103 7098 0
8000 14230 14359 0
8001 14231 14360 0
8002 11069 11300 0
8003 11300 11291 0
8004 11291 11265 0
8005 11252 11265 0
8006 11070 11069 0
8007 6613 6874 0
8008 6875 6874 0
8009 6614 6613 0
8010 9123 8968 0
8011 9124 8969 0
8012 11631 11884 0
8013 11884 11885 0
8014 11900 11885 0
8015 11900 11642 0
8016 11631 11642 0
8017 14287 14297 0
8018 9195 9358 0
8019 9358 9351 0
8020 9351 9196 0
8021 9195 9196 0
8022 14438 14564 0
8023 14559 14564 0
8024 14559 14412 0
8025 14412 14426 0
8026 14438 14426 0
8027 15066 14961 0
8028 14937 14936 0
8029 14961 14936 0
8030 14126 14125 0
8031 13961 13960 0
8032 15206 15255 0
8033 15255 15256 0
8034 15256 15171 0
8035 15206 15171 0
8036 15371 15501 0
8037 15489 15501 0
8038 15372 15371 0
8039 5243 5084 0
8040 5127 5011 0
8041 12827 12966 0
8042 12966 12952 0
8043 12952 12814 0
8044 12814 12845 0
8045 12845 12851 0
8046 12827 12851 0
8047 3944 4065 0
8048 3936 4050 0
8049 14343 14479 0
8050 14344 14466 0
8051 13649 13816 0
8052 13816 13805 0
8053 13805 13650 0
8054 13649 13650 0
8055 13602 13791 0
8056 13791 13792 0
8057 13792 13603 0
8058 13602 13603 0
8059 7907 7923 0
8060 7634 7633 0
8061 15355 15435 0
8062 15435 15436 0
8063 15436 15356 0
8064 15355 15356 0
8065 14679 14584 0
8066 10025 9768 0
8067 9767 9768 0
8068 1492 1606 0
8069 1607 1606 0
8070 1478 1492 0
8071 9381 9372 0
8072 9335 9372 0
8073 9335 9252 0
8074 9266 9381 0
8075 14098 14199 0
8076 14099 14193 0
8077 1701 1840 0
8078 1839 1702 0
8079 1701 1702 0
8080 11458 11277 0
8081 11435 11268 0
8082 11277 11268 0
8083 15500 15620 0
8084 15621 15620 0
8085 15502 15500 0
8086 6613 6354 0
8087 6340 6354 0
8088 12889 13072 0
8089 13072 13073 0
8090 13073 12890 0
8091 12889 12890 0
8092 6597 6854 0
8093 6854 6855 0
8094 6588 6855 0
8095 10305 10541 0
8096 10515 10541 0
8097 10305 10293 0
8098 10329 10538 0
8099 10538 10527 0
8100 10330 10527 0
8101 12578 12432 0
8102 12572 12426 0
8103 12432 12426 0
8104 2159 2313 0
8105 2313 2232 0
8106 2026 2232 0
8107 14764 14838 0
8108 14765 14839 0
8109 9372 9597 0
8110 9597 9598 0
8111 9598 9336 0
8112 9335 9336 0
8113 2895 2915 0
8114 2666 2915 0
8115 2666 2651 0
8116 2651 2634 0
8117 2895 2634 0
8118 8198 8104 0
8119 8198 8159 0
8120 8159 8083 0
8121 8083 8071 0
8122 8071 8042 0
8123 8104 8042 0
8124 1443 1453 0
8125 1253 1252 0
8126 15496 15628 0
8127 15628 15629 0
8128 15629 15498 0
8129 15496 15498 0
8130 8116 8117 0
8131 7842 7843 0
8132 4245 4261 0
8133 4261 3853 0
8134 3838 3853 0
8135 3838 4245 0
8136 3696 3462 0
8137 3462 3340 0
8138 3551 3340 0
8139 3770 3761 0
8140 3397 3385 0
8141 3281 3506 0
8142 3506 3528 0
8143 3528 3332 0
8144 3332 3297 0
8145 3281 3297 0
8146 14680 14709 0
8147 14657 14709 0
8148 14680 14608 0
8149 4355 4580 0
8150 4581 4580 0
8151 4322 4355 0
8152 11720 11842 0
8153 11842 11837 0
8154 11837 11712 0
8155 11720 11712 0
8156 2871 2947 0
8157 2677 2829 0
8158 15182 15125 0
8159 6840 6883 0
8160 6883 6650 0
8161 6650 6608 0
8162 6840 6608 0
8163 11847 12058 0
8164 12058 12059 0
8165 12059 11843 0
8166 11847 11843 0
8167 14326 14448 0
8168 14327 14449 0
8169 11924 11965 0
8170 11965 11737 0
8171 11695 11737 0
8172 11695 11924 0
8173 3393 3599 0
8174 3599 3479 0
8175 3479 3277 0
8176 3393 3277 0
8177 3340 3479 0
8178 3340 3181 0
8179 3277 3181 0
8180 13638 13854 0
8181 13854 13855 0
8182 13855 13617 0
8183 13638 13617 0
8184 11742 11944 0
8185 11944 11933 0
8186 11933 11733 0
8187 11742 11733 0
8188 5004 5187 0
8189 5187 5188 0
8190 5188 5005 0
8191 5004 5005 0
8192 5029 5207 0
8193 5207 5195 0
8194 5195 5019 0
8195 5029 5019 0
8196 5049 5222 0
8197 5222 5214 0
8198 5214 5037 0
8199 5049 5037 0
8200 5047 5220 0
8201 5220 5221 0
8202 5221 5048 0
8203 5047 5048 0
8204 5021 5197 0
8205 5187 5197 0
8206 5004 5021 0
8207 5195 5196 0
8208 5196 5020 0
8209 5019 5020 0
8210 8844 9069 0
8211 9069 9060 0
8212 8836 9060 0
8213 14766 14840 0
8214 14757 14835 0
8215 15037 14942 0
8216 15038 14943 0
8217 8978 8842 0
8218 8972 8927 0
8219 8927 8834 0
8220 8842 8834 0
8221 7761 7675 0
8222 7755 7705 0
8223 7705 7597 0
8224 7675 7597 0
8225 15620 15629 0
8226 15500 15498 0
8227 7259 7253 0
8228 6925 7018 0
8229 3675 3724 0
8230 3724 3369 0
8231 3369 3367 0
8232 3675 3367 0
8233 13865 13866 0
8234 13866 13635 0
8235 13648 13635 0
8236 10730 11023 0
8237 11023 11011 0
8238 11011 10731 0
8239 10730 10731 0
8240 6595 6859 0
8241 6859 6860 0
8242 6596 6860 0
8243 2494 2704 0
8244 2707 2704 0
8245 2495 2494 0
8246 11933 12157 0
8247 12157 12158 0
8248 12158 11934 0
8249 11933 11934 0
8250 7243 7244 0
8251 7244 6987 0
8252 6907 6987 0
8253 1832 1697 0
8254 1824 1661 0
8255 1661 1673 0
8256 1697 1673 0
8257 12891 13090 0
8258 13090 13038 0
8259 12920 13038 0
8260 4890 5110 0
8261 5110 5111 0
8262 5111 4892 0
8263 4890 4892 0
8264 13250 13090 0
8265 13250 13218 0
8266 13218 13165 0
8267 13165 13047 0
8268 13090 13047 0
8269 7274 7492 0
8270 7492 7483 0
8271 7275 7483 0
8272 7220 7446 0
8273 7447 7446 0
8274 7221 7220 0
8275 7055 7298 0
8276 7299 7298 0
8277 7047 7055 0
8278 14145 14246 0
8279 14246 14247 0
8280 14247 14146 0
8281 14145 14146 0
8282 9283 9373 0
8283 9374 9198 0
8284 9283 9198 0
8285 6846 6698 0
8286 6846 6839 0
8287 6689 6839 0
8288 8473 8680 0
8289 8680 8681 0
8290 8681 8474 0
8291 8473 8474 0
8292 5344 5435 0
8293 5435 5359 0
8294 5359 5306 0
8295 5306 5228 0
8296 5344 5228 0
8297 6884 6987 0
8298 6988 6987 0
8299 6760 6727 0
8300 6884 6727 0
8301 11097 11365 0
8302 11365 11396 0
8303 11396 11098 0
8304 11097 11098 0
8305 4981 5167 0
8306 5167 5158 0
8307 5158 4982 0
8308 4981 4982 0
8309 5344 5250 0
8310 5228 5089 0
8311 5250 5089 0
8312 13537 13677 0
8313 13677 13665 0
8314 13665 13567 0
8315 13567 13511 0
8316 13537 13511 0
8317 7491 7492 0
8318 7281 7274 0
8319 7233 7244 0
8320 6989 6987 0
8321 12432 12298 0
8322 12426 12280 0
8323 12280 12279 0
8324 12298 12279 0
8325 2622 2905 0
8326 2905 2892 0
8327 2623 2892 0
8328 2623 2622 0
8329 12572 12546 0
8330 12275 12280 0
8331 6854 6860 0
8332 6596 6597 0
8333 15484 15488 0
8334 15376 15377 0
8335 13266 13445 0
8336 13445 13446 0
8337 13446 13267 0
8338 13266 13267 0
8339 7280 7022 0
8340 7281 7023 0
8341 7022 7023 0
8342 11424 11641 0
8343 11631 11641 0
8344 11631 11411 0
8345 11424 11411 0
8346 6239 6374 0
8347 6374 6364 0
8348 6364 6240 0
8349 6239 6240 0
8350 5209 5198 0
8351 5198 5095 0
8352 5095 5051 0
8353 5209 5051 0
8354 6353 6621 0
8355 6613 6621 0
8356 6354 6353 0
8357 2631 2909 0
8358 2909 2904 0
8359 2904 2632 0
8360 2631 2632 0
8361 3675 3660 0
8362 3367 3383 0
8363 3660 3383 0
8364 9167 9168 0
8365 9168 8907 0
8366 8923 8907 0
8367 14708 14741 0
8368 14687 14741 0
8369 14687 14645 0
8370 14708 14645 0
8371 10913 11113 0
8372 11113 11114 0
8373 11114 10903 0
8374 10913 10903 0
8375 1258 1461 0
8376 1451 1461 0
8377 1259 1258 0
8378 6194 6380 0
8379 6380 6402 0
8380 6402 6403 0
8381 6195 6403 0
8382 6194 6195 0
8383 12902 12921 0
8384 12902 12751 0
8385 12751 12800 0
8386 12800 12863 0
8387 12921 12863 0
8388 1309 1456 0
8389 1456 1376 0
8390 1376 1238 0
8391 1309 1238 0
8392 13401 13645 0
8393 13647 13645 0
8394 13395 13401 0
8395 11977 12272 0
8396 12272 12165 0
8397 12165 11970 0
8398 11977 11970 0
8399 9436 9490 0
8400 9490 9513 0
8401 9513 9514 0
8402 9514 9424 0
8403 9361 9424 0
8404 9361 9436 0
8405 13855 13843 0
8406 13843 13618 0
8407 13617 13618 0
8408 13112 13336 0
8409 13336 13326 0
8410 13326 13113 0
8411 13112 13113 0
8412 15355 15308 0
8413 15296 15356 0
8414 15296 15295 0
8415 15308 15295 0
8416 1695 1881 0
8417 1881 1868 0
8418 1868 1686 0
8419 1695 1686 0
8420 14973 14879 0
8421 14875 14962 0
8422 3335 3090 0
8423 3335 3324 0
8424 3324 3085 0
8425 3090 3085 0
8426 12812 12622 0
8427 12601 12585 0
8428 12585 12566 0
8429 12622 12566 0
8430 6262 6509 0
8431 6509 6496 0
8432 6496 6263 0
8433 6262 6263 0
8434 8876 9062 0
8435 9004 9062 0
8436 8818 8876 0
8437 11524 11646 0
8438 11646 11571 0
8439 11571 11427 0
8440 11427 11426 0
8441 11392 11426 0
8442 14563 14564 0
8443 14438 14432 0
8444 14432 14393 0
8445 14384 14393 0
8446 6896 7148 0
8447 7149 7148 0
8448 6897 6896 0
8449 11759 11621 0
8450 11621 11511 0
8451 11606 11511 0
8452 8807 8663 0
8453 8808 8664 0
8454 8663 8664 0
8455 6937 6883 0
8456 6740 6650 0
8457 15370 15499 0
8458 15501 15499 0
8459 15371 15370 0
8460 11598 11734 0
8461 11734 11724 0
8462 11599 11724 0
8463 14172 14133 0
8464 14172 14058 0
8465 14058 14057 0
8466 14133 14057 0
8467 11934 11723 0
8468 11733 11723 0
8469 10538 10730 0
8470 10527 10731 0
8471 2492 2230 0
8472 2230 2307 0
8473 2370 2307 0
8474 13866 13853 0
8475 13853 13637 0
8476 13635 13637 0
8477 7483 7484 0
8478 7484 7265 0
8479 7275 7265 0
8480 8801 8665 0
8481 8563 8682 0
8482 8563 8665 0
8483 8234 8159 0
8484 8132 8067 0
8485 8067 8066 0
8486 8066 8084 0
8487 8084 8088 0
8488 8159 8088 0
8489 12460 12657 0
8490 12657 12646 0
8491 12646 12461 0
8492 12460 12461 0
8493 3585 3776 0
8494 3776 3737 0
8495 3737 3480 0
8496 3585 3480 0
8497 5691 5604 0
8498 5691 5620 0
8499 5474 5604 0
8500 10928 11073 0
8501 11073 10953 0
8502 10953 10841 0
8503 10928 10841 0
8504 6906 7159 0
8505 7148 7159 0
8506 6896 6906 0
8507 15584 15636 0
8508 15636 15637 0
8509 15637 15585 0
8510 15584 15585 0
8511 6873 6621 0
8512 6873 6874 0
8513 5542 5707 0
8514 5707 5697 0
8515 5697 5529 0
8516 5542 5529 0
8517 10933 10808 0
8518 10808 10770 0
8519 10704 10770 0
8520 10798 10704 0
8521 9534 9526 0
8522 9526 9338 0
8523 9338 9321 0
8524 9321 9315 0
8525 9323 9315 0
8526 11243 11267 0
8527 11267 11230 0
8528 11047 11230 0
8529 11046 11047 0
8530 11046 11243 0
8531 8663 8505 0
8532 8664 8496 0
8533 8505 8496 0
8534 9501 9562 0
8535 9562 9589 0
8536 9589 9502 0
8537 9501 9502 0
8538 9614 9633 0
8539 9631 9661 0
8540 9661 9662 0
8541 9662 9632 0
8542 9631 9632 0
8543 9662 9694 0
8544 9694 9695 0
8545 9695 9649 0
8546 9662 9649 0
8547 9809 9817 0
8548 9823 9867 0
8549 9867 9831 0
8550 9823 9831 0
8551 9520 9696 0
8552 9696 9803 0
8553 9803 9697 0
8554 9697 9698 0
8555 9698 9663 0
8556 9663 9741 0
8557 9741 9835 0
8558 9835 9849 0
8559 9849 9905 0
8560 9905 9912 0
8561 9912 9808 0
8562 9808 9622 0
8563 9622 9544 0
8564 9544 9543 0
8565 9543 9573 0
8566 9573 9572 0
8567 9572 9500 0
8568 9501 9500 0
8569 9501 9484 0
8570 9484 9521 0
8571 9520 9521 0
8572 9912 9938 0
8573 9938 9939 0
8574 9939 9895 0
8575 9912 9895 0
8576 12952 12807 0
8577 12692 12952 0
8578 12753 12807 0
8579 8496 8700 0
8580 8700 8701 0
8581 8701 8497 0
8582 8496 8497 0
8583 15353 15433 0
8584 15433 15434 0
8585 15434 15354 0
8586 15353 15354 0
8587 5567 5498 0
8588 5651 5456 0
8589 5456 5448 0
8590 5498 5448 0
8591 11632 11631 0
8592 11442 11456 0
8593 11411 11456 0
8594 15353 15285 0
8595 15354 15307 0
8596 15307 15294 0
8597 15285 15294 0
8598 15369 15497 0
8599 15499 15497 0
8600 15370 15369 0
8601 9514 9515 0
8602 9515 9496 0
8603 9415 9496 0
8604 9415 9354 0
8605 9424 9354 0
8606 8384 8467 0
8607 8467 8458 0
8608 8458 8261 0
8609 8261 8260 0
8610 8384 8260 0
8611 13854 13853 0
8612 13638 13637 0
8613 13477 13693 0
8614 13693 13684 0
8615 13684 13478 0
8616 13477 13478 0
8617 13112 12928 0
8618 13113 12929 0
8619 12928 12929 0
8620 2619 2894 0
8621 2885 2894 0
8622 2620 2619 0
8623 9637 9878 0
8624 9878 9857 0
8625 9857 9638 0
8626 9637 9638 0
8627 1823 1684 0
8628 1865 1866 0
8629 1672 1684 0
8630 13739 13581 0
8631 13740 13582 0
8632 13581 13582 0
8633 9164 9165 0
8634 8953 9165 0
8635 8929 8953 0
8636 8914 8929 0
8637 13426 13591 0
8638 13603 13591 0
8639 13414 13603 0
8640 9141 9053 0
8641 8938 9053 0
8642 8839 9044 0
8643 9044 9039 0
8644 9039 8840 0
8645 8839 8840 0
8646 8442 8641 0
8647 8641 8632 0
8648 8632 8443 0
8649 8442 8443 0
8650 11517 11575 0
8651 11575 11272 0
8652 11270 11272 0
8653 10142 10351 0
8654 10351 10352 0
8655 10143 10352 0
8656 8335 8520 0
8657 8520 8521 0
8658 8521 8336 0
8659 8335 8336 0
8660 13512 13583 0
8661 13649 13583 0
8662 13456 13650 0
8663 13456 13512 0
8664 12965 12966 0
8665 12966 12818 0
8666 12818 12758 0
8667 12721 12758 0
8668 13738 13918 0
8669 13918 13919 0
8670 13919 13730 0
8671 13738 13730 0
8672 15574 15575 0
8673 15575 15492 0
8674 15492 15491 0
8675 15574 15491 0
8676 2905 2904 0
8677 2622 2632 0
8678 13072 13283 0
8679 13283 13284 0
8680 13073 13284 0
8681 12839 12979 0
8682 12979 12980 0
8683 12980 12840 0
8684 12839 12840 0
8685 7265 7001 0
8686 7011 7001 0
8687 13266 13114 0
8688 13267 13115 0
8689 13114 13115 0
8690 11868 11734 0
8691 11868 11870 0
8692 11870 11724 0
8693 7980 7781 0
8694 7980 7981 0
8695 7981 7952 0
8696 7952 7963 0
8697 7963 7736 0
8698 7736 7735 0
8699 7735 7782 0
8700 7781 7782 0
8701 9449 9440 0
8702 9440 9282 0
8703 9282 9255 0
8704 9255 9234 0
8705 9234 9254 0
8706 9254 9253 0
8707 9449 9253 0
8708 4292 4503 0
8709 4503 4504 0
8710 4504 4284 0
8711 4292 4284 0
8712 7256 6994 0
8713 7256 7247 0
8714 6980 6994 0
8715 6603 6865 0
8716 6865 6866 0
8717 6866 6604 0
8718 6603 6604 0
8719 6657 6819 0
8720 6819 6820 0
8721 6820 6649 0
8722 6657 6649 0
8723 13805 13806 0
8724 13806 13651 0
8725 13650 13651 0
8726 8954 9166 0
8727 9062 9166 0
8728 8876 8954 0
8729 6859 6866 0
8730 6595 6604 0
8731 6325 6326 0
8732 13800 13801 0
8733 13801 13601 0
8734 13600 13601 0
8735 10836 10835 0
8736 10547 10546 0
8737 3429 3697 0
8738 3651 3697 0
8739 3651 3410 0
8740 3410 3380 0
8741 3429 3380 0
8742 6374 6518 0
8743 6518 6512 0
8744 6364 6512 0
8745 9183 9344 0
8746 9330 9344 0
8747 9045 9183 0
8748 12979 13114 0
8749 12980 13115 0
8750 6001 6128 0
8751 6128 6129 0
8752 5994 6129 0
8753 11847 11629 0
8754 11843 11630 0
8755 11629 11630 0
8756 15510 15497 0
8757 15368 15369 0
8758 11824 12088 0
8759 12074 12088 0
8760 11824 11813 0
8761 10897 11185 0
8762 11173 11185 0
8763 10898 10897 0
8764 14807 14741 0
8765 14811 14708 0
8766 15575 15576 0
8767 15576 15493 0
8768 15492 15493 0
8769 5542 5343 0
8770 5529 5335 0
8771 5343 5335 0
8772 1620 1621 0
8773 1621 1499 0
8774 1507 1499 0
8775 11374 11534 0
8776 11534 11401 0
8777 11401 11266 0
8778 11374 11266 0
8779 11143 11170 0
8780 11243 11170 0
8781 10988 11143 0
8782 7256 7255 0
8783 6993 6994 0
8784 13681 13879 0
8785 13868 13879 0
8786 13682 13681 0
8787 7271 7270 0
8788 7017 7016 0
8789 15445 15417 0
8790 15454 15365 0
8791 15365 15373 0
8792 15417 15373 0
8793 6864 6865 0
8794 6858 7004 0
8795 9877 10099 0
8796 10099 10100 0
8797 9878 10100 0
8798 9878 9877 0
8799 7755 7947 0
8800 7947 7895 0
8801 7895 7823 0
8802 7705 7823 0
8803 6690 6928 0
8804 6928 6929 0
8805 6929 6691 0
8806 6690 6691 0
8807 4831 4629 0
8808 4831 4832 0
8809 4832 4622 0
8810 4629 4622 0
8811 11827 11984 0
8812 11984 11985 0
8813 11985 11820 0
8814 11827 11820 0
8815 5707 5907 0
8816 5907 5902 0
8817 5697 5902 0
8818 13657 13814 0
8819 13814 13842 0
8820 13842 13863 0
8821 13863 13876 0
8822 13645 13876 0
8823 13645 13657 0
8824 3359 3676 0
8825 3676 3636 0
8826 3636 3628 0
8827 3628 3342 0
8828 3359 3342 0
8829 6604 6336 0
8830 6337 6336 0
8831 7010 7023 0
8832 12231 12433 0
8833 12433 12435 0
8834 12435 12232 0
8835 12231 12232 0
8836 14377 14636 0
8837 14636 14595 0
8838 14595 14470 0
8839 14470 14499 0
8840 14499 14355 0
8841 14377 14355 0
8842 12650 12433 0
8843 12650 12610 0
8844 12610 12603 0
8845 12603 12556 0
8846 12556 12434 0
8847 12433 12434 0
8848 7894 8104 0
8849 8042 7995 0
8850 7894 7995 0
8851 15633 15658 0
8852 15658 15659 0
8853 15659 15634 0
8854 15633 15634 0
8855 10680 10860 0
8856 10860 10861 0
8857 10861 10668 0
8858 10680 10668 0
8859 9034 9222 0
8860 9166 9222 0
8861 8954 8979 0
8862 9034 8979 0
8863 8680 8884 0
8864 8884 8874 0
8865 8681 8874 0
8866 6819 6975 0
8867 6975 6963 0
8868 6820 6963 0
8869 7267 7265 0
8870 7002 7001 0
8871 11870 11641 0
8872 11870 11929 0
8873 11929 11899 0
8874 11884 11899 0
8875 9455 9599 0
8876 9599 9579 0
8877 9579 9495 0
8878 9440 9495 0
8879 9440 9455 0
8880 13360 13503 0
8881 13503 13494 0
8882 13494 13408 0
8883 13408 13386 0
8884 13386 13369 0
8885 13360 13369 0
8886 13665 13827 0
8887 13827 13815 0
8888 13815 13574 0
8889 13665 13574 0
8890 15627 15628 0
8891 15509 15496 0
8892 11855 11735 0
8893 11855 11856 0
8894 11856 11772 0
8895 11772 11752 0
8896 11615 11752 0
8897 7456 7415 0
8898 7246 7194 0
8899 7194 7129 0
8900 7128 7129 0
8901 14869 14810 0
8902 14815 14753 0
8903 5168 5158 0
8904 5168 4971 0
8905 4982 4971 0
8906 15352 15432 0
8907 15433 15432 0
8908 15353 15352 0
8909 13445 13581 0
8910 13446 13582 0
8911 13536 13533 0
8912 13366 13465 0
8913 13465 13481 0
8914 13481 13510 0
8915 13533 13510 0
8916 2908 2909 0
8917 2645 2631 0
8918 2417 2597 0
8919 2597 2507 0
8920 2507 2301 0
8921 2417 2301 0
8922 7675 7467 0
8923 7597 7476 0
8924 7476 7459 0
8925 7467 7459 0
8926 5564 5666 0
8927 5666 5659 0
8928 5659 5552 0
8929 5564 5552 0
8930 10599 10757 0
8931 10757 10758 0
8932 10758 10595 0
8933 10599 10595 0
8934 4298 4268 0
8935 3974 3900 0
8936 4268 3900 0
8937 13677 13826 0
8938 13827 13826 0
8939 8820 8987 0
8940 8987 8989 0
8941 8989 8816 0
8942 8820 8816 0
8943 12802 12972 0
8944 12972 12960 0
8945 12960 12803 0
8946 12802 12803 0
8947 3381 3659 0
8948 3660 3659 0
8949 3383 3381 0
8950 5588 5374 0
8951 5589 5364 0
8952 11275 11449 0
8953 11449 11450 0
8954 11450 11263 0
8955 11275 11263 0
8956 10949 11122 0
8957 11122 11123 0
8958 11123 10941 0
8959 10949 10941 0
8960 1251 1399 0
8961 1399 1345 0
8962 1345 1202 0
8963 1251 1202 0
8964 1505 1581 0
8965 1581 1548 0
8966 1548 1427 0
8967 1505 1427 0
8968 1345 1474 0
8969 1474 1408 0
8970 1408 1271 0
8971 1345 1271 0
8972 506 641 0
8973 641 575 0
8974 575 419 0
8975 506 419 0
8976 1841 1779 0
8977 1779 1640 0
8978 1698 1640 0
8979 1061 1216 0
8980 1216 1140 0
8981 1140 1020 0
8982 1061 1020 0
8983 1810 1982 0
8984 1906 1982 0
8985 1752 1810 0
8986 1140 1301 0
8987 1301 1234 0
8988 1234 1078 0
8989 1140 1078 0
8990 706 846 0
8991 846 780 0
8992 780 631 0
8993 706 631 0
8994 10477 10651 0
8995 10651 10480 0
8996 10480 10478 0
8997 10478 10400 0
8998 10477 10400 0
8999 12377 12558 0
9000 12558 12559 0
9001 12559 12378 0
9002 12377 12378 0
9003 10393 10578 0
9004 10578 10579 0
9005 10579 10383 0
9006 10393 10383 0
9007 11001 11175 0
9008 11175 11176 0
9009 11176 11002 0
9010 11001 11002 0
9011 10442 10690 0
9012 10690 10683 0
9013 10683 10443 0
9014 10442 10443 0
9015 4093 4303 0
9016 4303 4304 0
9017 4304 4084 0
9018 4093 4084 0
9019 9381 9611 0
9020 9611 9612 0
9021 9612 9433 0
9022 9433 9434 0
9023 9434 9371 0
9024 9381 9371 0
9025 11903 12081 0
9026 12081 12082 0
9027 12082 11904 0
9028 11903 11904 0
9029 11880 12085 0
9030 12085 12086 0
9031 12086 11872 0
9032 11880 11872 0
9033 10539 10720 0
9034 10720 10712 0
9035 10712 10540 0
9036 10539 10540 0
9037 10964 10781 0
9038 10964 10959 0
9039 10959 10769 0
9040 10781 10769 0
9041 9230 9397 0
9042 9397 9386 0
9043 9386 9217 0
9044 9230 9217 0
9045 9927 10116 0
9046 10116 10117 0
9047 10117 9928 0
9048 9927 9928 0
9049 11206 11390 0
9050 11390 11382 0
9051 11382 11207 0
9052 11206 11207 0
9053 9951 9720 0
9054 9951 10148 0
9055 9721 10148 0
9056 9721 9720 0
9057 8661 8828 0
9058 8828 8823 0
9059 8823 8662 0
9060 8661 8662 0
9061 9641 9860 0
9062 9860 9861 0
9063 9630 9861 0
9064 10585 10725 0
9065 10725 10726 0
9066 10726 10576 0
9067 10585 10576 0
9068 12567 12742 0
9069 12742 12743 0
9070 12743 12569 0
9071 12567 12569 0
9072 11610 11796 0
9073 11796 11797 0
9074 11797 11611 0
9075 11610 11611 0
9076 12743 12903 0
9077 12903 12904 0
9078 12904 12733 0
9079 12743 12733 0
9080 11148 11302 0
9081 11169 11302 0
9082 11045 11148 0
9083 7487 7623 0
9084 7623 7618 0
9085 7618 7488 0
9086 7487 7488 0
9087 9581 9856 0
9088 9856 9885 0
9089 9885 9886 0
9090 9886 9839 0
9091 9839 9582 0
9092 9581 9582 0
9093 6840 6839 0
9094 6550 6608 0
9095 3527 3720 0
9096 3720 3721 0
9097 3528 3721 0
9098 3528 3527 0
9099 4200 4296 0
9100 4296 4213 0
9101 4213 4018 0
9102 4200 4018 0
9103 15449 15450 0
9104 15450 15362 0
9105 15362 15361 0
9106 15449 15361 0
9107 15290 15361 0
9108 15362 15313 0
9109 15313 15301 0
9110 15290 15301 0
9111 10930 11105 0
9112 11105 11106 0
9113 11106 10940 0
9114 10930 10940 0
9115 10264 10431 0
9116 10431 10426 0
9117 10426 10265 0
9118 10264 10265 0
9119 11725 11905 0
9120 11905 11891 0
9121 11891 11726 0
9122 11725 11726 0
9123 6335 6336 0
9124 11944 12167 0
9125 12157 12167 0
9126 12420 12419 0
9127 12420 12231 0
9128 12243 12231 0
9129 8557 8726 0
9130 8726 8727 0
9131 8558 8727 0
9132 4018 4190 0
9133 4190 4094 0
9134 3917 4094 0
9135 3917 4018 0
9136 2200 1998 0
9137 2200 2184 0
9138 2184 1999 0
9139 1998 1999 0
9140 12971 13088 0
9141 13088 13080 0
9142 12960 13080 0
9143 12960 12971 0
9144 4483 4491 0
9145 4226 4240 0
9146 11484 11635 0
9147 11635 11625 0
9148 11625 11471 0
9149 11484 11471 0
9150 13017 13172 0
9151 13172 13173 0
9152 13173 13018 0
9153 13017 13018 0
9154 10782 10973 0
9155 10973 10965 0
9156 10965 10783 0
9157 10782 10783 0
9158 12569 12375 0
9159 12569 12557 0
9160 12557 12376 0
9161 12375 12376 0
9162 12555 12717 0
9163 12717 12718 0
9164 12718 12547 0
9165 12555 12547 0
9166 4547 4539 0
9167 4261 4539 0
9168 4244 4261 0
9169 10057 10045 0
9170 10045 9982 0
9171 9782 9982 0
9172 8439 8432 0
9173 8432 8274 0
9174 8282 8274 0
9175 8402 8239 0
9176 8402 8403 0
9177 8233 8403 0
9178 8233 8239 0
9179 1640 1546 0
9180 1581 1640 0
9181 1505 1546 0
9182 1234 1163 0
9183 1037 1163 0
9184 1037 1078 0
9185 9301 9448 0
9186 9448 9441 0
9187 9441 9292 0
9188 9301 9292 0
9189 8665 8483 0
9190 8627 8665 0
9191 8417 8450 0
9192 8483 8450 0
9193 2624 2893 0
9194 2894 2893 0
9195 2624 2619 0
9196 10440 10464 0
9197 10464 10315 0
9198 10315 10296 0
9199 10440 10296 0
9200 15491 15432 0
9201 15433 15492 0
9202 10327 10575 0
9203 10576 10575 0
9204 10576 10320 0
9205 10327 10320 0
9206 9148 9317 0
9207 9317 9318 0
9208 9318 9149 0
9209 9148 9149 0
9210 8754 8942 0
9211 8942 8935 0
9212 8935 8743 0
9213 8754 8743 0
9214 14246 14380 0
9215 14380 14381 0
9216 14247 14381 0
9217 12222 12465 0
9218 12465 12467 0
9219 12467 12223 0
9220 12222 12223 0
9221 15352 15303 0
9222 15285 15284 0
9223 15303 15284 0
9224 10965 10966 0
9225 10966 10771 0
9226 10783 10771 0
9227 9877 9647 0
9228 9637 9647 0
9229 7509 7660 0
9230 7661 7660 0
9231 7661 7503 0
9232 7509 7503 0
9233 12406 12596 0
9234 12596 12591 0
9235 12591 12407 0
9236 12406 12407 0
9237 9598 9599 0
9238 9336 9455 0
9239 8552 8551 0
9240 8552 8403 0
9241 1389 1528 0
9242 1528 1455 0
9243 1455 1328 0
9244 1389 1328 0
9245 1078 907 0
9246 1020 907 0
9247 833 1008 0
9248 1008 897 0
9249 897 755 0
9250 833 755 0
9251 1163 1093 0
9252 1093 929 0
9253 1037 929 0
9254 780 713 0
9255 713 568 0
9256 631 568 0
9257 1399 1455 0
9258 1251 1328 0
9259 1271 1118 0
9260 1271 1211 0
9261 1211 1058 0
9262 1118 1058 0
9263 1435 1552 0
9264 1528 1552 0
9265 1389 1435 0
9266 1211 1131 0
9267 1131 1009 0
9268 1058 1009 0
9269 805 962 0
9270 962 884 0
9271 884 727 0
9272 805 727 0
9273 575 522 0
9274 522 340 0
9275 419 340 0
9276 1573 1546 0
9277 1202 1118 0
9278 1216 1365 0
9279 1301 1365 0
9280 858 907 0
9281 1552 1668 0
9282 1668 1611 0
9283 1528 1611 0
9284 1611 1559 0
9285 1455 1559 0
9286 1122 1284 0
9287 1216 1284 0
9288 1061 1122 0
9289 1399 1532 0
9290 1474 1532 0
9291 12931 13075 0
9292 13075 12998 0
9293 12998 12852 0
9294 12931 12852 0
9295 85 138 0
9296 138 89 0
9297 89 62 0
9298 62 61 0
9299 85 61 0
9300 479 515 0
9301 515 594 0
9302 594 521 0
9303 521 388 0
9304 479 388 0
9305 138 247 0
9306 247 171 0
9307 171 144 0
9308 89 144 0
9309 13328 13523 0
9310 13523 13516 0
9311 13516 13320 0
9312 13328 13320 0
9313 9220 9390 0
9314 9379 9390 0
9315 9379 9221 0
9316 9220 9221 0
9317 6268 6508 0
9318 6509 6508 0
9319 6262 6268 0
9320 11182 11351 0
9321 11351 11343 0
9322 11343 11171 0
9323 11182 11171 0
9324 11706 11879 0
9325 11880 11879 0
9326 11880 11700 0
9327 11706 11700 0
9328 1093 1042 0
9329 1042 869 0
9330 929 869 0
9331 1522 1597 0
9332 1552 1597 0
9333 1435 1522 0
9334 596 747 0
9335 747 693 0
9336 693 552 0
9337 596 552 0
9338 693 623 0
9339 623 469 0
9340 552 469 0
9341 318 494 0
9342 494 409 0
9343 409 248 0
9344 318 248 0
9345 1069 1225 0
9346 1225 1155 0
9347 1035 1155 0
9348 1035 1069 0
9349 1559 1532 0
9350 391 562 0
9351 494 562 0
9352 318 391 0
9353 439 588 0
9354 588 542 0
9355 542 366 0
9356 439 366 0
9357 11227 11369 0
9358 11369 11345 0
9359 11345 11195 0
9360 11195 11194 0
9361 11194 11213 0
9362 11227 11213 0
9363 10601 10676 0
9364 10464 10676 0
9365 10440 10601 0
9366 3720 3929 0
9367 3929 3921 0
9368 3721 3921 0
9369 10690 10902 0
9370 10902 10891 0
9371 10683 10891 0
9372 5227 5250 0
9373 5089 4995 0
9374 5084 4995 0
9375 5227 5084 0
9376 13682 13493 0
9377 13675 13542 0
9378 13542 13504 0
9379 13493 13504 0
9380 10008 10174 0
9381 10174 10168 0
9382 10168 9996 0
9383 10008 9996 0
9384 2493 2720 0
9385 2704 2720 0
9386 2494 2493 0
9387 595 716 0
9388 631 716 0
9389 631 528 0
9390 595 528 0
9391 631 551 0
9392 551 407 0
9393 528 407 0
9394 551 453 0
9395 453 308 0
9396 407 308 0
9397 3962 4215 0
9398 4216 4215 0
9399 3957 3962 0
9400 11694 11616 0
9401 11506 11459 0
9402 11616 11459 0
9403 14559 14371 0
9404 14559 14419 0
9405 14419 14367 0
9406 14371 14367 0
9407 699 804 0
9408 716 804 0
9409 595 699 0
9410 13336 13554 0
9411 13554 13541 0
9412 13326 13541 0
9413 1630 1788 0
9414 1833 1788 0
9415 1625 1630 0
9416 9640 9859 0
9417 9859 9848 0
9418 9848 9648 0
9419 9640 9648 0
9420 2394 2386 0
9421 10578 10733 0
9422 10733 10734 0
9423 10579 10734 0
9424 879 812 0
9425 659 812 0
9426 722 659 0
9427 391 238 0
9428 318 164 0
9429 238 164 0
9430 3336 3731 0
9431 3732 3731 0
9432 3732 3349 0
9433 3336 3349 0
9434 3711 3878 0
9435 3776 3878 0
9436 3585 3711 0
9437 13651 13457 0
9438 13456 13457 0
9439 15012 15052 0
9440 15052 15023 0
9441 14949 15023 0
9442 15096 15142 0
9443 15142 15135 0
9444 15135 15065 0
9445 15096 15065 0
9446 6171 6322 0
9447 6322 6309 0
9448 6172 6309 0
9449 6172 6171 0
9450 7623 7767 0
9451 7767 7763 0
9452 7618 7763 0
9453 1830 1706 0
9454 1830 1831 0
9455 1831 1683 0
9456 1683 1691 0
9457 1706 1691 0
9458 9675 9918 0
9459 9918 9901 0
9460 9901 9676 0
9461 9675 9676 0
9462 890 1057 0
9463 1008 1057 0
9464 833 890 0
9465 1548 1510 0
9466 1510 1370 0
9467 1427 1370 0
9468 1548 1647 0
9469 1647 1586 0
9470 1510 1586 0
9471 1597 1737 0
9472 1668 1737 0
9473 2220 2067 0
9474 2067 1879 0
9475 1964 1879 0
9476 12172 12040 0
9477 12172 11995 0
9478 11995 11887 0
9479 12040 11887 0
9480 15584 15511 0
9481 15585 15512 0
9482 15511 15512 0
9483 13456 13243 0
9484 13235 13457 0
9485 4250 4421 0
9486 4421 4417 0
9487 4417 4241 0
9488 4250 4241 0
9489 3737 3697 0
9490 3480 3429 0
9491 7972 8087 0
9492 8087 8082 0
9493 8082 7973 0
9494 7972 7973 0
9495 10331 10492 0
9496 10492 10493 0
9497 10493 10332 0
9498 10331 10332 0
9499 1441 1641 0
9500 1641 1663 0
9501 1442 1663 0
9502 1442 1441 0
9503 14615 14704 0
9504 14690 14704 0
9505 14551 14615 0
9506 10757 10943 0
9507 10943 10944 0
9508 10758 10944 0
9509 9832 9987 0
9510 9987 9984 0
9511 9984 9833 0
9512 9832 9833 0
9513 5963 6126 0
9514 6126 6127 0
9515 6127 5964 0
9516 5963 5964 0
9517 11873 12087 0
9518 12072 12087 0
9519 12072 11874 0
9520 11873 11874 0
9521 12733 12557 0
9522 12427 12428 0
9523 12428 12241 0
9524 12249 12241 0
9525 11383 11569 0
9526 11569 11570 0
9527 11570 11373 0
9528 11383 11373 0
9529 11050 11206 0
9530 11043 11207 0
9531 3606 3809 0
9532 3809 3829 0
9533 3829 3788 0
9534 3788 3552 0
9535 3606 3552 0
9536 9407 9570 0
9537 9570 9571 0
9538 9571 9399 0
9539 9407 9399 0
9540 5907 6064 0
9541 6064 6065 0
9542 5902 6065 0
9543 9639 9858 0
9544 9859 9858 0
9545 9640 9639 0
9546 12717 12897 0
9547 12897 12892 0
9548 12718 12892 0
9549 9846 10048 0
9550 10048 10037 0
9551 10037 9837 0
9552 9846 9837 0
9553 8373 8588 0
9554 8588 8589 0
9555 8589 8482 0
9556 8456 8482 0
9557 13401 13400 0
9558 13400 13434 0
9559 13657 13434 0
9560 1707 1639 0
9561 1639 1545 0
9562 1580 1545 0
9563 12952 12783 0
9564 12953 12952 0
9565 12953 12776 0
9566 12783 12776 0
9567 12467 12468 0
9568 12468 12210 0
9569 12223 12210 0
9570 12840 13008 0
9571 13008 13009 0
9572 13009 12841 0
9573 12840 12841 0
9574 9386 9546 0
9575 9546 9547 0
9576 9547 9387 0
9577 9386 9387 0
9578 12082 12083 0
9579 12083 11890 0
9580 11904 11890 0
9581 3644 3828 0
9582 3828 3817 0
9583 3817 3633 0
9584 3644 3633 0
9585 10702 10881 0
9586 10881 10872 0
9587 10703 10872 0
9588 9759 9965 0
9589 9965 9966 0
9590 9966 9748 0
9591 9759 9748 0
9592 12988 12977 0
9593 12720 12771 0
9594 12771 12817 0
9595 12844 12817 0
9596 1740 1685 0
9597 1685 1662 0
9598 1661 1662 0
9599 11706 11548 0
9600 11700 11549 0
9601 11548 11549 0
9602 13847 13833 0
9603 13610 13833 0
9604 13610 13609 0
9605 5964 5788 0
9606 5964 5955 0
9607 5955 5789 0
9608 5788 5789 0
9609 5160 5190 0
9610 5190 5208 0
9611 5209 5208 0
9612 5209 5119 0
9613 5119 5062 0
9614 5160 5062 0
9615 12993 13161 0
9616 13161 13153 0
9617 13153 12983 0
9618 12993 12983 0
9619 11296 11486 0
9620 11486 11476 0
9621 11297 11476 0
9622 12523 12682 0
9623 12682 12683 0
9624 12683 12524 0
9625 12523 12524 0
9626 1211 1357 0
9627 1357 1295 0
9628 1131 1295 0
9629 1284 1421 0
9630 1365 1421 0
9631 1581 1714 0
9632 1647 1714 0
9633 846 897 0
9634 706 755 0
9635 1982 2240 0
9636 2126 2240 0
9637 1408 1357 0
9638 1779 1714 0
9639 641 713 0
9640 506 568 0
9641 962 1042 0
9642 805 869 0
9643 1469 1591 0
9644 1591 1592 0
9645 1592 1471 0
9646 1469 1471 0
9647 6239 6128 0
9648 6240 6129 0
9649 1694 1880 0
9650 1881 1880 0
9651 1695 1694 0
9652 11746 11756 0
9653 11756 11653 0
9654 11653 11627 0
9655 11627 11596 0
9656 11746 11596 0
9657 10307 10458 0
9658 10458 10459 0
9659 10459 10297 0
9660 10307 10297 0
9661 2715 2960 0
9662 2960 2950 0
9663 2950 2717 0
9664 2715 2717 0
9665 9523 9755 0
9666 9755 9746 0
9667 9746 9510 0
9668 9523 9510 0
9669 12565 12731 0
9670 12731 12732 0
9671 12732 12551 0
9672 12565 12551 0
9673 13211 13406 0
9674 13406 13407 0
9675 13407 13212 0
9676 13211 13212 0
9677 10585 10325 0
9678 10585 10575 0
9679 10327 10325 0
9680 12802 12620 0
9681 12803 12621 0
9682 12620 12621 0
9683 8842 8703 0
9684 8834 8704 0
9685 8703 8704 0
9686 8726 8935 0
9687 8935 8924 0
9688 8727 8924 0
9689 12211 12397 0
9690 12407 12397 0
9691 12407 12212 0
9692 12211 12212 0
9693 12596 12783 0
9694 12591 12776 0
9695 11891 11892 0
9696 11892 11714 0
9697 11726 11714 0
9698 3606 3358 0
9699 3552 3291 0
9700 3291 3333 0
9701 3358 3333 0
9702 7663 7785 0
9703 7785 7786 0
9704 7786 7655 0
9705 7663 7655 0
9706 11798 11974 0
9707 11974 11975 0
9708 11975 11799 0
9709 11798 11799 0
9710 8398 8231 0
9711 8387 8232 0
9712 8231 8232 0
9713 8738 8926 0
9714 8926 8913 0
9715 8913 8729 0
9716 8738 8729 0
9717 12144 12328 0
9718 12328 12315 0
9719 12315 12145 0
9720 12144 12145 0
9721 10856 11015 0
9722 11015 11016 0
9723 11016 10857 0
9724 10856 10857 0
9725 14250 14361 0
9726 14361 14376 0
9727 14376 14395 0
9728 14395 14251 0
9729 14250 14251 0
9730 8211 8212 0
9731 7992 7986 0
9732 8253 8430 0
9733 8430 8425 0
9734 8425 8254 0
9735 8253 8254 0
9736 8661 8470 0
9737 8471 8662 0
9738 8471 8470 0
9739 14145 14063 0
9740 14146 14054 0
9741 14054 14045 0
9742 14045 14044 0
9743 14063 14044 0
9744 11401 11302 0
9745 11266 11148 0
9746 8700 8890 0
9747 8890 8891 0
9748 8701 8891 0
9749 11959 12179 0
9750 12179 12216 0
9751 12216 12012 0
9752 11959 12012 0
9753 11891 12110 0
9754 12110 12098 0
9755 11892 12098 0
9756 10065 10263 0
9757 10263 10254 0
9758 10254 10066 0
9759 10065 10066 0
9760 764 799 0
9761 890 799 0
9762 804 890 0
9763 699 764 0
9764 308 447 0
9765 340 447 0
9766 340 237 0
9767 237 236 0
9768 308 236 0
9769 11850 11991 0
9770 11991 11894 0
9771 11894 11763 0
9772 11850 11763 0
9773 11264 11090 0
9774 11251 11083 0
9775 11090 11083 0
9776 11182 11015 0
9777 11171 11016 0
9778 4557 4558 0
9779 4558 4232 0
9780 4243 4232 0
9781 11680 11862 0
9782 11862 11863 0
9783 11863 11681 0
9784 11680 11681 0
9785 12450 12614 0
9786 12614 12607 0
9787 12607 12431 0
9788 12450 12431 0
9789 11742 11582 0
9790 11733 11569 0
9791 11569 11582 0
9792 11615 11743 0
9793 11743 11698 0
9794 11698 11699 0
9795 11646 11699 0
9796 15494 15435 0
9797 15487 15436 0
9798 4261 4268 0
9799 4268 3886 0
9800 3853 3886 0
9801 11621 11534 0
9802 11511 11374 0
9803 9927 9717 0
9804 9928 9675 0
9805 9675 9674 0
9806 9717 9674 0
9807 15449 15511 0
9808 15450 15512 0
9809 13181 13368 0
9810 13368 13357 0
9811 13357 13169 0
9812 13181 13169 0
9813 8624 8789 0
9814 8789 8790 0
9815 8790 8625 0
9816 8624 8625 0
9817 11783 11952 0
9818 11952 11953 0
9819 11953 11770 0
9820 11783 11770 0
9821 12061 11857 0
9822 12061 12049 0
9823 11802 12049 0
9824 11802 11801 0
9825 11801 11858 0
9826 11857 11858 0
9827 4661 4906 0
9828 4906 4908 0
9829 4908 4643 0
9830 4661 4643 0
9831 13361 13409 0
9832 13409 13520 0
9833 13520 13521 0
9834 13332 13521 0
9835 13363 13361 0
9836 10818 11012 0
9837 11012 11013 0
9838 11013 10819 0
9839 10818 10819 0
9840 13268 13470 0
9841 13470 13471 0
9842 13471 13269 0
9843 13268 13269 0
9844 13747 13829 0
9845 13829 13710 0
9846 13710 13588 0
9847 13747 13588 0
9848 13700 13862 0
9849 13862 13851 0
9850 13851 13691 0
9851 13700 13691 0
9852 6309 6310 0
9853 6160 6310 0
9854 10646 10444 0
9855 10646 10628 0
9856 10628 10445 0
9857 10444 10445 0
9858 11001 10807 0
9859 11002 10793 0
9860 10807 10793 0
9861 11764 11938 0
9862 11938 11939 0
9863 11765 11939 0
9864 11765 11764 0
9865 9198 9053 0
9866 1130 1244 0
9867 1244 1154 0
9868 1154 1055 0
9869 1130 1055 0
9870 1312 1403 0
9871 1403 1335 0
9872 1335 1224 0
9873 1312 1224 0
9874 1983 2178 0
9875 2163 2178 0
9876 2163 1975 0
9877 1983 1975 0
9878 3620 3628 0
9879 3344 3342 0
9880 13693 13871 0
9881 13871 13872 0
9882 13684 13872 0
9883 12096 11914 0
9884 12096 12097 0
9885 12097 11902 0
9886 11914 11902 0
9887 1871 1989 0
9888 1989 1990 0
9889 1990 1857 0
9890 1871 1857 0
9891 11180 11347 0
9892 11347 11348 0
9893 11348 11167 0
9894 11180 11167 0
9895 9859 10054 0
9896 10054 10043 0
9897 9848 10043 0
9898 2197 2320 0
9899 2320 2198 0
9900 2198 2009 0
9901 2197 2009 0
9902 4093 3929 0
9903 4084 3921 0
9904 4629 4469 0
9905 4622 4464 0
9906 4469 4464 0
9907 6657 6518 0
9908 6649 6512 0
9909 9168 9156 0
9910 9156 8908 0
9911 8907 8908 0
9912 5167 5343 0
9913 5178 5335 0
9914 5178 5167 0
9915 13520 13714 0
9916 13714 13702 0
9917 13521 13702 0
9918 9083 9293 0
9919 9293 9290 0
9920 9290 9084 0
9921 9083 9084 0
9922 12772 12938 0
9923 12938 12933 0
9924 12773 12933 0
9925 13506 13687 0
9926 13687 13688 0
9927 13688 13507 0
9928 13506 13507 0
9929 13297 13305 0
9930 13352 13305 0
9931 13270 13120 0
9932 13221 13120 0
9933 13221 13297 0
9934 12523 12331 0
9935 12524 12319 0
9936 12331 12319 0
9937 10372 10564 0
9938 10565 10564 0
9939 10565 10362 0
9940 10362 10372 0
9941 2731 2967 0
9942 2967 2958 0
9943 2958 2733 0
9944 2731 2733 0
9945 11351 11548 0
9946 11343 11549 0
9947 10782 10615 0
9948 10783 10616 0
9949 10615 10616 0
9950 7673 7799 0
9951 7799 7793 0
9952 7793 7674 0
9953 7673 7674 0
9954 8120 8288 0
9955 8288 8280 0
9956 8280 8111 0
9957 8120 8111 0
9958 11879 12101 0
9959 12085 12101 0
9960 11960 11842 0
9961 11950 11837 0
9962 11057 11222 0
9963 11222 11223 0
9964 11223 11058 0
9965 11057 11058 0
9966 3397 3411 0
9967 3397 3100 0
9968 3099 3100 0
9969 3101 3371 0
9970 3359 3371 0
9971 3359 3094 0
9972 3101 3094 0
9973 11911 12117 0
9974 12117 12118 0
9975 12118 11912 0
9976 11911 11912 0
9977 8533 8520 0
9978 8334 8335 0
9979 8828 9010 0
9980 9010 8998 0
9981 8823 8998 0
9982 9680 9923 0
9983 9923 9903 0
9984 9903 9667 0
9985 9680 9667 0
9986 623 562 0
9987 469 391 0
9988 248 111 0
9989 164 111 0
9990 552 380 0
9991 469 295 0
9992 380 295 0
9993 409 332 0
9994 332 174 0
9995 248 174 0
9996 238 295 0
9997 588 734 0
9998 734 686 0
9999 542 686 0
10000 1086 1155 0
10001 917 1035 0
10002 676 824 0
10003 747 824 0
10004 596 676 0
10005 174 86 0
10006 111 86 0
10007 834 685 0
10008 834 757 0
10009 616 685 0
10010 834 891 0
10011 743 685 0
10012 1069 903 0
10013 852 903 0
10014 659 588 0
10015 523 439 0
10016 9460 9657 0
10017 9657 9658 0
10018 9658 9461 0
10019 9460 9461 0
10020 10965 11133 0
10021 11133 11134 0
10022 10966 11134 0
10023 10753 10938 0
10024 10938 10935 0
10025 10935 10754 0
10026 10753 10754 0
10027 13864 13876 0
10028 13646 13645 0
10029 6797 6804 0
10030 6538 6548 0
10031 10818 10619 0
10032 10819 10613 0
10033 10619 10613 0
10034 1945 2173 0
10035 2173 2041 0
10036 2041 1855 0
10037 1945 1855 0
10038 1803 1973 0
10039 1973 1894 0
10040 1894 1736 0
10041 1803 1736 0
10042 13924 13748 0
10043 13924 13909 0
10044 13909 13743 0
10045 13748 13743 0
10046 10394 10227 0
10047 10394 10385 0
10048 10385 10215 0
10049 10227 10215 0
10050 2597 2830 0
10051 2830 2690 0
10052 2507 2690 0
10053 12377 12203 0
10054 12378 12187 0
10055 12203 12187 0
10056 13259 13463 0
10057 13463 13464 0
10058 13464 13260 0
10059 13259 13260 0
10060 1794 1958 0
10061 1958 1878 0
10062 1878 1727 0
10063 1794 1727 0
10064 2067 2315 0
10065 2315 2225 0
10066 1973 2225 0
10067 2067 1973 0
10068 2636 2852 0
10069 2852 2777 0
10070 2581 2777 0
10071 2581 2636 0
10072 1463 1566 0
10073 1566 1535 0
10074 1535 1404 0
10075 1463 1404 0
10076 1605 1741 0
10077 1741 1674 0
10078 1674 1555 0
10079 1605 1555 0
10080 1139 1300 0
10081 1300 1230 0
10082 1230 1077 0
10083 1139 1077 0
10084 6555 6812 0
10085 6812 6813 0
10086 6813 6556 0
10087 6555 6556 0
10088 3114 3368 0
10089 3368 3370 0
10090 3370 3147 0
10091 3147 3115 0
10092 3114 3115 0
10093 8719 8901 0
10094 8901 8902 0
10095 8720 8902 0
10096 8720 8719 0
10097 2354 2548 0
10098 2548 2463 0
10099 2463 2257 0
10100 2354 2257 0
10101 1463 1344 0
10102 1404 1263 0
10103 1344 1263 0
10104 8287 8445 0
10105 8445 8446 0
10106 8276 8446 0
10107 8276 8287 0
10108 8029 8092 0
10109 8092 8002 0
10110 7888 8002 0
10111 9319 9470 0
10112 9470 9471 0
10113 9320 9471 0
10114 9320 9319 0
10115 12350 12537 0
10116 12537 12538 0
10117 12351 12538 0
10118 10291 10447 0
10119 10447 10448 0
10120 10448 10292 0
10121 10291 10292 0
10122 11210 11362 0
10123 11362 11363 0
10124 11363 11202 0
10125 11210 11202 0
10126 8592 8759 0
10127 8759 8760 0
10128 8760 8593 0
10129 8592 8593 0
10130 1894 1818 0
10131 1818 1667 0
10132 1736 1667 0
10133 2225 2117 0
10134 1894 2117 0
10135 1535 1498 0
10136 1498 1353 0
10137 1404 1353 0
10138 1674 1624 0
10139 1624 1531 0
10140 1555 1531 0
10141 2257 2008 0
10142 2137 2008 0
10143 2482 2581 0
10144 2302 2378 0
10145 2210 2384 0
10146 2315 2384 0
10147 2067 2210 0
10148 1818 1988 0
10149 1913 1988 0
10150 1751 1818 0
10151 9470 9672 0
10152 9672 9673 0
10153 9471 9673 0
10154 2474 2646 0
10155 2548 2646 0
10156 2354 2474 0
10157 1555 1448 0
10158 1531 1398 0
10159 1448 1398 0
10160 5111 5100 0
10161 5100 4883 0
10162 4892 4883 0
10163 10116 10296 0
10164 10117 10315 0
10165 11449 11610 0
10166 11450 11611 0
10167 14395 14387 0
10168 14387 14362 0
10169 14362 14252 0
10170 14251 14252 0
10171 7130 7195 0
10172 7195 7352 0
10173 7352 7116 0
10174 7130 7116 0
10175 1610 1667 0
10176 2728 2928 0
10177 2852 2928 0
10178 2636 2728 0
10179 10335 10501 0
10180 10501 10502 0
10181 10502 10336 0
10182 10335 10336 0
10183 11258 11404 0
10184 11404 11307 0
10185 11307 11155 0
10186 11258 11155 0
10187 11383 11197 0
10188 11373 11198 0
10189 11197 11198 0
10190 13874 13703 0
10191 13874 13875 0
10192 13875 13852 0
10193 13852 13704 0
10194 13703 13704 0
10195 11905 12109 0
10196 12110 12109 0
10197 15052 15096 0
10198 15023 15065 0
10199 12500 12296 0
10200 12492 12297 0
10201 12296 12297 0
10202 9195 9068 0
10203 9196 9060 0
10204 9060 9068 0
10205 13470 13655 0
10206 13655 13656 0
10207 13471 13656 0
10208 10611 10779 0
10209 10779 10780 0
10210 10780 10612 0
10211 10611 10612 0
10212 2834 2987 0
10213 2928 2987 0
10214 2728 2834 0
10215 1879 1803 0
10216 1463 1531 0
10217 1344 1398 0
10218 2117 1988 0
10219 1353 1210 0
10220 1263 1210 0
10221 1566 1624 0
10222 1321 1434 0
10223 1434 1388 0
10224 1244 1388 0
10225 1244 1321 0
10226 1215 1356 0
10227 1300 1356 0
10228 1139 1215 0
10229 9040 9232 0
10230 9232 9219 0
10231 9219 9041 0
10232 9040 9041 0
10233 7767 7939 0
10234 7939 7940 0
10235 7763 7940 0
10236 12250 12429 0
10237 12421 12429 0
10238 12242 12250 0
10239 11519 11678 0
10240 11678 11679 0
10241 11679 11520 0
10242 11519 11520 0
10243 11463 11618 0
10244 11610 11618 0
10245 11449 11463 0
10246 7497 7637 0
10247 7637 7638 0
10248 7638 7498 0
10249 7497 7498 0
10250 12925 12939 0
10251 12939 12822 0
10252 12822 12634 0
10253 12925 12634 0
10254 11242 11407 0
10255 11407 11399 0
10256 11399 11228 0
10257 11242 11228 0
10258 3326 3324 0
10259 3086 3085 0
10260 8703 8590 0
10261 8665 8704 0
10262 8483 8590 0
10263 4559 4558 0
10264 4214 4232 0
10265 7103 6975 0
10266 7098 6963 0
10267 4618 4874 0
10268 4862 4874 0
10269 4619 4618 0
10270 10619 10406 0
10271 10613 10407 0
10272 10406 10407 0
10273 11513 11672 0
10274 11672 11664 0
10275 11514 11664 0
10276 4592 4421 0
10277 4593 4417 0
10278 10856 10666 0
10279 10857 10658 0
10280 10666 10658 0
10281 8340 8142 0
10282 8340 8341 0
10283 8341 8131 0
10284 8142 8131 0
10285 11705 11589 0
10286 11589 11673 0
10287 1989 2185 0
10288 2188 2185 0
10289 2188 1990 0
10290 13554 13711 0
10291 13711 13712 0
10292 13541 13712 0
10293 12348 12349 0
10294 12003 12004 0
10295 10511 10805 0
10296 10805 10806 0
10297 10806 10512 0
10298 10511 10512 0
10299 10783 10650 0
10300 10771 10639 0
10301 10650 10639 0
10302 12599 12756 0
10303 12756 12749 0
10304 12749 12600 0
10305 12599 12600 0
10306 8396 8561 0
10307 8561 8562 0
10308 8397 8562 0
10309 8397 8396 0
10310 11798 11620 0
10311 11799 11612 0
10312 11620 11612 0
10313 13644 13788 0
10314 13788 13789 0
10315 13789 13627 0
10316 13644 13627 0
10317 9409 9566 0
10318 9566 9567 0
10319 9410 9567 0
10320 12928 12763 0
10321 12929 12764 0
10322 12763 12764 0
10323 10353 10191 0
10324 10353 10347 0
10325 10347 10176 0
10326 10191 10176 0
10327 1621 1613 0
10328 1613 1501 0
10329 1499 1501 0
10330 12453 12468 0
10331 12453 12211 0
10332 12210 12211 0
10333 13715 14036 0
10334 14036 13986 0
10335 13986 13811 0
10336 13811 13839 0
10337 13839 13683 0
10338 13715 13683 0
10339 12917 13082 0
10340 13082 13083 0
10341 13083 12911 0
10342 12917 12911 0
10343 13681 13503 0
10344 13503 13493 0
10345 14380 14492 0
10346 14492 14513 0
10347 14513 14517 0
10348 14517 14502 0
10349 14381 14502 0
10350 13844 13843 0
10351 13620 13618 0
10352 12975 13132 0
10353 13132 13133 0
10354 13133 12964 0
10355 12975 12964 0
10356 15206 15142 0
10357 15171 15135 0
10358 1932 2160 0
10359 2160 2027 0
10360 2027 1847 0
10361 1932 1847 0
10362 2690 2616 0
10363 2616 2403 0
10364 2507 2403 0
10365 2403 2196 0
10366 2301 2196 0
10367 9458 9308 0
10368 9452 9309 0
10369 9308 9309 0
10370 1983 1848 0
10371 1849 1975 0
10372 1849 1848 0
10373 12375 12201 0
10374 12376 12202 0
10375 12201 12202 0
10376 11101 11279 0
10377 11279 11271 0
10378 11271 11102 0
10379 11101 11102 0
10380 1848 1742 0
10381 1848 1850 0
10382 1850 1729 0
10383 1742 1729 0
10384 10514 10647 0
10385 10647 10631 0
10386 10631 10503 0
10387 10514 10503 0
10388 15434 15493 0
10389 13808 13687 0
10390 13808 13809 0
10391 13688 13809 0
10392 8142 8011 0
10393 8131 8007 0
10394 8011 8007 0
10395 3426 3686 0
10396 3686 3666 0
10397 3666 3395 0
10398 3395 3394 0
10399 3426 3394 0
10400 3898 4037 0
10401 4037 3972 0
10402 3972 3794 0
10403 3898 3794 0
10404 9337 9455 0
10405 9449 9455 0
10406 9253 9233 0
10407 9337 9233 0
10408 14168 14242 0
10409 14242 14194 0
10410 14194 14116 0
10411 14168 14116 0
10412 9688 9873 0
10413 9873 9850 0
10414 9850 9671 0
10415 9688 9671 0
10416 8965 9095 0
10417 9095 9096 0
10418 8966 9096 0
10419 6272 6515 0
10420 6515 6516 0
10421 6516 6273 0
10422 6272 6273 0
10423 3659 3666 0
10424 3381 3395 0
10425 6377 6620 0
10426 6610 6620 0
10427 6365 6377 0
10428 11486 11640 0
10429 11629 11640 0
10430 11629 11476 0
10431 10086 10274 0
10432 10274 10268 0
10433 10268 10073 0
10434 10086 10073 0
10435 12590 12766 0
10436 12766 12767 0
10437 12767 12583 0
10438 12590 12583 0
10439 9248 9408 0
10440 9408 9402 0
10441 9402 9249 0
10442 9248 9249 0
10443 8862 9105 0
10444 9093 9105 0
10445 8863 8862 0
10446 3269 3531 0
10447 3531 3481 0
10448 3481 3233 0
10449 3269 3233 0
10450 12311 12506 0
10451 12506 12507 0
10452 12507 12302 0
10453 12311 12302 0
10454 5100 4843 0
10455 5100 5101 0
10456 5101 4836 0
10457 4843 4836 0
10458 7822 8006 0
10459 8006 7997 0
10460 7997 7816 0
10461 7822 7816 0
10462 9044 9240 0
10463 9240 9229 0
10464 9039 9229 0
10465 4504 4338 0
10466 4504 4494 0
10467 4494 4325 0
10468 4338 4325 0
10469 6644 6895 0
10470 6885 6895 0
10471 6645 6644 0
10472 7501 7648 0
10473 7648 7636 0
10474 7636 7502 0
10475 7501 7502 0
10476 13172 13340 0
10477 13340 13341 0
10478 13173 13341 0
10479 10367 10554 0
10480 10554 10555 0
10481 10368 10555 0
10482 9713 9488 0
10483 9703 9479 0
10484 9488 9479 0
10485 3532 3753 0
10486 3753 3723 0
10487 3723 3474 0
10488 3532 3474 0
10489 10697 10876 0
10490 10876 10868 0
10491 10868 10698 0
10492 10697 10698 0
10493 3381 3124 0
10494 3381 3382 0
10495 3382 3125 0
10496 3124 3125 0
10497 9438 9538 0
10498 9538 9539 0
10499 9431 9539 0
10500 9860 10024 0
10501 10024 10015 0
10502 9861 10015 0
10503 10522 10803 0
10504 10803 10804 0
10505 10804 10509 0
10506 10522 10509 0
10507 9095 9271 0
10508 9271 9272 0
10509 9096 9272 0
10510 9043 9239 0
10511 9239 9228 0
10512 9228 9037 0
10513 9043 9037 0
10514 10828 10815 0
10515 10533 10534 0
10516 10498 10787 0
10517 10787 10788 0
10518 10788 10499 0
10519 10498 10499 0
10520 12177 11974 0
10521 12177 12166 0
10522 11975 12166 0
10523 9874 10067 0
10524 10067 10068 0
10525 10068 9875 0
10526 9874 9875 0
10527 12761 12926 0
10528 12926 12927 0
10529 12927 12762 0
10530 12761 12762 0
10531 14331 14268 0
10532 14268 14158 0
10533 14198 14158 0
10534 13322 13707 0
10535 13707 13679 0
10536 13679 13289 0
10537 13322 13289 0
10538 2164 2392 0
10539 2393 2392 0
10540 2393 2165 0
10541 2165 2164 0
10542 10535 10517 0
10543 10517 10261 0
10544 10260 10261 0
10545 2524 2734 0
10546 2734 2714 0
10547 2714 2509 0
10548 2524 2509 0
10549 11586 11688 0
10550 11680 11688 0
10551 11680 11588 0
10552 11586 11588 0
10553 7808 8008 0
10554 8008 8009 0
10555 8009 7809 0
10556 7808 7809 0
10557 12062 12233 0
10558 12233 12127 0
10559 12127 11957 0
10560 12062 11957 0
10561 7245 7441 0
10562 7227 7155 0
10563 7093 7193 0
10564 7360 7193 0
10565 7441 7360 0
10566 13228 13440 0
10567 13440 13441 0
10568 13441 13229 0
10569 13228 13229 0
10570 11409 11597 0
10571 11597 11593 0
10572 11593 11410 0
10573 11409 11410 0
10574 12006 12228 0
10575 12228 12229 0
10576 12007 12229 0
10577 307 438 0
10578 438 339 0
10579 339 215 0
10580 307 215 0
10581 280 406 0
10582 307 406 0
10583 307 187 0
10584 280 187 0
10585 247 339 0
10586 138 215 0
10587 406 546 0
10588 438 546 0
10589 215 122 0
10590 187 122 0
10591 1998 1882 0
10592 1999 1870 0
10593 1882 1870 0
10594 521 622 0
10595 546 622 0
10596 521 406 0
10597 9431 9291 0
10598 9431 9432 0
10599 9432 9281 0
10600 9291 9281 0
10601 139 281 0
10602 281 208 0
10603 208 94 0
10604 139 94 0
10605 193 365 0
10606 281 365 0
10607 139 193 0
10608 3952 4112 0
10609 4112 4101 0
10610 4101 3943 0
10611 3952 3943 0
10612 8711 8548 0
10613 8711 8712 0
10614 8712 8540 0
10615 8548 8540 0
10616 12517 12617 0
10617 12617 12608 0
10618 12608 12504 0
10619 12517 12504 0
10620 12181 12225 0
10621 11965 12225 0
10622 11965 11937 0
10623 12181 11937 0
10624 12728 12729 0
10625 12608 12729 0
10626 12617 12728 0
10627 11115 11003 0
10628 11107 10985 0
10629 11003 10985 0
10630 10749 10880 0
10631 10881 10880 0
10632 10881 10750 0
10633 10749 10750 0
10634 11688 11819 0
10635 11819 11809 0
10636 11680 11809 0
10637 4274 4540 0
10638 4540 4541 0
10639 4541 4288 0
10640 4274 4288 0
10641 11094 11275 0
10642 11088 11263 0
10643 10251 10519 0
10644 10519 10521 0
10645 10521 10252 0
10646 10251 10252 0
10647 12042 12383 0
10648 12383 12384 0
10649 12043 12384 0
10650 12043 12042 0
10651 13678 13802 0
10652 13791 13802 0
10653 13791 13666 0
10654 13678 13666 0
10655 9261 9419 0
10656 9419 9420 0
10657 9420 9262 0
10658 9261 9262 0
10659 9758 9979 0
10660 9965 9979 0
10661 9759 9758 0
10662 10250 10421 0
10663 10421 10409 0
10664 10409 10238 0
10665 10250 10238 0
10666 12782 12937 0
10667 12938 12937 0
10668 12772 12782 0
10669 4246 4269 0
10670 4269 3949 0
10671 3958 3949 0
10672 11003 10880 0
10673 10881 10985 0
10674 11024 11168 0
10675 11168 11160 0
10676 11160 11014 0
10677 11024 11014 0
10678 3201 3430 0
10679 3394 3430 0
10680 3394 3161 0
10681 3201 3161 0
10682 3397 3371 0
10683 3100 3101 0
10684 264 432 0
10685 365 432 0
10686 193 264 0
10687 9380 9213 0
10688 9221 9213 0
10689 8909 9157 0
10690 9158 9157 0
10691 8896 8909 0
10692 11409 11229 0
10693 11222 11410 0
10694 11222 11229 0
10695 9916 10085 0
10696 10086 10085 0
10697 10086 9899 0
10698 9916 9899 0
10699 8387 8548 0
10700 8540 8388 0
10701 8387 8388 0
10702 7789 7913 0
10703 7913 7893 0
10704 7893 7784 0
10705 7789 7784 0
10706 11525 11647 0
10707 11647 11648 0
10708 11648 11526 0
10709 11525 11526 0
10710 10307 10125 0
10711 10297 10118 0
10712 10125 10118 0
10713 8196 8299 0
10714 8299 8291 0
10715 8183 8291 0
10716 8299 8413 0
10717 8413 8414 0
10718 8291 8414 0
10719 4012 4291 0
10720 4292 4291 0
10721 4292 4013 0
10722 4012 4013 0
10723 11209 11358 0
10724 11358 11359 0
10725 11359 11201 0
10726 11209 11201 0
10727 11231 11393 0
10728 11393 11385 0
10729 11385 11232 0
10730 11231 11232 0
10731 13906 14183 0
10732 14151 14183 0
10733 14151 13880 0
10734 13906 13880 0
10735 11212 11387 0
10736 11387 11388 0
10737 11388 11205 0
10738 11212 11205 0
10739 11984 12198 0
10740 12198 12184 0
10741 11985 12184 0
10742 5805 5979 0
10743 5979 5980 0
10744 5980 5799 0
10745 5805 5799 0
10746 5946 6109 0
10747 6109 6098 0
10748 6098 5934 0
10749 5946 5934 0
10750 5973 6136 0
10751 6136 6125 0
10752 6125 5962 0
10753 5973 5962 0
10754 5979 6140 0
10755 6140 6141 0
10756 5980 6141 0
10757 6141 6134 0
10758 6134 5981 0
10759 5980 5981 0
10760 5972 6135 0
10761 6136 6135 0
10762 5973 5972 0
10763 5565 5727 0
10764 5727 5728 0
10765 5728 5566 0
10766 5565 5566 0
10767 5981 5800 0
10768 5799 5800 0
10769 10458 10666 0
10770 10459 10658 0
10771 6127 6115 0
10772 5955 6115 0
10773 2197 2008 0
10774 2009 1895 0
10775 2008 1895 0
10776 2320 2463 0
10777 2463 2331 0
10778 2198 2331 0
10779 3481 3430 0
10780 3233 3201 0
10781 12681 12867 0
10782 12867 12856 0
10783 12856 12678 0
10784 12681 12678 0
10785 13953 14079 0
10786 14079 14080 0
10787 14080 13954 0
10788 13953 13954 0
10789 10558 10719 0
10790 10720 10719 0
10791 10539 10558 0
10792 12200 12390 0
10793 12375 12390 0
10794 12201 12200 0
10795 11184 11185 0
10796 10907 10897 0
10797 12763 12589 0
10798 12764 12581 0
10799 12589 12581 0
10800 13209 13404 0
10801 13404 13405 0
10802 13405 13210 0
10803 13209 13210 0
10804 3686 3723 0
10805 3426 3474 0
10806 9308 9119 0
10807 9309 9120 0
10808 9119 9120 0
10809 10949 10762 0
10810 10941 10756 0
10811 10762 10756 0
10812 12415 12589 0
10813 12581 12404 0
10814 12415 12404 0
10815 14080 14081 0
10816 13950 14081 0
10817 13950 13954 0
10818 8232 8081 0
10819 8232 8228 0
10820 8228 8073 0
10821 8081 8073 0
10822 12405 12582 0
10823 12582 12577 0
10824 12395 12577 0
10825 12395 12405 0
10826 10209 10391 0
10827 10391 10392 0
10828 10392 10210 0
10829 10209 10210 0
10830 12378 12368 0
10831 12368 12188 0
10832 12187 12188 0
10833 1450 1594 0
10834 1594 1608 0
10835 1608 1452 0
10836 1450 1452 0
10837 9858 10030 0
10838 10030 10023 0
10839 9859 10023 0
10840 11250 11249 0
10841 11108 11107 0
10842 11255 11413 0
10843 11413 11414 0
10844 11256 11414 0
10845 11413 11557 0
10846 11557 11572 0
10847 11414 11572 0
10848 10822 10961 0
10849 10961 10952 0
10850 10952 10810 0
10851 10822 10810 0
10852 10961 11111 0
10853 11111 11096 0
10854 10952 11096 0
10855 10054 10213 0
10856 10213 10214 0
10857 10043 10214 0
10858 14453 14569 0
10859 14570 14569 0
10860 14570 14531 0
10861 14531 14427 0
10862 14453 14427 0
10863 14715 14834 0
10864 14834 14808 0
10865 14808 14696 0
10866 14715 14696 0
10867 10923 11093 0
10868 11093 11087 0
10869 11087 10916 0
10870 10923 10916 0
10871 9421 9276 0
10872 9422 9263 0
10873 9276 9263 0
10874 11925 11819 0
10875 11926 11809 0
10876 8089 8170 0
10877 8170 8171 0
10878 8171 8153 0
10879 8153 8085 0
10880 8017 8085 0
10881 11725 11595 0
10882 11726 11590 0
10883 11595 11590 0
10884 9659 9888 0
10885 9888 9889 0
10886 9660 9889 0
10887 11133 11283 0
10888 11283 11284 0
10889 11134 11284 0
10890 8343 8531 0
10891 8532 8531 0
10892 8344 8343 0
10893 13595 13759 0
10894 13759 13760 0
10895 13760 13596 0
10896 13595 13596 0
10897 10281 10402 0
10898 10402 10395 0
10899 10395 10282 0
10900 10281 10282 0
10901 10871 11022 0
10902 11022 11010 0
10903 11010 10866 0
10904 10871 10866 0
10905 2510 2716 0
10906 2716 2718 0
10907 2718 2511 0
10908 2510 2511 0
10909 2536 2729 0
10910 2729 2748 0
10911 2748 2537 0
10912 2536 2537 0
10913 10636 10796 0
10914 10796 10797 0
10915 10797 10637 0
10916 10636 10637 0
10917 12290 12476 0
10918 12476 12477 0
10919 12291 12477 0
10920 12291 12290 0
10921 10447 10636 0
10922 10448 10637 0
10923 12559 12734 0
10924 12734 12722 0
10925 12722 12549 0
10926 12559 12549 0
10927 11906 12099 0
10928 12100 12099 0
10929 12100 11893 0
10930 11906 11893 0
10931 4727 4949 0
10932 4951 4949 0
10933 4715 4727 0
10934 12391 12568 0
10935 12569 12568 0
10936 12375 12391 0
10937 12681 12522 0
10938 12678 12515 0
10939 12522 12515 0
10940 2551 2763 0
10941 2763 2746 0
10942 2746 2552 0
10943 2551 2552 0
10944 12839 12728 0
10945 12840 12729 0
10946 8459 8458 0
10947 8459 8262 0
10948 8261 8262 0
10949 10028 10192 0
10950 10192 10179 0
10951 10179 10029 0
10952 10028 10029 0
10953 3113 3384 0
10954 3368 3384 0
10955 3114 3113 0
10956 8755 8910 0
10957 8910 8911 0
10958 8911 8756 0
10959 8755 8756 0
10960 14220 14301 0
10961 14301 14214 0
10962 14214 14171 0
10963 14220 14171 0
10964 4516 4502 0
10965 4291 4502 0
10966 4289 4291 0
10967 2720 2718 0
10968 2493 2511 0
10969 12540 12688 0
10970 12688 12689 0
10971 12541 12689 0
10972 3122 3323 0
10973 3323 3241 0
10974 3241 3048 0
10975 3122 3048 0
10976 2818 2970 0
10977 2970 2917 0
10978 2917 2691 0
10979 2818 2691 0
10980 3408 3627 0
10981 3627 3538 0
10982 3538 3301 0
10983 3408 3301 0
10984 3160 3348 0
10985 3268 3348 0
10986 3064 3160 0
10987 3598 3787 0
10988 3787 3708 0
10989 3708 3507 0
10990 3598 3507 0
10991 3538 3424 0
10992 3424 3230 0
10993 3301 3230 0
10994 2970 3145 0
10995 3145 3065 0
10996 2917 3065 0
10997 3627 3708 0
10998 3408 3507 0
10999 3568 3759 0
11000 3672 3759 0
11001 3672 3478 0
11002 3568 3478 0
11003 3048 2896 0
11004 2948 2896 0
11005 3323 3424 0
11006 3122 3230 0
11007 3240 3448 0
11008 3348 3448 0
11009 3160 3240 0
11010 3241 3145 0
11011 3048 2970 0
11012 2958 2959 0
11013 2959 2735 0
11014 2733 2735 0
11015 10483 10692 0
11016 10692 10693 0
11017 10693 10484 0
11018 10483 10484 0
11019 14653 14703 0
11020 14703 14655 0
11021 14612 14655 0
11022 11044 11193 0
11023 11193 11181 0
11024 11181 11037 0
11025 11044 11037 0
11026 10213 10370 0
11027 10370 10359 0
11028 10214 10359 0
11029 2834 2701 0
11030 2654 2834 0
11031 2654 2587 0
11032 2701 2587 0
11033 2701 2626 0
11034 2486 2587 0
11035 2486 2626 0
11036 10788 10774 0
11037 10774 10500 0
11038 10499 10500 0
11039 10348 10474 0
11040 10474 10475 0
11041 10475 10349 0
11042 10348 10349 0
11043 10860 11018 0
11044 11018 11019 0
11045 10861 11019 0
11046 10876 11044 0
11047 10868 11037 0
11048 10846 11005 0
11049 11005 11006 0
11050 11006 10847 0
11051 10846 10847 0
11052 3282 3449 0
11053 3427 3449 0
11054 3427 3279 0
11055 3282 3279 0
11056 11696 11878 0
11057 11878 11867 0
11058 11867 11697 0
11059 11696 11697 0
11060 10281 10161 0
11061 10282 10162 0
11062 10161 10162 0
11063 13766 14083 0
11064 14083 14056 0
11065 14056 13742 0
11066 13766 13742 0
11067 12369 12384 0
11068 12043 12031 0
11069 8112 8006 0
11070 8106 8011 0
11071 8011 8006 0
11072 3724 3569 0
11073 3724 3819 0
11074 3819 3619 0
11075 3619 3559 0
11076 3569 3559 0
11077 8592 8422 0
11078 8593 8423 0
11079 8422 8423 0
11080 8792 8958 0
11081 8958 8959 0
11082 8959 8780 0
11083 8792 8780 0
11084 2950 2951 0
11085 2951 2719 0
11086 2717 2719 0
11087 9914 10095 0
11088 10095 10096 0
11089 10096 9915 0
11090 9914 9915 0
11091 9174 9331 0
11092 9331 9332 0
11093 9332 9175 0
11094 9174 9175 0
11095 9419 9577 0
11096 9577 9578 0
11097 9420 9578 0
11098 13050 13167 0
11099 13155 13167 0
11100 13039 13155 0
11101 7609 7713 0
11102 7704 7713 0
11103 7704 7603 0
11104 7609 7603 0
11105 7789 7713 0
11106 7704 7784 0
11107 13787 13941 0
11108 13941 13942 0
11109 13942 13785 0
11110 13787 13785 0
11111 10030 10193 0
11112 10193 10180 0
11113 10023 10180 0
11114 4066 4157 0
11115 4157 4029 0
11116 4029 3973 0
11117 4066 3973 0
11118 11860 11888 0
11119 11663 11888 0
11120 11663 11628 0
11121 11860 11628 0
11122 3552 3531 0
11123 3291 3269 0
11124 5222 5357 0
11125 5357 5351 0
11126 5214 5351 0
11127 10822 10664 0
11128 10810 10665 0
11129 10664 10665 0
11130 3394 3396 0
11131 3396 3123 0
11132 3161 3123 0
11133 4029 3948 0
11134 3948 3864 0
11135 3973 3864 0
11136 4396 4295 0
11137 4295 4212 0
11138 4321 4212 0
11139 4212 4280 0
11140 4157 4280 0
11141 4066 4212 0
11142 13685 13824 0
11143 13824 13825 0
11144 13825 13686 0
11145 13685 13686 0
11146 12429 12548 0
11147 12542 12548 0
11148 12422 12429 0
11149 9250 9377 0
11150 9377 9378 0
11151 9378 9251 0
11152 9250 9251 0
11153 10352 10189 0
11154 10352 10345 0
11155 10345 10190 0
11156 10189 10190 0
11157 14371 14248 0
11158 14367 14249 0
11159 14248 14249 0
11160 12893 12742 0
11161 12885 12743 0
11162 11558 11684 0
11163 11684 11674 0
11164 11674 11547 0
11165 11558 11547 0
11166 13262 13438 0
11167 13438 13423 0
11168 13423 13254 0
11169 13262 13254 0
11170 10099 10264 0
11171 10100 10265 0
11172 10500 10231 0
11173 10500 10491 0
11174 10491 10463 0
11175 10463 10468 0
11176 10468 10232 0
11177 10231 10232 0
11178 11293 11457 0
11179 11457 11443 0
11180 11283 11443 0
11181 11283 11293 0
11182 9688 9504 0
11183 9671 9491 0
11184 9504 9491 0
11185 10498 10245 0
11186 10499 10246 0
11187 10245 10246 0
11188 1458 1593 0
11189 1593 1587 0
11190 1587 1460 0
11191 1458 1460 0
11192 13017 12868 0
11193 13018 12861 0
11194 12868 12861 0
11195 2749 2966 0
11196 2967 2966 0
11197 2731 2749 0
11198 10934 11082 0
11199 11082 11071 0
11200 11071 10927 0
11201 10934 10927 0
11202 13685 13534 0
11203 13686 13535 0
11204 13534 13535 0
11205 6558 6815 0
11206 6803 6815 0
11207 6547 6558 0
11208 11443 11444 0
11209 11284 11444 0
11210 14250 14166 0
11211 14251 14167 0
11212 14166 14167 0
11213 12364 12357 0
11214 12357 12024 0
11215 12023 12024 0
11216 10231 10246 0
11217 13107 13262 0
11218 13101 13254 0
11219 10027 10209 0
11220 10021 10210 0
11221 4303 4469 0
11222 4304 4464 0
11223 2522 2730 0
11224 2730 2732 0
11225 2732 2523 0
11226 2522 2523 0
11227 14248 14164 0
11228 14249 14165 0
11229 14164 14165 0
11230 10244 10513 0
11231 10498 10513 0
11232 10245 10244 0
11233 10052 10211 0
11234 10211 10212 0
11235 10212 10053 0
11236 10052 10053 0
11237 10512 10243 0
11238 10512 10513 0
11239 10244 10243 0
11240 10517 10519 0
11241 10261 10251 0
11242 11197 11059 0
11243 11198 11060 0
11244 11059 11060 0
11245 7648 7783 0
11246 7783 7778 0
11247 7636 7778 0
11248 9275 9426 0
11249 9419 9426 0
11250 9261 9275 0
11251 13088 13199 0
11252 13199 13192 0
11253 13080 13192 0
11254 8899 8983 0
11255 9068 8983 0
11256 9069 9068 0
11257 9069 8900 0
11258 8899 8900 0
11259 9965 10137 0
11260 10137 10124 0
11261 9966 10124 0
11262 10647 10749 0
11263 10631 10750 0
11264 6067 6068 0
11265 6068 5859 0
11266 5858 5859 0
11267 10727 10882 0
11268 10882 10894 0
11269 10894 10728 0
11270 10727 10728 0
11271 10242 10510 0
11272 10512 10510 0
11273 10243 10242 0
11274 10520 10817 0
11275 10803 10817 0
11276 10522 10520 0
11277 11293 11138 0
11278 11133 11138 0
11279 2747 2965 0
11280 2966 2965 0
11281 2749 2747 0
11282 8588 8738 0
11283 8589 8729 0
11284 8020 7913 0
11285 8014 7893 0
11286 14778 14703 0
11287 14707 14655 0
11288 1452 1603 0
11289 1603 1636 0
11290 1441 1636 0
11291 1441 1452 0
11292 752 954 0
11293 954 955 0
11294 955 744 0
11295 752 744 0
11296 11977 11807 0
11297 11970 11808 0
11298 11807 11808 0
11299 9399 9245 0
11300 9244 9245 0
11301 13705 13835 0
11302 13836 13835 0
11303 13836 13694 0
11304 13705 13694 0
11305 13944 14070 0
11306 14070 14064 0
11307 13934 14064 0
11308 13944 13934 0
11309 5289 5436 0
11310 5436 5428 0
11311 5428 5280 0
11312 5289 5280 0
11313 12018 12017 0
11314 11710 11709 0
11315 3382 3384 0
11316 3125 3113 0
11317 3336 3068 0
11318 3227 3349 0
11319 3222 3059 0
11320 3068 3059 0
11321 14363 14240 0
11322 14329 14241 0
11323 14240 14241 0
11324 13340 13532 0
11325 13532 13524 0
11326 13341 13524 0
11327 8388 8228 0
11328 9250 9049 0
11329 9251 9050 0
11330 9049 9050 0
11331 12688 12868 0
11332 12861 12702 0
11333 12688 12702 0
11334 7312 7313 0
11335 7313 7081 0
11336 7080 7081 0
11337 4503 4502 0
11338 4281 4576 0
11339 4567 4576 0
11340 4267 4281 0
11341 7138 7254 0
11342 7351 7254 0
11343 7127 7138 0
11344 7972 7804 0
11345 7973 7798 0
11346 7804 7798 0
11347 1273 1457 0
11348 1457 1465 0
11349 1465 1264 0
11350 1273 1264 0
11351 2521 2750 0
11352 2730 2750 0
11353 2522 2521 0
11354 1823 1831 0
11355 1684 1683 0
11356 8544 8775 0
11357 8775 8776 0
11358 8776 8545 0
11359 8544 8545 0
11360 3986 4270 0
11361 4256 4270 0
11362 3910 3986 0
11363 15009 15016 0
11364 15016 15041 0
11365 15041 15060 0
11366 15129 15060 0
11367 9459 9310 0
11368 9454 9304 0
11369 9310 9304 0
11370 10521 10523 0
11371 10523 10253 0
11372 10252 10253 0
11373 3095 3341 0
11374 3341 3343 0
11375 3343 3096 0
11376 3095 3096 0
11377 11128 11298 0
11378 11298 11299 0
11379 11122 11299 0
11380 11122 11128 0
11381 11823 11659 0
11382 11812 11660 0
11383 11659 11660 0
11384 2818 2896 0
11385 13511 13472 0
11386 13472 13425 0
11387 13373 13425 0
11388 4575 4576 0
11389 4297 4281 0
11390 13059 13159 0
11391 13159 13067 0
11392 13067 13124 0
11393 13124 13023 0
11394 13023 12992 0
11395 13059 12992 0
11396 14080 14167 0
11397 14167 14154 0
11398 14081 14154 0
11399 9687 9872 0
11400 9873 9872 0
11401 9688 9687 0
11402 11556 11682 0
11403 11682 11683 0
11404 11683 11546 0
11405 11556 11546 0
11406 13757 13915 0
11407 13915 13860 0
11408 13860 13697 0
11409 13757 13697 0
11410 14451 14588 0
11411 14588 14568 0
11412 14568 14452 0
11413 14451 14452 0
11414 11139 11321 0
11415 11321 11353 0
11416 11353 11172 0
11417 11139 11172 0
11418 10697 10494 0
11419 10698 10495 0
11420 10494 10495 0
11421 12368 12549 0
11422 12993 12866 0
11423 12855 12983 0
11424 12855 12866 0
11425 11540 11669 0
11426 11669 11658 0
11427 11658 11541 0
11428 11540 11541 0
11429 10444 10311 0
11430 10445 10312 0
11431 10311 10312 0
11432 3807 3871 0
11433 3871 3897 0
11434 3897 3954 0
11435 3982 3954 0
11436 3982 3945 0
11437 3945 3746 0
11438 3807 3746 0
11439 10664 10496 0
11440 10665 10497 0
11441 10496 10497 0
11442 12001 12197 0
11443 12198 12197 0
11444 12198 12002 0
11445 12001 12002 0
11446 11838 11978 0
11447 11839 11971 0
11448 13703 13532 0
11449 13704 13524 0
11450 8448 8623 0
11451 8623 8609 0
11452 8609 8508 0
11453 8448 8508 0
11454 6516 6517 0
11455 6517 6266 0
11456 6273 6266 0
11457 13778 13943 0
11458 13943 13932 0
11459 13932 13772 0
11460 13778 13772 0
11461 6813 6814 0
11462 6814 6557 0
11463 6556 6557 0
11464 2714 2716 0
11465 2509 2510 0
11466 10431 10615 0
11467 10426 10616 0
11468 4908 4909 0
11469 4909 4640 0
11470 4643 4640 0
11471 10192 10341 0
11472 10341 10342 0
11473 10179 10342 0
11474 6920 7176 0
11475 7177 7176 0
11476 6921 6920 0
11477 11393 11558 0
11478 11385 11547 0
11479 14400 14471 0
11480 14471 14446 0
11481 14306 14446 0
11482 14306 14400 0
11483 10513 10786 0
11484 10787 10786 0
11485 14164 14078 0
11486 14165 14069 0
11487 14078 14069 0
11488 2951 2952 0
11489 2952 2703 0
11490 2719 2703 0
11491 9000 9177 0
11492 9177 9176 0
11493 9176 9001 0
11494 9000 9001 0
11495 3359 3341 0
11496 3094 3095 0
11497 10514 10402 0
11498 10503 10395 0
11499 6517 6507 0
11500 6507 6267 0
11501 6266 6267 0
11502 13714 13870 0
11503 13871 13870 0
11504 13871 13702 0
11505 8505 8413 0
11506 8496 8414 0
11507 6271 6514 0
11508 6515 6514 0
11509 6272 6271 0
11510 14587 14588 0
11511 14451 14459 0
11512 14587 14459 0
11513 13064 13222 0
11514 13222 13223 0
11515 13065 13223 0
11516 12908 12959 0
11517 12653 12908 0
11518 12653 12736 0
11519 12959 12736 0
11520 10650 10476 0
11521 10639 10465 0
11522 10476 10465 0
11523 12382 12383 0
11524 12041 12042 0
11525 13705 13558 0
11526 13694 13547 0
11527 13558 13547 0
11528 14070 14155 0
11529 14155 14150 0
11530 14064 14150 0
11531 11334 11467 0
11532 11467 11469 0
11533 11469 11324 0
11534 11334 11324 0
11535 14770 14873 0
11536 14834 14873 0
11537 14715 14770 0
11538 10291 10137 0
11539 10292 10144 0
11540 10137 10144 0
11541 13952 14078 0
11542 13949 14069 0
11543 13949 13952 0
11544 10510 10523 0
11545 10242 10253 0
11546 11622 11585 0
11547 11622 11530 0
11548 11530 11474 0
11549 11585 11474 0
11550 1376 1272 0
11551 1272 1169 0
11552 1238 1169 0
11553 8260 8262 0
11554 8262 8189 0
11555 8189 8150 0
11556 8150 8035 0
11557 8260 8035 0
11558 9422 9423 0
11559 9423 9264 0
11560 9263 9264 0
11561 8800 8977 0
11562 8977 8967 0
11563 8967 8791 0
11564 8800 8791 0
11565 6714 6953 0
11566 6953 6954 0
11567 6954 6715 0
11568 6714 6715 0
11569 7408 7590 0
11570 7590 7583 0
11571 7583 7409 0
11572 7408 7409 0
11573 4541 4531 0
11574 4531 4309 0
11575 4288 4309 0
11576 3788 3753 0
11577 3552 3532 0
11578 8958 9136 0
11579 9136 9137 0
11580 8959 9137 0
11581 5287 5561 0
11582 5561 5562 0
11583 5562 5288 0
11584 5287 5288 0
11585 5470 5471 0
11586 5471 5234 0
11587 5239 5234 0
11588 5235 5461 0
11589 5461 5462 0
11590 5462 5236 0
11591 5235 5236 0
11592 4310 4535 0
11593 4527 4535 0
11594 7086 7319 0
11595 7319 7320 0
11596 7320 7087 0
11597 7086 7087 0
11598 4941 4942 0
11599 4942 4703 0
11600 4716 4703 0
11601 13759 13902 0
11602 13902 13903 0
11603 13760 13903 0
11604 11659 11535 0
11605 11660 11536 0
11606 11535 11536 0
11607 9921 9678 0
11608 9921 9922 0
11609 9922 9679 0
11610 9678 9679 0
11611 2212 2420 0
11612 2420 2421 0
11613 2421 2199 0
11614 2212 2199 0
11615 7261 7372 0
11616 7372 7373 0
11617 7373 7262 0
11618 7261 7262 0
11619 13611 13496 0
11620 13600 13497 0
11621 13496 13497 0
11622 10846 10861 0
11623 10669 10668 0
11624 2762 2973 0
11625 2973 2974 0
11626 2974 2744 0
11627 2762 2744 0
11628 5231 5458 0
11629 5458 5459 0
11630 5459 5216 0
11631 5231 5216 0
11632 13325 13514 0
11633 13514 13515 0
11634 13515 13318 0
11635 13325 13318 0
11636 11678 11807 0
11637 11679 11808 0
11638 10026 10152 0
11639 10152 10153 0
11640 10027 10153 0
11641 11862 11979 0
11642 11979 11980 0
11643 11863 11980 0
11644 7529 7621 0
11645 7621 7622 0
11646 7622 7521 0
11647 7529 7521 0
11648 10459 10360 0
11649 10459 10452 0
11650 10452 10356 0
11651 10360 10356 0
11652 10430 10569 0
11653 10569 10556 0
11654 10556 10424 0
11655 10430 10424 0
11656 8385 8479 0
11657 8479 8469 0
11658 8469 8375 0
11659 8385 8375 0
11660 9367 9466 0
11661 9466 9462 0
11662 9462 9359 0
11663 9367 9359 0
11664 9291 9162 0
11665 9281 9163 0
11666 9162 9163 0
11667 14569 14568 0
11668 14453 14452 0
11669 8770 8925 0
11670 8910 8925 0
11671 8755 8770 0
11672 11714 11591 0
11673 11590 11591 0
11674 13576 13713 0
11675 13713 13701 0
11676 13701 13631 0
11677 13631 13577 0
11678 13576 13577 0
11679 7344 7544 0
11680 7535 7544 0
11681 7345 7344 0
11682 7704 7804 0
11683 7694 7798 0
11684 11210 11082 0
11685 11202 11071 0
11686 13548 13695 0
11687 13685 13695 0
11688 13534 13548 0
11689 13840 13937 0
11690 13937 13858 0
11691 13858 13756 0
11692 13840 13756 0
11693 7743 7956 0
11694 7956 7957 0
11695 7957 7730 0
11696 7743 7730 0
11697 8881 9007 0
11698 9007 9008 0
11699 9008 8882 0
11700 8881 8882 0
11701 6149 6150 0
11702 6150 5928 0
11703 5927 5928 0
11704 10648 10474 0
11705 10649 10475 0
11706 8330 8217 0
11707 8330 8331 0
11708 8331 8218 0
11709 8217 8218 0
11710 12642 12680 0
11711 12680 12518 0
11712 12518 12488 0
11713 12642 12488 0
11714 11195 11087 0
11715 11194 11093 0
11716 7386 7577 0
11717 7577 7578 0
11718 7578 7387 0
11719 7386 7387 0
11720 8814 8986 0
11721 8987 8986 0
11722 8987 8815 0
11723 8814 8815 0
11724 9385 9542 0
11725 9542 9535 0
11726 9375 9535 0
11727 9375 9385 0
11728 12497 12656 0
11729 12656 12645 0
11730 12645 12498 0
11731 12497 12498 0
11732 557 677 0
11733 678 677 0
11734 480 495 0
11735 557 495 0
11736 12994 13131 0
11737 13132 13131 0
11738 13132 12995 0
11739 12994 12995 0
11740 11888 11915 0
11741 11915 11686 0
11742 11663 11686 0
11743 11590 11443 0
11744 11444 11591 0
11745 9878 10028 0
11746 9857 10029 0
11747 2734 2732 0
11748 2524 2523 0
11749 11168 11319 0
11750 11319 11320 0
11751 11160 11320 0
11752 11179 11357 0
11753 11347 11357 0
11754 11180 11179 0
11755 10341 10476 0
11756 10342 10465 0
11757 13932 13933 0
11758 13933 13773 0
11759 13772 13773 0
11760 1482 1599 0
11761 1599 1600 0
11762 1600 1483 0
11763 1482 1483 0
11764 4885 5113 0
11765 5113 5102 0
11766 5102 4872 0
11767 4885 4872 0
11768 7508 7647 0
11769 7648 7647 0
11770 7501 7508 0
11771 12809 12847 0
11772 12971 12847 0
11773 12972 12971 0
11774 12802 12809 0
11775 6427 6672 0
11776 6672 6673 0
11777 6673 6428 0
11778 6427 6428 0
11779 4767 4835 0
11780 4835 4756 0
11781 4756 4658 0
11782 4767 4658 0
11783 3077 3314 0
11784 3315 3314 0
11785 3315 3078 0
11786 3077 3078 0
11787 8813 8802 0
11788 8802 8574 0
11789 8573 8574 0
11790 5524 5742 0
11791 5742 5743 0
11792 5743 5525 0
11793 5524 5525 0
11794 8326 8510 0
11795 8510 8511 0
11796 8511 8327 0
11797 8326 8327 0
11798 12498 12367 0
11799 12498 12490 0
11800 12490 12361 0
11801 12367 12361 0
11802 11967 12106 0
11803 12106 12155 0
11804 12155 12156 0
11805 12156 12107 0
11806 12107 11968 0
11807 11967 11968 0
11808 5883 6091 0
11809 6091 6092 0
11810 6092 5876 0
11811 5883 5876 0
11812 5599 5819 0
11813 5819 5806 0
11814 5806 5590 0
11815 5599 5590 0
11816 7425 7426 0
11817 7178 7179 0
11818 11468 11587 0
11819 11587 11581 0
11820 11581 11462 0
11821 11468 11462 0
11822 10894 10888 0
11823 10888 10723 0
11824 10728 10723 0
11825 13972 14087 0
11826 14087 14035 0
11827 14035 13910 0
11828 13972 13910 0
11829 11919 12091 0
11830 12091 12105 0
11831 12105 12046 0
11832 12046 11909 0
11833 11919 11909 0
11834 10263 10375 0
11835 10375 10365 0
11836 10254 10365 0
11837 8166 8266 0
11838 8266 8267 0
11839 8267 8167 0
11840 8166 8167 0
11841 9137 9016 0
11842 9137 9122 0
11843 9122 9011 0
11844 9016 9011 0
11845 12284 12308 0
11846 12308 12140 0
11847 12140 12113 0
11848 12284 12113 0
11849 9249 9107 0
11850 9249 9238 0
11851 9238 9108 0
11852 9107 9108 0
11853 8454 8586 0
11854 8586 8587 0
11855 8587 8455 0
11856 8454 8455 0
11857 5479 5699 0
11858 5699 5700 0
11859 5700 5480 0
11860 5479 5480 0
11861 6133 6312 0
11862 6313 6312 0
11863 6118 6133 0
11864 14290 14430 0
11865 14430 14391 0
11866 14391 14239 0
11867 14290 14239 0
11868 6479 6730 0
11869 6730 6731 0
11870 6731 6480 0
11871 6479 6480 0
11872 767 982 0
11873 982 983 0
11874 983 759 0
11875 767 759 0
11876 6270 6521 0
11877 6514 6521 0
11878 6271 6270 0
11879 11921 11740 0
11880 11922 11741 0
11881 11740 11741 0
11882 9580 9834 0
11883 9834 9820 0
11884 9820 9855 0
11885 9581 9855 0
11886 9580 9581 0
11887 10883 11049 0
11888 11050 11049 0
11889 11050 10884 0
11890 8977 9150 0
11891 9150 9151 0
11892 8967 9151 0
11893 9539 9532 0
11894 9432 9532 0
11895 12233 12322 0
11896 12322 12234 0
11897 12127 12234 0
11898 10634 10743 0
11899 10743 10744 0
11900 10744 10635 0
11901 10634 10635 0
11902 12322 12436 0
11903 12436 12323 0
11904 12234 12323 0
11905 12774 12648 0
11906 12639 12775 0
11907 12639 12648 0
11908 10357 10453 0
11909 10453 10454 0
11910 10454 10350 0
11911 10357 10350 0
11912 10916 10795 0
11913 10916 10917 0
11914 10917 10778 0
11915 10795 10778 0
11916 11151 11290 0
11917 11290 11281 0
11918 11281 11152 0
11919 11151 11152 0
11920 8052 8120 0
11921 8111 8046 0
11922 8052 8046 0
11923 8291 8292 0
11924 8292 8184 0
11925 8183 8184 0
11926 11256 11144 0
11927 11256 11257 0
11928 11257 11137 0
11929 11144 11137 0
11930 12912 13031 0
11931 13031 13022 0
11932 13022 12913 0
11933 12912 12913 0
11934 9997 10122 0
11935 10122 10113 0
11936 10113 9991 0
11937 9997 9991 0
11938 12657 12811 0
11939 12811 12804 0
11940 12646 12804 0
11941 13175 13350 0
11942 13350 13351 0
11943 13166 13351 0
11944 13166 13175 0
11945 14252 14154 0
11946 4004 4339 0
11947 4325 4339 0
11948 4325 4005 0
11949 4004 4005 0
11950 6494 6770 0
11951 6765 6770 0
11952 6765 6495 0
11953 6494 6495 0
11954 4539 4540 0
11955 4261 4274 0
11956 7200 7439 0
11957 7433 7439 0
11958 7201 7200 0
11959 6120 6315 0
11960 6315 6316 0
11961 6316 6121 0
11962 6120 6121 0
11963 6508 6507 0
11964 6268 6267 0
11965 8231 8080 0
11966 8081 8080 0
11967 6919 7175 0
11968 7176 7175 0
11969 6920 6919 0
11970 6487 6488 0
11971 6259 6260 0
11972 6457 6719 0
11973 6719 6720 0
11974 6720 6458 0
11975 6457 6458 0
11976 6390 6391 0
11977 6391 6175 0
11978 6174 6175 0
11979 7740 7953 0
11980 7953 7954 0
11981 7954 7741 0
11982 7740 7741 0
11983 4726 4948 0
11984 4949 4948 0
11985 4727 4726 0
11986 14185 14305 0
11987 14305 14190 0
11988 14190 14131 0
11989 14185 14131 0
11990 12947 13051 0
11991 13051 12967 0
11992 12967 12877 0
11993 12947 12877 0
11994 8769 8873 0
11995 8873 8864 0
11996 8864 8753 0
11997 8769 8753 0
11998 9120 9246 0
11999 9246 9247 0
12000 9247 9106 0
12001 9120 9106 0
12002 6467 6732 0
12003 6732 6733 0
12004 6733 6468 0
12005 6467 6468 0
12006 11104 11211 0
12007 11212 11211 0
12008 11105 11212 0
12009 11105 11104 0
12010 10469 10618 0
12011 10618 10609 0
12012 10609 10470 0
12013 10469 10470 0
12014 9472 9636 0
12015 9636 9626 0
12016 9626 9464 0
12017 9472 9464 0
12018 11533 11690 0
12019 11682 11690 0
12020 11682 11521 0
12021 11533 11521 0
12022 6702 6941 0
12023 6941 6942 0
12024 6942 6703 0
12025 6702 6703 0
12026 6497 6496 0
12027 6264 6263 0
12028 8564 8806 0
12029 8806 8795 0
12030 8795 8565 0
12031 8564 8565 0
12032 13374 13513 0
12033 13506 13513 0
12034 13506 13375 0
12035 13374 13375 0
12036 9466 9593 0
12037 9593 9576 0
12038 9462 9576 0
12039 7542 7543 0
12040 7543 7343 0
12041 7342 7343 0
12042 13132 13247 0
12043 13247 13248 0
12044 13133 13248 0
12045 8820 8694 0
12046 8816 8695 0
12047 8694 8695 0
12048 9918 10052 0
12049 9901 10053 0
12050 9358 9456 0
12051 9456 9457 0
12052 9457 9352 0
12053 9358 9352 0
12054 11566 11731 0
12055 11731 11721 0
12056 11721 11560 0
12057 11566 11560 0
12058 8561 8721 0
12059 8715 8721 0
12060 8715 8562 0
12061 13643 13468 0
12062 13644 13460 0
12063 13468 13460 0
12064 14079 14166 0
12065 2748 2750 0
12066 2537 2521 0
12067 8840 9000 0
12068 9001 8831 0
12069 8840 8831 0
12070 7609 7514 0
12071 7507 7603 0
12072 7507 7514 0
12073 4141 4242 0
12074 4242 4045 0
12075 4045 3979 0
12076 4141 3979 0
12077 4037 4141 0
12078 3979 3909 0
12079 4037 3909 0
12080 5828 6054 0
12081 6054 6043 0
12082 6043 5829 0
12083 5828 5829 0
12084 8283 8500 0
12085 8492 8500 0
12086 8284 8283 0
12087 12564 12740 0
12088 12731 12740 0
12089 12565 12564 0
12090 12916 13089 0
12091 13082 13089 0
12092 12917 12916 0
12093 12033 12032 0
12094 11730 11729 0
12095 10311 10159 0
12096 10312 10160 0
12097 10159 10160 0
12098 7007 7008 0
12099 7008 6763 0
12100 6762 6763 0
12101 10433 10313 0
12102 10433 10434 0
12103 10434 10314 0
12104 10313 10314 0
12105 5430 5421 0
12106 5421 5201 0
12107 5200 5201 0
12108 8511 8512 0
12109 8512 8308 0
12110 8327 8308 0
12111 5505 5721 0
12112 5721 5722 0
12113 5722 5506 0
12114 5505 5506 0
12115 9552 9732 0
12116 9732 9714 0
12117 9714 9553 0
12118 9552 9553 0
12119 1468 1602 0
12120 1591 1602 0
12121 1469 1468 0
12122 6147 6143 0
12123 6143 5920 0
12124 5919 5920 0
12125 760 963 0
12126 963 964 0
12127 964 761 0
12128 760 761 0
12129 12342 12475 0
12130 12475 12459 0
12131 12459 12329 0
12132 12342 12329 0
12133 10360 10235 0
12134 10356 10236 0
12135 10235 10236 0
12136 4282 4534 0
12137 4535 4534 0
12138 11395 11530 0
12139 11395 11379 0
12140 11379 11446 0
12141 11474 11446 0
12142 12937 13045 0
12143 13045 13046 0
12144 12938 13046 0
12145 7807 7726 0
12146 7801 7727 0
12147 7726 7727 0
12148 11246 11367 0
12149 11367 11355 0
12150 11355 11236 0
12151 11246 11236 0
12152 8197 8300 0
12153 8300 8301 0
12154 8198 8301 0
12155 12221 12343 0
12156 12343 12332 0
12157 12222 12332 0
12158 12222 12221 0
12159 12070 12219 0
12160 12219 12209 0
12161 12209 12071 0
12162 12070 12071 0
12163 14352 14255 0
12164 14353 14330 0
12165 14330 14321 0
12166 14267 14321 0
12167 14267 14204 0
12168 14255 14204 0
12169 11229 11056 0
12170 11057 11056 0
12171 7701 7901 0
12172 7901 7902 0
12173 7902 7702 0
12174 7701 7702 0
12175 6422 6674 0
12176 6674 6659 0
12177 6659 6423 0
12178 6422 6423 0
12179 3381 3396 0
12180 3124 3123 0
12181 13553 13718 0
12182 13711 13718 0
12183 13554 13553 0
12184 11340 11480 0
12185 11480 11481 0
12186 11481 11341 0
12187 11340 11341 0
12188 5286 5560 0
12189 5561 5560 0
12190 5287 5286 0
12191 2421 2422 0
12192 2422 2201 0
12193 2199 2201 0
12194 10528 10656 0
12195 10656 10657 0
12196 10529 10657 0
12197 2422 2404 0
12198 2404 2202 0
12199 2201 2202 0
12200 4725 4963 0
12201 4948 4963 0
12202 4726 4725 0
12203 2561 2757 0
12204 2757 2759 0
12205 2759 2549 0
12206 2561 2549 0
12207 1267 1449 0
12208 1449 1459 0
12209 1459 1268 0
12210 1267 1268 0
12211 10693 10795 0
12212 10778 10684 0
12213 10693 10684 0
12214 13631 13753 0
12215 13753 13749 0
12216 13749 13632 0
12217 13631 13632 0
12218 10780 10672 0
12219 10780 10767 0
12220 10767 10673 0
12221 10672 10673 0
12222 13375 13244 0
12223 13375 13376 0
12224 13376 13236 0
12225 13244 13236 0
12226 9083 8985 0
12227 9084 8982 0
12228 8985 8982 0
12229 13008 13181 0
12230 13009 13169 0
12231 9109 9305 0
12232 9305 9306 0
12233 9306 9110 0
12234 9109 9110 0
12235 10453 10662 0
12236 10662 10655 0
12237 10454 10655 0
12238 10640 10772 0
12239 10772 10773 0
12240 10773 10641 0
12241 10640 10641 0
12242 10370 10496 0
12243 10359 10497 0
12244 4355 4361 0
12245 4355 4133 0
12246 4133 4266 0
12247 4361 4266 0
12248 14240 14155 0
12249 14241 14150 0
12250 10073 9900 0
12251 9899 9900 0
12252 8614 8792 0
12253 8600 8780 0
12254 11327 11522 0
12255 11522 11523 0
12256 11523 11328 0
12257 11327 11328 0
12258 433 444 0
12259 219 218 0
12260 5507 5708 0
12261 5708 5709 0
12262 5709 5491 0
12263 5507 5491 0
12264 9289 9169 0
12265 9289 9279 0
12266 9279 9160 0
12267 9169 9160 0
12268 13597 13731 0
12269 13731 13725 0
12270 13725 13590 0
12271 13597 13590 0
12272 13595 13491 0
12273 13596 13492 0
12274 13491 13492 0
12275 11629 11538 0
12276 11630 11531 0
12277 11538 11531 0
12278 11682 11810 0
12279 11810 11811 0
12280 11683 11811 0
12281 4962 5184 0
12282 5184 5185 0
12283 4963 5185 0
12284 4962 4963 0
12285 3343 3334 0
12286 3334 3089 0
12287 3096 3089 0
12288 7707 7916 0
12289 7917 7916 0
12290 7708 7707 0
12291 7139 7140 0
12292 7140 6888 0
12293 6887 6888 0
12294 5246 5490 0
12295 5490 5476 0
12296 5476 5247 0
12297 5246 5247 0
12298 4531 4532 0
12299 4323 4532 0
12300 4323 4309 0
12301 9862 9906 0
12302 9906 9890 0
12303 9862 9890 0
12304 9892 9910 0
12305 9912 9910 0
12306 9912 9892 0
12307 9905 10005 0
12308 10005 9995 0
12309 9995 9868 0
12310 9868 9866 0
12311 9866 9913 0
12312 9913 9911 0
12313 9911 9981 0
12314 9981 9968 0
12315 9905 9968 0
12316 4906 5129 0
12317 5129 5120 0
12318 5120 4907 0
12319 4906 4907 0
12320 2175 2406 0
12321 2406 2407 0
12322 2407 2177 0
12323 2175 2177 0
12324 14347 14291 0
12325 14182 14291 0
12326 14182 14205 0
12327 2187 2424 0
12328 2424 2425 0
12329 2425 2174 0
12330 2187 2174 0
12331 5489 5490 0
12332 5245 5246 0
12333 5868 6078 0
12334 6078 6079 0
12335 6079 5869 0
12336 5868 5869 0
12337 11023 11127 0
12338 11127 11121 0
12339 11011 11121 0
12340 7078 7322 0
12341 7323 7322 0
12342 7079 7078 0
12343 4005 4275 0
12344 4270 4275 0
12345 3986 4005 0
12346 7397 7584 0
12347 7584 7585 0
12348 7585 7398 0
12349 7397 7398 0
12350 6737 6978 0
12351 6979 6978 0
12352 6721 6737 0
12353 6089 6282 0
12354 6283 6282 0
12355 6090 6089 0
12356 3609 3608 0
12357 3326 3325 0
12358 9117 9118 0
12359 9118 8868 0
12360 8880 8868 0
12361 13676 13543 0
12362 13664 13544 0
12363 13543 13544 0
12364 10198 10326 0
12365 10320 10326 0
12366 10320 10199 0
12367 10198 10199 0
12368 5591 5807 0
12369 5807 5808 0
12370 5808 5592 0
12371 5591 5592 0
12372 6143 6144 0
12373 6144 5909 0
12374 5920 5909 0
12375 11280 11389 0
12376 11389 11380 0
12377 11273 11380 0
12378 11273 11280 0
12379 7365 7563 0
12380 7563 7564 0
12381 7564 7366 0
12382 7365 7366 0
12383 13288 13458 0
12384 13458 13397 0
12385 13397 13224 0
12386 13288 13224 0
12387 11880 11767 0
12388 11872 11761 0
12389 11767 11761 0
12390 13056 13170 0
12391 13170 13171 0
12392 13041 13171 0
12393 8882 8767 0
12394 8882 8872 0
12395 8872 8768 0
12396 8767 8768 0
12397 9957 10071 0
12398 10072 10071 0
12399 10072 9958 0
12400 9957 9958 0
12401 12737 12614 0
12402 12727 12607 0
12403 13629 13748 0
12404 13743 13614 0
12405 13629 13614 0
12406 13543 13419 0
12407 13544 13420 0
12408 13419 13420 0
12409 10943 11057 0
12410 10944 11058 0
12411 11178 11304 0
12412 11304 11305 0
12413 11305 11166 0
12414 11178 11166 0
12415 9943 10051 0
12416 10038 10051 0
12417 10038 9932 0
12418 9943 9932 0
12419 9299 9395 0
12420 9395 9396 0
12421 9396 9300 0
12422 9299 9300 0
12423 7796 7937 0
12424 7938 7937 0
12425 7938 7797 0
12426 7796 7797 0
12427 10357 10247 0
12428 10350 10234 0
12429 10247 10234 0
12430 7791 7710 0
12431 7792 7711 0
12432 7710 7711 0
12433 13552 13680 0
12434 13680 13672 0
12435 13672 13539 0
12436 13552 13539 0
12437 10335 10218 0
12438 10336 10219 0
12439 10218 10219 0
12440 10118 10235 0
12441 10236 10126 0
12442 10118 10126 0
12443 12583 12686 0
12444 12686 12687 0
12445 12687 12584 0
12446 12583 12584 0
12447 7644 7744 0
12448 7744 7745 0
12449 7745 7645 0
12450 7644 7645 0
12451 11640 11766 0
12452 11766 11758 0
12453 11629 11758 0
12454 10625 10741 0
12455 10741 10732 0
12456 10732 10626 0
12457 10625 10626 0
12458 9320 9427 0
12459 9427 9428 0
12460 9313 9428 0
12461 8740 8933 0
12462 8916 8933 0
12463 8916 8732 0
12464 8740 8732 0
12465 8739 8932 0
12466 8932 8933 0
12467 8739 8740 0
12468 12916 12765 0
12469 12917 12755 0
12470 12765 12755 0
12471 11464 11600 0
12472 11512 11600 0
12473 11512 11352 0
12474 11464 11352 0
12475 12932 13042 0
12476 13042 13043 0
12477 12935 13043 0
12478 12935 12932 0
12479 13674 13557 0
12480 13556 13557 0
12481 13710 13587 0
12482 13587 13485 0
12483 13588 13485 0
12484 14156 14082 0
12485 14114 14026 0
12486 14082 14026 0
12487 14181 14255 0
12488 14129 14204 0
12489 11833 11684 0
12490 11834 11674 0
12491 4594 4589 0
12492 4589 4362 0
12493 4361 4362 0
12494 4361 4594 0
12495 12123 12116 0
12496 11941 12116 0
12497 11941 11940 0
12498 12123 11940 0
12499 11109 11107 0
12500 11109 10986 0
12501 10985 10986 0
12502 14499 14445 0
12503 14445 14304 0
12504 14355 14304 0
12505 3878 3948 0
12506 3711 3795 0
12507 3864 3795 0
12508 2960 2959 0
12509 2715 2735 0
12510 4891 4882 0
12511 4882 4633 0
12512 4632 4633 0
12513 1466 1601 0
12514 1602 1601 0
12515 1468 1466 0
12516 9456 9655 0
12517 9655 9643 0
12518 9457 9643 0
12519 4950 5181 0
12520 5181 5182 0
12521 5182 4940 0
12522 4950 4940 0
12523 5896 6111 0
12524 6111 6112 0
12525 6112 5887 0
12526 5896 5887 0
12527 5476 5477 0
12528 5477 5244 0
12529 5247 5244 0
12530 13287 13167 0
12531 13275 13155 0
12532 13156 13110 0
12533 12978 12923 0
12534 13110 12923 0
12535 11579 11671 0
12536 11672 11671 0
12537 11672 11580 0
12538 11579 11580 0
12539 13122 13237 0
12540 13228 13237 0
12541 13228 13108 0
12542 13122 13108 0
12543 11484 11344 0
12544 11471 11337 0
12545 11344 11337 0
12546 11106 11205 0
12547 11104 10983 0
12548 11105 10984 0
12549 10983 10984 0
12550 11766 11876 0
12551 11876 11877 0
12552 11758 11877 0
12553 11038 10926 0
12554 11038 11039 0
12555 11039 10921 0
12556 10926 10921 0
12557 12593 12699 0
12558 12700 12699 0
12559 12700 12594 0
12560 12593 12594 0
12561 1264 1440 0
12562 1440 1265 0
12563 1264 1265 0
12564 13571 13691 0
12565 13691 13692 0
12566 13565 13692 0
12567 13328 13201 0
12568 13320 13194 0
12569 13201 13194 0
12570 11647 11774 0
12571 11774 11775 0
12572 11648 11775 0
12573 11085 11191 0
12574 11191 11192 0
12575 11192 11078 0
12576 11085 11078 0
12577 8237 8412 0
12578 8412 8401 0
12579 8401 8238 0
12580 8237 8238 0
12581 11539 11408 0
12582 11408 11423 0
12583 11423 11478 0
12584 11501 11478 0
12585 5260 5512 0
12586 5512 5513 0
12587 5513 5253 0
12588 5260 5253 0
12589 7306 7307 0
12590 7307 7068 0
12591 7067 7068 0
12592 12599 12476 0
12593 12600 12477 0
12594 7041 7034 0
12595 7034 6781 0
12596 6780 6781 0
12597 5895 6110 0
12598 6111 6110 0
12599 5896 5895 0
12600 6769 6506 0
12601 6769 6770 0
12602 6506 6494 0
12603 10459 10602 0
12604 10602 10596 0
12605 10452 10596 0
12606 13011 13128 0
12607 13128 13121 0
12608 13121 13012 0
12609 13011 13012 0
12610 6561 6680 0
12611 6680 6681 0
12612 6681 6562 0
12613 6561 6562 0
12614 9026 9169 0
12615 9160 9027 0
12616 9026 9027 0
12617 9230 9082 0
12618 9217 9083 0
12619 9083 9082 0
12620 8183 8087 0
12621 8082 8184 0
12622 13404 13553 0
12623 13554 13405 0
12624 4900 5122 0
12625 5122 5123 0
12626 4889 5123 0
12627 4889 4900 0
12628 10945 11072 0
12629 11072 11062 0
12630 11062 10946 0
12631 10945 10946 0
12632 11882 11999 0
12633 11999 12000 0
12634 12000 11883 0
12635 11882 11883 0
12636 11669 11668 0
12637 11572 11669 0
12638 11571 11572 0
12639 11571 11668 0
12640 8052 7960 0
12641 8046 7961 0
12642 7960 7961 0
12643 11796 11911 0
12644 11797 11912 0
12645 6712 6967 0
12646 6967 6952 0
12647 6952 6713 0
12648 6712 6713 0
12649 5865 6075 0
12650 6075 6076 0
12651 6076 5866 0
12652 5865 5866 0
12653 11618 11739 0
12654 11739 11732 0
12655 11610 11732 0
12656 13368 13502 0
12657 13502 13489 0
12658 13357 13489 0
12659 9673 9524 0
12660 9673 9664 0
12661 9664 9525 0
12662 9524 9525 0
12663 8098 8219 0
12664 8219 8220 0
12665 8220 8099 0
12666 8098 8099 0
12667 7488 7581 0
12668 7581 7573 0
12669 7573 7481 0
12670 7488 7481 0
12671 9032 8925 0
12672 9026 8910 0
12673 10049 10178 0
12674 10178 10171 0
12675 10171 10050 0
12676 10049 10050 0
12677 6818 6924 0
12678 6924 6913 0
12679 6913 6809 0
12680 6818 6809 0
12681 7737 7964 0
12682 7964 7965 0
12683 7965 7738 0
12684 7737 7738 0
12685 13849 14009 0
12686 13956 14009 0
12687 13956 13781 0
12688 13849 13781 0
12689 3300 3537 0
12690 3448 3537 0
12691 3240 3300 0
12692 7739 7966 0
12693 7953 7966 0
12694 7740 7739 0
12695 10857 10715 0
12696 10857 10840 0
12697 10840 10716 0
12698 10715 10716 0
12699 7261 7117 0
12700 7262 7118 0
12701 7117 7118 0
12702 4696 4931 0
12703 4931 4932 0
12704 4932 4697 0
12705 4696 4697 0
12706 11681 11581 0
12707 11588 11581 0
12708 11635 11753 0
12709 11753 11754 0
12710 11625 11754 0
12711 10358 10456 0
12712 10456 10450 0
12713 10354 10450 0
12714 10354 10358 0
12715 12427 12555 0
12716 12547 12428 0
12717 9646 9493 0
12718 9646 9635 0
12719 9635 9494 0
12720 9493 9494 0
12721 13644 13523 0
12722 13516 13627 0
12723 11519 11387 0
12724 11520 11388 0
12725 8243 8365 0
12726 8365 8361 0
12727 8361 8250 0
12728 8243 8250 0
12729 9403 9493 0
12730 9494 9404 0
12731 9403 9404 0
12732 3644 3521 0
12733 3527 3633 0
12734 3527 3505 0
12735 3521 3505 0
12736 11928 11810 0
12737 11920 11811 0
12738 12504 12371 0
12739 12504 12505 0
12740 12505 12372 0
12741 12371 12372 0
12742 10741 10874 0
12743 10874 10867 0
12744 10732 10867 0
12745 996 1171 0
12746 1172 1171 0
12747 997 996 0
12748 12515 12615 0
12749 12615 12616 0
12750 12616 12516 0
12751 12515 12516 0
12752 13244 13128 0
12753 13236 13121 0
12754 3760 3965 0
12755 3863 3965 0
12756 3674 3760 0
12757 12449 12571 0
12758 12571 12562 0
12759 12562 12442 0
12760 12449 12442 0
12761 9275 9136 0
12762 9261 9137 0
12763 10875 10987 0
12764 10987 10977 0
12765 10876 10977 0
12766 10876 10875 0
12767 13030 13141 0
12768 13141 13142 0
12769 13031 13142 0
12770 13031 13030 0
12771 7803 7945 0
12772 7945 7936 0
12773 7936 7795 0
12774 7803 7795 0
12775 10285 10398 0
12776 10391 10398 0
12777 10391 10275 0
12778 10285 10275 0
12779 11903 11791 0
12780 11904 11784 0
12781 11791 11784 0
12782 8250 8144 0
12783 8250 8245 0
12784 8245 8145 0
12785 8144 8145 0
12786 6095 6290 0
12787 6290 6291 0
12788 6291 6096 0
12789 6095 6096 0
12790 12734 12898 0
12791 12898 12899 0
12792 12722 12899 0
12793 9987 10109 0
12794 10109 10097 0
12795 9984 10097 0
12796 9538 9706 0
12797 9706 9689 0
12798 9539 9689 0
12799 11907 11955 0
12800 11763 11955 0
12801 11763 11701 0
12802 11907 11701 0
12803 13490 13594 0
12804 13595 13594 0
12805 13491 13490 0
12806 11609 11993 0
12807 11993 11947 0
12808 11609 11947 0
12809 9888 10080 0
12810 10081 10080 0
12811 10081 9889 0
12812 9752 9897 0
12813 9897 9898 0
12814 9898 9743 0
12815 9752 9743 0
12816 12748 12859 0
12817 12859 12860 0
12818 12739 12860 0
12819 12307 12398 0
12820 12398 12300 0
12821 12300 12236 0
12822 12307 12236 0
12823 13641 13745 0
12824 13745 13669 0
12825 13669 13560 0
12826 13641 13560 0
12827 10628 10501 0
12828 10628 10629 0
12829 10629 10593 0
12830 10502 10593 0
12831 14435 14554 0
12832 14554 14524 0
12833 14399 14524 0
12834 14435 14399 0
12835 1014 1177 0
12836 1171 1177 0
12837 996 1014 0
12838 7678 7853 0
12839 7853 7854 0
12840 7854 7679 0
12841 7678 7679 0
12842 4003 4283 0
12843 4284 4283 0
12844 4284 4338 0
12845 4338 4339 0
12846 4004 4003 0
12847 2705 2942 0
12848 2942 2943 0
12849 2943 2706 0
12850 2705 2706 0
12851 11153 11285 0
12852 11285 11286 0
12853 11286 11154 0
12854 11153 11154 0
12855 8869 9103 0
12856 9103 9104 0
12857 9104 8870 0
12858 8869 8870 0
12859 8119 8018 0
12860 8119 8109 0
12861 8109 8013 0
12862 8018 8013 0
12863 5095 5033 0
12864 5033 4929 0
12865 5051 4929 0
12866 7315 7304 0
12867 7304 7075 0
12868 7074 7075 0
12869 4315 4524 0
12870 4524 4525 0
12871 4525 4316 0
12872 4315 4316 0
12873 13191 13302 0
12874 13302 13203 0
12875 13099 13203 0
12876 7703 7889 0
12877 7889 7890 0
12878 7890 7693 0
12879 7703 7693 0
12880 13161 13278 0
12881 13278 13279 0
12882 13153 13279 0
12883 8009 8081 0
12884 8073 7998 0
12885 8009 7998 0
12886 13259 13141 0
12887 13260 13142 0
12888 13268 13145 0
12889 13269 13146 0
12890 13145 13146 0
12891 12931 12830 0
12892 12852 12754 0
12893 12830 12754 0
12894 9110 9003 0
12895 9110 9111 0
12896 9111 8993 0
12897 9003 8993 0
12898 13298 13447 0
12899 13440 13447 0
12900 13440 13299 0
12901 13298 13299 0
12902 7568 7578 0
12903 7388 7387 0
12904 11221 11214 0
12905 11123 11214 0
12906 11122 11221 0
12907 4884 5023 0
12908 5023 5013 0
12909 4885 5013 0
12910 4885 4884 0
12911 4885 4625 0
12912 4872 4626 0
12913 4625 4626 0
12914 8439 8634 0
12915 8634 8619 0
12916 8619 8440 0
12917 8439 8440 0
12918 5856 6081 0
12919 6066 6081 0
12920 5857 5856 0
12921 13719 13856 0
12922 13856 13786 0
12923 13786 13659 0
12924 13719 13659 0
12925 6680 6809 0
12926 6809 6810 0
12927 6681 6810 0
12928 5537 5769 0
12929 5769 5760 0
12930 5760 5538 0
12931 5537 5538 0
12932 10289 10165 0
12933 10287 10166 0
12934 10165 10166 0
12935 10550 10681 0
12936 10681 10670 0
12937 10670 10551 0
12938 10550 10551 0
12939 9978 10088 0
12940 10088 10089 0
12941 10089 9963 0
12942 9978 9963 0
12943 13498 13660 0
12944 13660 13584 0
12945 13584 13442 0
12946 13498 13442 0
12947 8098 8032 0
12948 8099 8033 0
12949 8032 8033 0
12950 9010 9121 0
12951 9107 9121 0
12952 8998 9107 0
12953 7983 8059 0
12954 8059 8055 0
12955 8055 7984 0
12956 7983 7984 0
12957 8838 8960 0
12958 8960 8949 0
12959 8949 8830 0
12960 8838 8830 0
12961 9120 9008 0
12962 9106 9009 0
12963 9008 9009 0
12964 8404 8495 0
12965 8495 8488 0
12966 8488 8393 0
12967 8404 8393 0
12968 9386 9293 0
12969 9387 9290 0
12970 1272 1173 0
12971 1173 1098 0
12972 1169 1098 0
12973 11790 11667 0
12974 11781 11655 0
12975 11667 11655 0
12976 9609 9765 0
12977 9765 9766 0
12978 9766 9594 0
12979 9609 9594 0
12980 12062 11956 0
12981 11850 11957 0
12982 11850 11956 0
12983 10333 10435 0
12984 10435 10436 0
12985 10436 10334 0
12986 10333 10334 0
12987 10009 10134 0
12988 10135 10134 0
12989 10135 10010 0
12990 10009 10010 0
12991 14515 14545 0
12992 14545 14454 0
12993 14454 14403 0
12994 14389 14403 0
12995 12582 12765 0
12996 12577 12755 0
12997 9811 9955 0
12998 9955 9956 0
12999 9956 9812 0
13000 9811 9812 0
13001 4634 4775 0
13002 4775 4776 0
13003 4625 4776 0
13004 4625 4634 0
13005 13142 13130 0
13006 13022 13130 0
13007 7621 7721 0
13008 7721 7722 0
13009 7622 7722 0
13010 6913 7048 0
13011 7048 7050 0
13012 7050 6914 0
13013 6913 6914 0
13014 7851 8000 0
13015 8000 7994 0
13016 7994 7852 0
13017 7851 7852 0
13018 11607 11654 0
13019 11720 11654 0
13020 11720 11711 0
13021 11711 11604 0
13022 11607 11604 0
13023 8901 9019 0
13024 9019 9020 0
13025 8902 9020 0
13026 4242 4360 0
13027 4360 4124 0
13028 4045 4124 0
13029 13695 13823 0
13030 13824 13823 0
13031 11171 11072 0
13032 11171 11162 0
13033 11062 11162 0
13034 11390 11556 0
13035 11382 11546 0
13036 10805 10804 0
13037 10511 10509 0
13038 10806 10786 0
13039 11540 11377 0
13040 11541 11372 0
13041 11377 11372 0
13042 12867 12973 0
13043 12973 12974 0
13044 12856 12974 0
13045 1230 1147 0
13046 1230 1121 0
13047 1121 1056 0
13048 1147 1056 0
13049 10863 10960 0
13050 10960 10950 0
13051 10950 10854 0
13052 10863 10854 0
13053 10813 10982 0
13054 10982 10974 0
13055 10974 10814 0
13056 10813 10814 0
13057 3315 3327 0
13058 3327 3067 0
13059 3078 3067 0
13060 1077 1147 0
13061 1056 995 0
13062 1077 995 0
13063 6094 6289 0
13064 6290 6289 0
13065 6095 6094 0
13066 1669 1859 0
13067 1859 1860 0
13068 1860 1689 0
13069 1669 1689 0
13070 5131 5122 0
13071 4899 4900 0
13072 9156 9157 0
13073 8908 8909 0
13074 5889 6100 0
13075 6100 6101 0
13076 6101 5880 0
13077 5889 5880 0
13078 11942 11943 0
13079 11831 11943 0
13080 13085 12974 0
13081 13085 13086 0
13082 13086 12963 0
13083 12974 12963 0
13084 10371 10563 0
13085 10564 10563 0
13086 10371 10372 0
13087 9148 9019 0
13088 9149 9020 0
13089 7215 7137 0
13090 7033 6964 0
13091 7137 6964 0
13092 12930 13033 0
13093 13033 13034 0
13094 13034 12918 0
13095 12930 12918 0
13096 8759 8865 0
13097 8865 8866 0
13098 8760 8866 0
13099 9003 8865 0
13100 8993 8866 0
13101 8986 9085 0
13102 9085 9086 0
13103 9086 8988 0
13104 8986 8988 0
13105 10343 10466 0
13106 10466 10457 0
13107 10457 10344 0
13108 10343 10344 0
13109 11231 11111 0
13110 11232 11096 0
13111 6756 6998 0
13112 6998 6999 0
13113 6999 6757 0
13114 6756 6757 0
13115 13732 13707 0
13116 13353 13322 0
13117 14216 14365 0
13118 14365 14309 0
13119 14309 14186 0
13120 14216 14186 0
13121 5666 5784 0
13122 5784 5785 0
13123 5785 5658 0
13124 5666 5658 0
13125 13162 13280 0
13126 13280 13281 0
13127 13281 13163 0
13128 13162 13163 0
13129 13490 13358 0
13130 13491 13359 0
13131 13358 13359 0
13132 11762 11849 0
13133 11849 11755 0
13134 11755 11650 0
13135 11762 11650 0
13136 6459 6708 0
13137 6708 6709 0
13138 6709 6460 0
13139 6459 6460 0
13140 4494 4275 0
13141 4494 4495 0
13142 4270 4495 0
13143 9837 9993 0
13144 9993 9986 0
13145 9986 9838 0
13146 9837 9838 0
13147 11586 11467 0
13148 11586 11587 0
13149 11467 11468 0
13150 5182 5171 0
13151 4941 5171 0
13152 4941 4940 0
13153 8077 8179 0
13154 8179 8174 0
13155 8078 8174 0
13156 8078 8077 0
13157 11308 11433 0
13158 11433 11434 0
13159 11434 11309 0
13160 11308 11309 0
13161 11527 11608 0
13162 11608 11528 0
13163 11528 11429 0
13164 11527 11429 0
13165 8736 8857 0
13166 8857 8851 0
13167 8737 8851 0
13168 7744 7821 0
13169 7821 7814 0
13170 7745 7814 0
13171 11180 11067 0
13172 11167 11068 0
13173 11067 11068 0
13174 13082 13201 0
13175 13083 13194 0
13176 5120 5052 0
13177 5120 5121 0
13178 5121 5042 0
13179 5052 5042 0
13180 8985 8857 0
13181 8982 8851 0
13182 10433 10586 0
13183 10586 10577 0
13184 10434 10577 0
13185 9411 9505 0
13186 9505 9506 0
13187 9506 9412 0
13188 9411 9412 0
13189 12207 12317 0
13190 12317 12318 0
13191 12318 12208 0
13192 12207 12208 0
13193 12942 12842 0
13194 12942 12943 0
13195 12943 12843 0
13196 12842 12843 0
13197 2407 2408 0
13198 2408 2161 0
13199 2177 2161 0
13200 13501 13604 0
13201 13604 13605 0
13202 13488 13605 0
13203 10752 10889 0
13204 10889 10885 0
13205 10753 10885 0
13206 10753 10752 0
13207 9736 9883 0
13208 9883 9871 0
13209 9871 9737 0
13210 9736 9737 0
13211 9827 9977 0
13212 9978 9977 0
13213 9978 9828 0
13214 9827 9828 0
13215 13344 13522 0
13216 13458 13522 0
13217 13288 13344 0
13218 11979 12131 0
13219 12131 12124 0
13220 11980 12124 0
13221 10762 10656 0
13222 10756 10657 0
13223 7742 7955 0
13224 7956 7955 0
13225 7743 7742 0
13226 2979 2980 0
13227 2779 2778 0
13228 10097 10098 0
13229 10098 9985 0
13230 9984 9985 0
13231 11218 11315 0
13232 11315 11219 0
13233 11129 11219 0
13234 11129 11218 0
13235 11153 11052 0
13236 11154 11053 0
13237 11052 11053 0
13238 9301 9177 0
13239 9292 9176 0
13240 12598 12713 0
13241 12713 12714 0
13242 12714 12592 0
13243 12598 12592 0
13244 11620 11523 0
13245 11612 11516 0
13246 11523 11516 0
13247 7466 7559 0
13248 7559 7560 0
13249 7467 7560 0
13250 7467 7466 0
13251 8935 9037 0
13252 9037 9038 0
13253 8924 9038 0
13254 11567 11451 0
13255 11568 11440 0
13256 11451 11440 0
13257 4674 4915 0
13258 4916 4915 0
13259 4916 4675 0
13260 4674 4675 0
13261 7814 7815 0
13262 7815 7731 0
13263 7745 7731 0
13264 12636 12768 0
13265 12763 12768 0
13266 12631 12763 0
13267 8772 8875 0
13268 8865 8875 0
13269 8759 8772 0
13270 12676 12797 0
13271 12797 12798 0
13272 12798 12677 0
13273 12676 12677 0
13274 7822 7746 0
13275 7816 7747 0
13276 7746 7747 0
13277 10727 10620 0
13278 10728 10621 0
13279 10620 10621 0
13280 13043 13044 0
13281 12936 13044 0
13282 10692 10794 0
13283 10795 10794 0
13284 13116 13233 0
13285 13233 13226 0
13286 13226 13103 0
13287 13116 13103 0
13288 14721 14704 0
13289 14666 14615 0
13290 12517 12389 0
13291 12371 12389 0
13292 10973 11138 0
13293 9488 9331 0
13294 9479 9332 0
13295 13600 13440 0
13296 13601 13441 0
13297 10450 10451 0
13298 10355 10451 0
13299 13085 13195 0
13300 13195 13196 0
13301 13086 13196 0
13302 10586 10696 0
13303 10696 10691 0
13304 10577 10691 0
13305 9016 8837 0
13306 9011 8829 0
13307 8837 8829 0
13308 3673 3862 0
13309 3760 3862 0
13310 3760 3592 0
13311 3673 3592 0
13312 3674 3508 0
13313 3592 3508 0
13314 3674 3599 0
13315 3393 3508 0
13316 8601 8709 0
13317 8709 8710 0
13318 8710 8602 0
13319 8601 8602 0
13320 10775 10774 0
13321 10524 10526 0
13322 10491 10526 0
13323 10816 10817 0
13324 10518 10520 0
13325 13594 13758 0
13326 13759 13758 0
13327 931 932 0
13328 932 737 0
13329 736 737 0
13330 8030 8130 0
13331 8122 8130 0
13332 8122 8031 0
13333 8030 8031 0
13334 9687 9503 0
13335 9504 9503 0
13336 6798 6791 0
13337 6791 6540 0
13338 6539 6540 0
13339 8884 9013 0
13340 9013 9014 0
13341 8874 9014 0
13342 8796 8795 0
13343 8566 8565 0
13344 2952 2942 0
13345 2703 2705 0
13346 5882 6103 0
13347 6091 6103 0
13348 5883 5882 0
13349 7399 7576 0
13350 7577 7576 0
13351 7386 7399 0
13352 8536 8764 0
13353 8764 8765 0
13354 8765 8537 0
13355 8536 8537 0
13356 2160 2314 0
13357 2314 2283 0
13358 2027 2283 0
13359 1653 1792 0
13360 1792 1750 0
13361 1750 1619 0
13362 1653 1619 0
13363 5110 5123 0
13364 4889 4890 0
13365 6736 6977 0
13366 6978 6977 0
13367 6737 6736 0
13368 6425 6662 0
13369 6662 6651 0
13370 6651 6417 0
13371 6425 6417 0
13372 12486 12379 0
13373 12486 12354 0
13374 12354 12266 0
13375 12379 12266 0
13376 6771 7035 0
13377 7035 7036 0
13378 7036 6772 0
13379 6771 6772 0
13380 8576 8804 0
13381 8804 8805 0
13382 8805 8577 0
13383 8576 8577 0
13384 4961 5192 0
13385 5184 5192 0
13386 4962 4961 0
13387 8077 8004 0
13388 8078 8005 0
13389 8004 8005 0
13390 8898 9146 0
13391 9146 9147 0
13392 9147 8887 0
13393 8898 8887 0
13394 6112 6113 0
13395 6113 5888 0
13396 5887 5888 0
13397 9422 9511 0
13398 9511 9512 0
13399 9423 9512 0
13400 5518 5720 0
13401 5721 5720 0
13402 5505 5518 0
13403 11396 11234 0
13404 11396 11436 0
13405 11436 11235 0
13406 11234 11235 0
13407 4490 4495 0
13408 1481 1479 0
13409 1290 1289 0
13410 10406 10288 0
13411 10289 10407 0
13412 10289 10288 0
13413 11298 11423 0
13414 11299 11408 0
13415 9724 9944 0
13416 9944 9945 0
13417 9945 9725 0
13418 9724 9725 0
13419 7587 7690 0
13420 7680 7690 0
13421 7680 7588 0
13422 7587 7588 0
13423 7595 7688 0
13424 7688 7689 0
13425 7689 7596 0
13426 7595 7596 0
13427 13046 13037 0
13428 12933 13037 0
13429 12895 12999 0
13430 12999 13000 0
13431 13000 12896 0
13432 12895 12896 0
13433 13672 13663 0
13434 13663 13540 0
13435 13539 13540 0
13436 7628 7728 0
13437 7721 7728 0
13438 7621 7628 0
13439 12895 12780 0
13440 12896 12781 0
13441 12780 12781 0
13442 12729 12730 0
13443 12730 12609 0
13444 12608 12609 0
13445 7774 7860 0
13446 7851 7860 0
13447 7851 7765 0
13448 7774 7765 0
13449 12583 12475 0
13450 12459 12584 0
13451 8225 8342 0
13452 8342 8332 0
13453 8219 8332 0
13454 8219 8225 0
13455 9552 9447 0
13456 9448 9553 0
13457 9448 9447 0
13458 9413 9305 0
13459 9403 9306 0
13460 12522 12396 0
13461 12515 12387 0
13462 12396 12387 0
13463 12990 12900 0
13464 12906 12808 0
13465 12900 12808 0
13466 12874 12986 0
13467 12986 12981 0
13468 12981 12875 0
13469 12874 12875 0
13470 8474 8596 0
13471 8596 8597 0
13472 8597 8475 0
13473 8474 8475 0
13474 9872 10007 0
13475 10008 10007 0
13476 10008 9873 0
13477 11522 11619 0
13478 11620 11619 0
13479 10634 10507 0
13480 10494 10635 0
13481 10494 10507 0
13482 10970 11089 0
13483 11090 11089 0
13484 11090 10971 0
13485 10970 10971 0
13486 10686 10556 0
13487 10686 10675 0
13488 10675 10557 0
13489 10556 10557 0
13490 11554 11657 0
13491 11657 11645 0
13492 11645 11555 0
13493 11554 11555 0
13494 13170 13291 0
13495 13291 13292 0
13496 13171 13292 0
13497 8754 8652 0
13498 8754 8742 0
13499 8742 8649 0
13500 8652 8649 0
13501 12478 12343 0
13502 12478 12465 0
13503 12465 12332 0
13504 9958 9814 0
13505 9958 9949 0
13506 9949 9801 0
13507 9814 9801 0
13508 11972 12125 0
13509 12117 12125 0
13510 12117 11973 0
13511 11972 11973 0
13512 9028 9161 0
13513 9150 9161 0
13514 9150 9021 0
13515 9028 9021 0
13516 13247 13384 0
13517 13384 13385 0
13518 13248 13385 0
13519 12562 12677 0
13520 12677 12668 0
13521 12668 12563 0
13522 12562 12563 0
13523 8039 8103 0
13524 8098 8103 0
13525 8032 8039 0
13526 8266 8389 0
13527 8389 8381 0
13528 8267 8381 0
13529 11672 11793 0
13530 11793 11787 0
13531 11664 11787 0
13532 13193 13319 0
13533 13307 13319 0
13534 13307 13186 0
13535 13193 13186 0
13536 12058 12208 0
13537 12208 12193 0
13538 12059 12193 0
13539 12229 12093 0
13540 12229 12217 0
13541 12217 12078 0
13542 12093 12078 0
13543 14607 14572 0
13544 14572 14315 0
13545 14339 14315 0
13546 2745 2964 0
13547 2965 2964 0
13548 2747 2745 0
13549 11344 11215 0
13550 11337 11216 0
13551 11215 11216 0
13552 12362 12491 0
13553 12491 12480 0
13554 12480 12352 0
13555 12362 12352 0
13556 4566 4613 0
13557 4613 4546 0
13558 4546 4475 0
13559 4566 4475 0
13560 4396 4453 0
13561 4453 4378 0
13562 4295 4378 0
13563 8642 8506 0
13564 8643 8501 0
13565 8506 8501 0
13566 6100 6113 0
13567 5889 5888 0
13568 11803 11692 0
13569 11693 11602 0
13570 5237 5463 0
13571 5463 5464 0
13572 5464 5229 0
13573 5237 5229 0
13574 4929 4852 0
13575 4929 4847 0
13576 4847 4787 0
13577 4852 4787 0
13578 6954 6941 0
13579 6715 6702 0
13580 6485 6754 0
13581 6754 6744 0
13582 6744 6486 0
13583 6485 6486 0
13584 5261 5533 0
13585 5533 5534 0
13586 5534 5262 0
13587 5261 5262 0
13588 751 953 0
13589 954 953 0
13590 752 751 0
13591 2974 2964 0
13592 2744 2745 0
13593 9952 10101 0
13594 10101 10078 0
13595 10078 10103 0
13596 10103 10090 0
13597 10090 9959 0
13598 9959 9967 0
13599 9967 9936 0
13600 9952 9936 0
13601 5733 5743 0
13602 5515 5525 0
13603 6122 6317 0
13604 6317 6299 0
13605 6299 6123 0
13606 6122 6123 0
13607 11215 11116 0
13608 11216 11117 0
13609 11116 11117 0
13610 9819 9964 0
13611 9955 9964 0
13612 9811 9819 0
13613 11649 11707 0
13614 11707 11529 0
13615 11529 11485 0
13616 11649 11485 0
13617 8998 8873 0
13618 8998 8999 0
13619 8864 8999 0
13620 6092 6093 0
13621 6093 5877 0
13622 5876 5877 0
13623 9392 9550 0
13624 9551 9550 0
13625 9392 9393 0
13626 6561 6432 0
13627 6562 6433 0
13628 6432 6433 0
13629 11367 11498 0
13630 11498 11492 0
13631 11355 11492 0
13632 10599 10450 0
13633 10595 10451 0
13634 9736 9565 0
13635 9737 9560 0
13636 9565 9560 0
13637 12615 12746 0
13638 12746 12738 0
13639 12616 12738 0
13640 8150 8151 0
13641 8151 8209 0
13642 8222 8209 0
13643 8222 8108 0
13644 8108 8035 0
13645 11358 11523 0
13646 11359 11516 0
13647 4292 4283 0
13648 4013 4003 0
13649 8578 8677 0
13650 8677 8678 0
13651 8678 8579 0
13652 8578 8579 0
13653 10074 10200 0
13654 10200 10201 0
13655 10075 10201 0
13656 10075 10074 0
13657 13279 13274 0
13658 13274 13154 0
13659 13153 13154 0
13660 12932 12823 0
13661 12935 12824 0
13662 12823 12824 0
13663 10558 10419 0
13664 10539 10420 0
13665 10419 10420 0
13666 13555 13431 0
13667 13556 13432 0
13668 13431 13432 0
13669 13131 13246 0
13670 13247 13246 0
13671 9049 8951 0
13672 9050 8952 0
13673 8951 8952 0
13674 1296 1502 0
13675 1502 1491 0
13676 1491 1297 0
13677 1296 1297 0
13678 1500 1502 0
13679 1303 1296 0
13680 4282 4269 0
13681 4011 3975 0
13682 3949 3975 0
13683 5255 5499 0
13684 5499 5500 0
13685 5500 5251 0
13686 5255 5251 0
13687 5096 5097 0
13688 5097 4863 0
13689 4861 4863 0
13690 4943 5161 0
13691 5161 5162 0
13692 5162 4930 0
13693 4943 4930 0
13694 12170 12281 0
13695 12281 12171 0
13696 12171 12050 0
13697 12170 12050 0
13698 6314 6315 0
13699 6119 6120 0
13700 7141 7140 0
13701 6889 6888 0
13702 8534 8777 0
13703 8777 8778 0
13704 8778 8535 0
13705 8534 8535 0
13706 10842 10708 0
13707 10842 10843 0
13708 10843 10709 0
13709 10708 10709 0
13710 12889 12756 0
13711 12890 12749 0
13712 11222 11340 0
13713 11223 11341 0
13714 10686 10781 0
13715 10769 10675 0
13716 13281 13282 0
13717 13282 13164 0
13718 13163 13164 0
13719 10584 10572 0
13720 10203 10194 0
13721 13211 13096 0
13722 13212 13097 0
13723 13096 13097 0
13724 13606 13502 0
13725 13607 13489 0
13726 9085 9231 0
13727 9231 9218 0
13728 9086 9218 0
13729 10987 11110 0
13730 11110 11095 0
13731 10977 11095 0
13732 10469 10374 0
13733 10375 10470 0
13734 10375 10374 0
13735 11285 11402 0
13736 11402 11403 0
13737 11286 11403 0
13738 11256 11377 0
13739 11257 11372 0
13740 9223 9548 0
13741 9549 9548 0
13742 9224 9223 0
13743 13530 13654 0
13744 13655 13654 0
13745 13655 13531 0
13746 13530 13531 0
13747 6748 6990 0
13748 6990 6991 0
13749 6991 6749 0
13750 6748 6749 0
13751 7696 7919 0
13752 7920 7919 0
13753 7697 7696 0
13754 12357 12358 0
13755 12015 12358 0
13756 12015 12024 0
13757 10421 10460 0
13758 10571 10460 0
13759 10410 10421 0
13760 5429 5439 0
13761 5212 5211 0
13762 7096 7327 0
13763 7327 7328 0
13764 7328 7085 0
13765 7096 7085 0
13766 4686 4924 0
13767 4924 4914 0
13768 4914 4673 0
13769 4686 4673 0
13770 7983 7829 0
13771 7983 7977 0
13772 7977 7830 0
13773 7829 7830 0
13774 6683 6671 0
13775 6671 6426 0
13776 6436 6426 0
13777 4378 4314 0
13778 4200 4314 0
13779 4200 4295 0
13780 6660 6659 0
13781 6424 6423 0
13782 8575 8803 0
13783 8804 8803 0
13784 8576 8575 0
13785 8324 8523 0
13786 8523 8509 0
13787 8509 8325 0
13788 8324 8325 0
13789 5598 5818 0
13790 5819 5818 0
13791 5599 5598 0
13792 8332 8333 0
13793 8220 8333 0
13794 8800 8676 0
13795 8791 8671 0
13796 8676 8671 0
13797 7057 7294 0
13798 7294 7295 0
13799 7295 7058 0
13800 7057 7058 0
13801 4942 5172 0
13802 5161 5172 0
13803 4942 4943 0
13804 5517 5735 0
13805 5720 5735 0
13806 5518 5517 0
13807 6792 6791 0
13808 6528 6540 0
13809 6672 6671 0
13810 6427 6426 0
13811 4931 5163 0
13812 5163 5149 0
13813 4932 5149 0
13814 10060 10177 0
13815 10178 10177 0
13816 10049 10060 0
13817 11417 11386 0
13818 11417 11224 0
13819 11203 11224 0
13820 11203 11386 0
13821 12766 12874 0
13822 12767 12875 0
13823 10377 10471 0
13824 10471 10472 0
13825 10367 10472 0
13826 10367 10377 0
13827 8225 8103 0
13828 11049 11151 0
13829 11050 11152 0
13830 10693 10567 0
13831 10684 10568 0
13832 10567 10568 0
13833 11327 11208 0
13834 11209 11328 0
13835 11209 11208 0
13836 10477 10323 0
13837 10400 10316 0
13838 10323 10316 0
13839 11841 11860 0
13840 11617 11628 0
13841 14048 14276 0
13842 14276 14256 0
13843 14256 14028 0
13844 14048 14028 0
13845 12123 12278 0
13846 12274 12278 0
13847 12274 12116 0
13848 11059 10925 0
13849 11060 10920 0
13850 10925 10920 0
13851 5502 5717 0
13852 5717 5718 0
13853 5718 5503 0
13854 5502 5503 0
13855 8764 8778 0
13856 8536 8535 0
13857 1462 1588 0
13858 1594 1588 0
13859 1450 1462 0
13860 6731 6732 0
13861 6480 6467 0
13862 6709 6710 0
13863 6710 6461 0
13864 6460 6461 0
13865 10232 10413 0
13866 10413 10405 0
13867 10405 10233 0
13868 10232 10233 0
13869 8445 8567 0
13870 8567 8568 0
13871 8446 8568 0
13872 11565 11665 0
13873 11665 11666 0
13874 11566 11666 0
13875 11566 11565 0
13876 10349 10224 0
13877 10349 10340 0
13878 10225 10340 0
13879 10225 10224 0
13880 7746 7646 0
13881 7648 7747 0
13882 7648 7646 0
13883 6574 6688 0
13884 6680 6688 0
13885 6561 6574 0
13886 10419 10302 0
13887 10420 10303 0
13888 10302 10303 0
13889 11035 11142 0
13890 11142 11136 0
13891 11136 11036 0
13892 11035 11036 0
13893 9427 9524 0
13894 9428 9525 0
13895 9333 9444 0
13896 9444 9439 0
13897 9439 9334 0
13898 9333 9334 0
13899 12684 12794 0
13900 12794 12693 0
13901 12693 12597 0
13902 12684 12597 0
13903 9187 9055 0
13904 9188 9047 0
13905 9055 9047 0
13906 12841 12730 0
13907 8473 8389 0
13908 8474 8381 0
13909 12870 12901 0
13910 12901 12726 0
13911 12726 12694 0
13912 12870 12694 0
13913 11297 11406 0
13914 11406 11397 0
13915 11289 11397 0
13916 9262 9122 0
13917 13347 13477 0
13918 13348 13478 0
13919 11782 11656 0
13920 11783 11657 0
13921 11657 11656 0
13922 8025 8093 0
13923 8093 8094 0
13924 8026 8094 0
13925 8342 8427 0
13926 8422 8427 0
13927 8422 8372 0
13928 8332 8372 0
13929 8166 8074 0
13930 8167 8075 0
13931 8074 8075 0
13932 6316 6317 0
13933 6121 6122 0
13934 10438 10337 0
13935 10433 10328 0
13936 10337 10328 0
13937 10420 10408 0
13938 10408 10290 0
13939 10303 10290 0
13940 9114 8955 0
13941 9114 9115 0
13942 9115 8944 0
13943 8955 8944 0
13944 10374 10262 0
13945 10263 10262 0
13946 10807 10696 0
13947 10793 10691 0
13948 13840 13745 0
13949 13756 13669 0
13950 13052 13151 0
13951 13151 13053 0
13952 13053 12957 0
13953 13052 12957 0
13954 13280 13431 0
13955 13281 13432 0
13956 7533 7626 0
13957 7626 7627 0
13958 7627 7527 0
13959 7533 7527 0
13960 12684 12586 0
13961 12597 12503 0
13962 12586 12503 0
13963 13393 13517 0
13964 13517 13518 0
13965 13518 13394 0
13966 13393 13394 0
13967 13145 13033 0
13968 13146 13034 0
13969 7796 7723 0
13970 7797 7717 0
13971 7723 7717 0
13972 8381 8382 0
13973 8382 8268 0
13974 8267 8268 0
13975 2418 2535 0
13976 2384 2535 0
13977 2384 2293 0
13978 2418 2293 0
13979 5881 6102 0
13980 6103 6102 0
13981 5882 5881 0
13982 8444 8633 0
13983 8634 8633 0
13984 8439 8444 0
13985 5838 6052 0
13986 6052 6053 0
13987 6053 5839 0
13988 5838 5839 0
13989 1677 1858 0
13990 1859 1858 0
13991 1669 1677 0
13992 9945 10130 0
13993 10130 10119 0
13994 9935 10119 0
13995 9935 9945 0
13996 5596 5827 0
13997 5827 5817 0
13998 5817 5597 0
13999 5596 5597 0
14000 7088 7321 0
14001 7322 7321 0
14002 7078 7088 0
14003 8888 9133 0
14004 9134 9133 0
14005 8889 8888 0
14006 7523 7616 0
14007 7616 7612 0
14008 7612 7517 0
14009 7523 7517 0
14010 9658 9505 0
14011 9658 9644 0
14012 9506 9644 0
14013 12798 12791 0
14014 12668 12791 0
14015 6991 6992 0
14016 6992 6735 0
14017 6749 6735 0
14018 5552 5786 0
14019 5786 5776 0
14020 5776 5553 0
14021 5552 5553 0
14022 7307 7308 0
14023 7308 7069 0
14024 7068 7069 0
14025 5842 6057 0
14026 6057 6058 0
14027 6058 5843 0
14028 5842 5843 0
14029 6101 6102 0
14030 5880 5881 0
14031 13438 13558 0
14032 13423 13547 0
14033 7760 7837 0
14034 7837 7831 0
14035 7831 7754 0
14036 7760 7754 0
14037 8495 8626 0
14038 8612 8626 0
14039 8612 8488 0
14040 4546 4453 0
14041 4396 4475 0
14042 8499 8500 0
14043 8297 8283 0
14044 14701 14689 0
14045 14689 14482 0
14046 14516 14482 0
14047 10489 10488 0
14048 8004 7870 0
14049 8005 7858 0
14050 7870 7858 0
14051 8470 8376 0
14052 8471 8377 0
14053 8376 8377 0
14054 7785 7914 0
14055 7894 7914 0
14056 7894 7786 0
14057 8678 8674 0
14058 8674 8569 0
14059 8579 8569 0
14060 10456 10598 0
14061 10599 10598 0
14062 10743 10875 0
14063 10876 10744 0
14064 13279 13418 0
14065 13418 13403 0
14066 13274 13403 0
14067 9943 9795 0
14068 9783 9932 0
14069 9783 9795 0
14070 9110 9241 0
14071 9241 9242 0
14072 9111 9242 0
14073 11565 11448 0
14074 11566 11438 0
14075 11448 11438 0
14076 5162 5163 0
14077 4931 4930 0
14078 8926 9056 0
14079 9056 9051 0
14080 8913 9051 0
14081 11886 11987 0
14082 11987 11859 0
14083 11859 11806 0
14084 11886 11806 0
14085 1965 1880 0
14086 1966 1882 0
14087 1880 1882 0
14088 7084 7137 0
14089 6893 6964 0
14090 7930 7916 0
14091 7706 7707 0
14092 6406 6641 0
14093 6642 6641 0
14094 6407 6406 0
14095 5171 5172 0
14096 4949 5180 0
14097 5181 5180 0
14098 4949 4950 0
14099 5051 4959 0
14100 4929 4860 0
14101 4959 4860 0
14102 7984 7837 0
14103 7984 7978 0
14104 7831 7978 0
14105 6104 6295 0
14106 6295 6288 0
14107 6288 6105 0
14108 6104 6105 0
14109 6419 6653 0
14110 6641 6653 0
14111 6406 6419 0
14112 5568 5569 0
14113 5569 5298 0
14114 5308 5298 0
14115 6965 6966 0
14116 6966 6723 0
14117 6722 6723 0
14118 4589 4590 0
14119 4590 4354 0
14120 4362 4354 0
14121 8942 9043 0
14122 13463 13576 0
14123 13464 13577 0
14124 9161 9280 0
14125 9280 9273 0
14126 9150 9273 0
14127 7673 7581 0
14128 7674 7573 0
14129 11731 11848 0
14130 11848 11844 0
14131 11721 11844 0
14132 11597 11696 0
14133 11593 11697 0
14134 9469 9370 0
14135 9463 9360 0
14136 9370 9360 0
14137 8838 8709 0
14138 8830 8710 0
14139 13028 12879 0
14140 13028 13029 0
14141 13029 12880 0
14142 12879 12880 0
14143 12707 12879 0
14144 12880 12708 0
14145 12707 12708 0
14146 9319 9206 0
14147 9320 9197 0
14148 9206 9197 0
14149 9541 9542 0
14150 9383 9385 0
14151 8570 8675 0
14152 8676 8675 0
14153 8676 8559 0
14154 8570 8559 0
14155 11972 11853 0
14156 11973 11854 0
14157 11853 11854 0
14158 8837 8707 0
14159 8829 8708 0
14160 8707 8708 0
14161 11135 11245 0
14162 11246 11245 0
14163 11246 11130 0
14164 11135 11130 0
14165 8711 8841 0
14166 8841 8832 0
14167 8712 8832 0
14168 10396 10505 0
14169 10505 10506 0
14170 10506 10397 0
14171 10396 10397 0
14172 7637 7732 0
14173 7732 7733 0
14174 7638 7733 0
14175 6478 6747 0
14176 6730 6747 0
14177 6479 6478 0
14178 5471 5461 0
14179 5234 5235 0
14180 9140 9263 0
14181 9264 9125 0
14182 9140 9125 0
14183 13193 13081 0
14184 13186 13071 0
14185 13081 13071 0
14186 7714 7640 0
14187 7714 7575 0
14188 7575 7512 0
14189 7640 7512 0
14190 8940 8848 0
14191 8931 8843 0
14192 8848 8843 0
14193 11245 11366 0
14194 11367 11366 0
14195 10682 10552 0
14196 10671 10553 0
14197 6279 6520 0
14198 6521 6520 0
14199 6270 6279 0
14200 11242 11127 0
14201 11228 11121 0
14202 14138 14190 0
14203 14066 14131 0
14204 13519 13633 0
14205 13633 13615 0
14206 13615 13508 0
14207 13519 13508 0
14208 9844 9999 0
14209 9999 9992 0
14210 9992 9845 0
14211 9844 9845 0
14212 7661 7760 0
14213 7662 7754 0
14214 6299 6300 0
14215 6300 6124 0
14216 6123 6124 0
14217 9188 9181 0
14218 9181 9048 0
14219 9047 9048 0
14220 5609 5826 0
14221 5827 5826 0
14222 5596 5609 0
14223 5608 5825 0
14224 5826 5825 0
14225 5609 5608 0
14226 5219 5437 0
14227 5438 5437 0
14228 5210 5219 0
14229 8510 8509 0
14230 8326 8325 0
14231 8890 9029 0
14232 9029 9030 0
14233 8891 9030 0
14234 9390 9481 0
14235 9481 9482 0
14236 9379 9482 0
14237 5734 5717 0
14238 5516 5502 0
14239 12975 12859 0
14240 12964 12860 0
14241 4943 4704 0
14242 4703 4704 0
14243 11083 10962 0
14244 10971 10962 0
14245 10492 10625 0
14246 10493 10626 0
14247 12856 12746 0
14248 12856 12857 0
14249 12738 12857 0
14250 9408 9503 0
14251 9402 9504 0
14252 10640 10466 0
14253 10641 10457 0
14254 9221 9056 0
14255 9213 9051 0
14256 14802 14892 0
14257 14858 14892 0
14258 14858 14776 0
14259 14802 14776 0
14260 10934 10772 0
14261 10927 10773 0
14262 9188 9310 0
14263 9304 9181 0
14264 10072 10191 0
14265 10176 10059 0
14266 10072 10059 0
14267 8717 8617 0
14268 8711 8603 0
14269 13557 13433 0
14270 13432 13433 0
14271 13081 12961 0
14272 13071 12962 0
14273 12961 12962 0
14274 11038 11144 0
14275 11137 11039 0
14276 7783 7884 0
14277 7884 7872 0
14278 7778 7872 0
14279 9997 9851 0
14280 9991 9843 0
14281 9851 9843 0
14282 10710 10845 0
14283 10845 10830 0
14284 10830 10711 0
14285 10710 10711 0
14286 9241 9348 0
14287 9348 9342 0
14288 9242 9342 0
14289 5128 5129 0
14290 4905 4906 0
14291 8506 8416 0
14292 8501 8415 0
14293 8416 8415 0
14294 10351 10483 0
14295 10352 10484 0
14296 8144 8060 0
14297 8145 8061 0
14298 8060 8061 0
14299 11697 11689 0
14300 11689 11594 0
14301 11593 11594 0
14302 7375 7571 0
14303 7571 7562 0
14304 7562 7376 0
14305 7375 7376 0
14306 8767 8659 0
14307 8768 8660 0
14308 8659 8660 0
14309 2340 2418 0
14310 2210 2293 0
14311 2340 2210 0
14312 11919 11792 0
14313 11909 11793 0
14314 11793 11792 0
14315 10393 10269 0
14316 10383 10270 0
14317 10269 10270 0
14318 11755 11651 0
14319 11651 11574 0
14320 11650 11574 0
14321 13122 13013 0
14322 13108 13003 0
14323 13013 13003 0
14324 11398 11532 0
14325 11519 11532 0
14326 11387 11398 0
14327 13302 13355 0
14328 13355 13158 0
14329 13158 13111 0
14330 13302 13111 0
14331 8174 8176 0
14332 8072 8176 0
14333 8872 9009 0
14334 6447 6711 0
14335 6711 6699 0
14336 6699 6448 0
14337 6447 6448 0
14338 5493 5711 0
14339 5711 5698 0
14340 5698 5494 0
14341 5493 5494 0
14342 9545 9716 0
14343 9716 9704 0
14344 9546 9704 0
14345 9546 9545 0
14346 12207 12069 0
14347 12058 12069 0
14348 4900 4646 0
14349 4641 4646 0
14350 8248 8370 0
14351 8364 8370 0
14352 8364 8249 0
14353 8248 8249 0
14354 5023 5112 0
14355 5113 5112 0
14356 5113 5013 0
14357 8848 8748 0
14358 8749 8843 0
14359 8749 8748 0
14360 6058 6059 0
14361 6059 5844 0
14362 5843 5844 0
14363 7846 7854 0
14364 7672 7679 0
14365 8059 8143 0
14366 8144 8143 0
14367 8144 8055 0
14368 10796 10925 0
14369 10797 10920 0
14370 4532 4524 0
14371 4323 4315 0
14372 13622 13513 0
14373 13623 13506 0
14374 11278 11100 0
14375 11278 11279 0
14376 11100 11101 0
14377 12897 13001 0
14378 13001 13002 0
14379 12892 13002 0
14380 13282 13433 0
14381 1687 1869 0
14382 1870 1869 0
14383 1870 1688 0
14384 1687 1688 0
14385 5867 6077 0
14386 6078 6077 0
14387 5868 5867 0
14388 11873 11753 0
14389 11874 11754 0
14390 5299 5570 0
14391 5570 5559 0
14392 5559 5300 0
14393 5299 5300 0
14394 13199 13325 0
14395 13192 13318 0
14396 5946 5834 0
14397 5934 5823 0
14398 5834 5823 0
14399 6967 6966 0
14400 6712 6723 0
14401 5893 6010 0
14402 6010 6011 0
14403 6011 5894 0
14404 5893 5894 0
14405 5277 5411 0
14406 5411 5412 0
14407 5412 5278 0
14408 5277 5278 0
14409 5566 5424 0
14410 5566 5555 0
14411 5555 5418 0
14412 5424 5418 0
14413 5420 5557 0
14414 5557 5548 0
14415 5548 5416 0
14416 5420 5416 0
14417 5657 5772 0
14418 5772 5773 0
14419 5773 5648 0
14420 5657 5648 0
14421 5420 5283 0
14422 5416 5284 0
14423 5283 5284 0
14424 5972 5852 0
14425 5973 5853 0
14426 5852 5853 0
14427 5664 5780 0
14428 5780 5781 0
14429 5781 5665 0
14430 5664 5665 0
14431 5419 5556 0
14432 5557 5556 0
14433 5420 5419 0
14434 5443 5579 0
14435 5579 5572 0
14436 5572 5432 0
14437 5443 5432 0
14438 5495 5625 0
14439 5625 5626 0
14440 5626 5496 0
14441 5495 5496 0
14442 5433 5573 0
14443 5573 5574 0
14444 5574 5434 0
14445 5433 5434 0
14446 2405 2404 0
14447 2405 2213 0
14448 2202 2213 0
14449 8125 8126 0
14450 7976 7967 0
14451 13224 13389 0
14452 13389 13314 0
14453 13314 13147 0
14454 13224 13147 0
14455 11991 12127 0
14456 12127 11992 0
14457 11894 11992 0
14458 13384 13508 0
14459 13508 13509 0
14460 13385 13509 0
14461 229 442 0
14462 443 442 0
14463 217 229 0
14464 13200 13327 0
14465 13328 13327 0
14466 13201 13200 0
14467 12552 12658 0
14468 12658 12647 0
14469 12647 12545 0
14470 12552 12545 0
14471 8951 8833 0
14472 8952 8825 0
14473 8833 8825 0
14474 13209 13094 0
14475 13210 13095 0
14476 13094 13095 0
14477 749 966 0
14478 966 952 0
14479 952 750 0
14480 749 750 0
14481 8602 8472 0
14482 8602 8595 0
14483 8595 8465 0
14484 8472 8465 0
14485 6097 6280 0
14486 6280 6281 0
14487 6281 6088 0
14488 6097 6088 0
14489 7583 7584 0
14490 7409 7397 0
14491 13517 13630 0
14492 13632 13630 0
14493 13632 13518 0
14494 9474 9376 0
14495 9474 9467 0
14496 9467 9368 0
14497 9376 9368 0
14498 8721 8845 0
14499 8845 8846 0
14500 8715 8846 0
14501 7860 7999 0
14502 8000 7999 0
14503 7802 7944 0
14504 7945 7944 0
14505 7803 7802 0
14506 5056 5144 0
14507 5144 5145 0
14508 5047 5145 0
14509 5047 5056 0
14510 5657 5549 0
14511 5648 5541 0
14512 5549 5541 0
14513 7055 6924 0
14514 7047 6913 0
14515 10649 10505 0
14516 10649 10633 0
14517 10506 10633 0
14518 7808 7732 0
14519 7809 7733 0
14520 10719 10863 0
14521 10720 10854 0
14522 7803 7721 0
14523 7795 7722 0
14524 9949 10059 0
14525 9460 9353 0
14526 9461 9347 0
14527 9353 9347 0
14528 9996 9850 0
14529 10685 10569 0
14530 10221 10346 0
14531 10346 10338 0
14532 10338 10222 0
14533 10221 10222 0
14534 7797 7790 0
14535 7790 7718 0
14536 7717 7718 0
14537 6733 6734 0
14538 6734 6469 0
14539 6468 6469 0
14540 7034 7035 0
14541 6781 6771 0
14542 12505 12609 0
14543 8733 8917 0
14544 8917 8919 0
14545 8919 8734 0
14546 8733 8734 0
14547 12711 12833 0
14548 12833 12834 0
14549 12712 12834 0
14550 11909 11897 0
14551 11787 11897 0
14552 7690 7774 0
14553 7680 7765 0
14554 7536 7537 0
14555 7333 7334 0
14556 11744 11845 0
14557 11845 11745 0
14558 11745 11652 0
14559 11744 11652 0
14560 5103 5102 0
14561 4873 4872 0
14562 4960 5191 0
14563 5192 5191 0
14564 4961 4960 0
14565 5254 5514 0
14566 5499 5514 0
14567 5255 5254 0
14568 6484 6753 0
14569 6754 6753 0
14570 6485 6484 0
14571 2971 2972 0
14572 2972 2760 0
14573 2758 2760 0
14574 6636 6782 0
14575 6782 6783 0
14576 6783 6637 0
14577 6636 6637 0
14578 6163 6381 0
14579 6382 6381 0
14580 6164 6163 0
14581 9473 9618 0
14582 9609 9618 0
14583 9474 9609 0
14584 12912 12804 0
14585 12913 12805 0
14586 12804 12805 0
14587 10689 10789 0
14588 10789 10777 0
14589 10681 10777 0
14590 10681 10689 0
14591 8881 8779 0
14592 8767 8779 0
14593 10889 10989 0
14594 10989 10990 0
14595 10885 10990 0
14596 11294 11428 0
14597 11428 11415 0
14598 11415 11295 0
14599 11294 11295 0
14600 1598 1599 0
14601 1480 1482 0
14602 4849 4848 0
14603 4849 4610 0
14604 4609 4610 0
14605 11272 11271 0
14606 11272 11103 0
14607 11102 11103 0
14608 6355 6612 0
14609 6612 6600 0
14610 6600 6356 0
14611 6355 6356 0
14612 5218 5451 0
14613 5437 5451 0
14614 5219 5218 0
14615 5837 6051 0
14616 6052 6051 0
14617 5838 5837 0
14618 964 965 0
14619 965 762 0
14620 761 762 0
14621 5462 5463 0
14622 5236 5237 0
14623 12724 12830 0
14624 12754 12628 0
14625 12724 12628 0
14626 5090 5097 0
14627 4853 4863 0
14628 10911 10764 0
14629 10911 10900 0
14630 10900 10765 0
14631 10764 10765 0
14632 1600 1601 0
14633 1483 1466 0
14634 9109 9002 0
14635 9003 9002 0
14636 9553 9554 0
14637 9441 9554 0
14638 12699 12823 0
14639 12700 12824 0
14640 8339 8426 0
14641 8330 8420 0
14642 7971 8050 0
14643 8052 8050 0
14644 7960 7971 0
14645 8420 8421 0
14646 8331 8421 0
14647 8037 7945 0
14648 8037 8038 0
14649 7936 8038 0
14650 9468 9595 0
14651 9595 9596 0
14652 9469 9596 0
14653 9469 9468 0
14654 10733 10869 0
14655 10869 10870 0
14656 10734 10870 0
14657 11535 11402 0
14658 11536 11403 0
14659 7829 7752 0
14660 7830 7753 0
14661 7752 7753 0
14662 10602 10715 0
14663 10596 10716 0
14664 13597 13495 0
14665 13590 13480 0
14666 13495 13480 0
14667 10789 10915 0
14668 10915 10908 0
14669 10777 10908 0
14670 8359 8241 0
14671 8249 8241 0
14672 7792 7788 0
14673 7788 7712 0
14674 7711 7712 0
14675 7644 7546 0
14676 7645 7547 0
14677 7546 7547 0
14678 5560 5559 0
14679 5286 5300 0
14680 4767 4672 0
14681 4658 4599 0
14682 4672 4599 0
14683 4915 4914 0
14684 4674 4673 0
14685 4923 4685 0
14686 4923 4924 0
14687 4686 4685 0
14688 6043 6044 0
14689 6044 5830 0
14690 5829 5830 0
14691 5492 5710 0
14692 5711 5710 0
14693 5493 5492 0
14694 5699 5698 0
14695 5479 5494 0
14696 5232 5449 0
14697 5449 5450 0
14698 5450 5217 0
14699 5232 5217 0
14700 2588 2743 0
14701 2757 2743 0
14702 2561 2560 0
14703 2560 2582 0
14704 2588 2582 0
14705 7963 7964 0
14706 7736 7737 0
14707 983 963 0
14708 759 760 0
14709 9985 9826 0
14710 9833 9826 0
14711 12994 12858 0
14712 12995 12859 0
14713 12859 12858 0
14714 9465 9592 0
14715 9593 9592 0
14716 9466 9465 0
14717 10262 10141 0
14718 10263 10131 0
14719 10141 10131 0
14720 10653 10833 0
14721 10833 10825 0
14722 10825 10654 0
14723 10653 10654 0
14724 1029 1208 0
14725 1208 1209 0
14726 1209 1030 0
14727 1029 1030 0
14728 6391 6392 0
14729 6392 6176 0
14730 6175 6176 0
14731 5709 5710 0
14732 5491 5492 0
14733 8414 8407 0
14734 8292 8407 0
14735 10377 10255 0
14736 10367 10256 0
14737 10255 10256 0
14738 11528 11430 0
14739 11430 11316 0
14740 11429 11316 0
14741 11171 11294 0
14742 11162 11295 0
14743 6322 6440 0
14744 6432 6440 0
14745 6309 6432 0
14746 8772 8655 0
14747 8759 8656 0
14748 8655 8656 0
14749 10007 10132 0
14750 10132 10133 0
14751 10008 10133 0
14752 13507 13376 0
14753 4905 4660 0
14754 4661 4660 0
14755 6054 6053 0
14756 5828 5839 0
14757 6476 6745 0
14758 6745 6746 0
14759 6746 6477 0
14760 6476 6477 0
14761 13330 13461 0
14762 13461 13462 0
14763 13462 13321 0
14764 13330 13321 0
14765 9082 8984 0
14766 8985 8984 0
14767 13283 13419 0
14768 13284 13420 0
14769 12901 12909 0
14770 12909 12580 0
14771 12580 12561 0
14772 12901 12561 0
14773 12835 12713 0
14774 12836 12714 0
14775 10398 10507 0
14776 10391 10494 0
14777 4847 4921 0
14778 4835 4921 0
14779 4767 4847 0
14780 12673 12793 0
14781 12793 12784 0
14782 12784 12662 0
14783 12673 12662 0
14784 12497 12366 0
14785 12367 12366 0
14786 8662 8769 0
14787 8753 8651 0
14788 8662 8651 0
14789 9618 9775 0
14790 9765 9775 0
14791 11347 11496 0
14792 11489 11496 0
14793 11489 11348 0
14794 10159 10032 0
14795 10160 10033 0
14796 10032 10033 0
14797 11878 12001 0
14798 11867 12002 0
14799 6470 6718 0
14800 6719 6718 0
14801 6457 6470 0
14802 8379 8481 0
14803 8472 8481 0
14804 8472 8380 0
14805 8379 8380 0
14806 10857 10945 0
14807 10946 10840 0
14808 9666 9511 0
14809 9666 9656 0
14810 9512 9656 0
14811 8655 8529 0
14812 8656 8530 0
14813 8529 8530 0
14814 11290 11400 0
14815 11390 11400 0
14816 11390 11281 0
14817 9689 9690 0
14818 9532 9690 0
14819 8096 8217 0
14820 8097 8218 0
14821 9708 9725 0
14822 11656 11562 0
14823 11554 11562 0
14824 5870 6080 0
14825 6081 6080 0
14826 5856 5870 0
14827 4916 4917 0
14828 4917 4659 0
14829 4675 4659 0
14830 10832 10833 0
14831 10652 10653 0
14832 13075 13157 0
14833 13157 13184 0
14834 13184 13098 0
14835 12998 13098 0
14836 9626 9489 0
14837 9626 9627 0
14838 9627 9480 0
14839 9489 9480 0
14840 9746 9577 0
14841 9746 9747 0
14842 9578 9747 0
14843 1032 1193 0
14844 1194 1193 0
14845 1033 1032 0
14846 13750 13884 0
14847 13884 13885 0
14848 13885 13751 0
14849 13750 13751 0
14850 6601 6600 0
14851 6357 6356 0
14852 11532 11623 0
14853 11623 11624 0
14854 11519 11624 0
14855 11084 11190 0
14856 11191 11190 0
14857 11085 11084 0
14858 12682 12804 0
14859 12683 12805 0
14860 8094 8208 0
14861 8208 8195 0
14862 8195 8091 0
14863 8094 8091 0
14864 6611 6612 0
14865 6366 6355 0
14866 8797 8798 0
14867 8798 8554 0
14868 8553 8554 0
14869 7320 7321 0
14870 7087 7088 0
14871 5149 5150 0
14872 5150 4922 0
14873 4932 4922 0
14874 676 587 0
14875 676 572 0
14876 572 507 0
14877 587 507 0
14878 587 538 0
14879 507 408 0
14880 538 408 0
14881 8524 8766 0
14882 8766 8751 0
14883 8751 8525 0
14884 8524 8525 0
14885 4737 4725 0
14886 4930 4695 0
14887 4696 4695 0
14888 13833 13731 0
14889 13833 13834 0
14890 13725 13834 0
14891 14375 14518 0
14892 14518 14463 0
14893 14463 14322 0
14894 14375 14322 0
14895 10553 10414 0
14896 10553 10536 0
14897 10536 10415 0
14898 10414 10415 0
14899 6651 6652 0
14900 6652 6418 0
14901 6417 6418 0
14902 7095 7326 0
14903 7327 7326 0
14904 7096 7095 0
14905 1031 1203 0
14906 1193 1203 0
14907 1032 1031 0
14908 7008 6997 0
14909 6997 6755 0
14910 6763 6755 0
14911 13655 13762 0
14912 13762 13764 0
14913 13656 13764 0
14914 10085 10220 0
14915 10220 10205 0
14916 10086 10205 0
14917 5263 5535 0
14918 5535 5536 0
14919 5536 5264 0
14920 5263 5264 0
14921 9118 9103 0
14922 8868 8869 0
14923 8814 8693 0
14924 8815 8694 0
14925 8694 8693 0
14926 13013 12905 0
14927 12898 13003 0
14928 12898 12905 0
14929 10298 10414 0
14930 10415 10299 0
14931 10298 10299 0
14932 4658 4588 0
14933 4588 4513 0
14934 4599 4513 0
14935 9452 9345 0
14936 9452 9453 0
14937 9453 9346 0
14938 9345 9346 0
14939 10061 9869 0
14940 10061 10056 0
14941 7686 7863 0
14942 7863 7864 0
14943 7864 7687 0
14944 7686 7687 0
14945 8323 8522 0
14946 8523 8522 0
14947 8324 8323 0
14948 4644 4898 0
14949 4899 4898 0
14950 4899 4645 0
14951 4644 4645 0
14952 9400 9556 0
14953 9548 9556 0
14954 9548 9391 0
14955 9400 9391 0
14956 10938 11052 0
14957 10935 11053 0
14958 7660 7752 0
14959 7661 7753 0
14960 1013 1176 0
14961 1177 1176 0
14962 1014 1013 0
14963 9246 9345 0
14964 9247 9346 0
14965 9108 8999 0
14966 4905 4917 0
14967 4660 4659 0
14968 9744 9882 0
14969 9883 9882 0
14970 8454 8366 0
14971 8455 8362 0
14972 8366 8362 0
14973 7544 7543 0
14974 7344 7343 0
14975 13150 13258 0
14976 13151 13258 0
14977 13052 13150 0
14978 7645 7635 0
14979 7635 7538 0
14980 7547 7538 0
14981 4250 4112 0
14982 4241 4101 0
14983 13654 13768 0
14984 13762 13768 0
14985 8243 8143 0
14986 8243 8244 0
14987 8144 8244 0
14988 13264 13380 0
14989 13258 13380 0
14990 13150 13264 0
14991 4290 4291 0
14992 4021 4012 0
14993 7374 7570 0
14994 7571 7570 0
14995 7375 7374 0
14996 11142 11261 0
14997 11248 11261 0
14998 11248 11164 0
14999 11136 11164 0
15000 2423 2424 0
15001 2186 2187 0
15002 5215 5305 0
15003 5305 5292 0
15004 5292 5204 0
15005 5215 5204 0
15006 5328 5442 0
15007 5443 5442 0
15008 5443 5329 0
15009 5328 5329 0
15010 5962 5846 0
15011 5853 5846 0
15012 5625 5739 0
15013 5739 5726 0
15014 5626 5726 0
15015 5893 5781 0
15016 5894 5782 0
15017 5781 5782 0
15018 7319 7328 0
15019 7086 7085 0
15020 13885 13886 0
15021 13886 13744 0
15022 13751 13744 0
15023 14409 14533 0
15024 14533 14498 0
15025 14498 14366 0
15026 14409 14366 0
15027 7845 8018 0
15028 7836 8013 0
15029 13758 13901 0
15030 13902 13901 0
15031 6602 6594 0
15032 6353 6594 0
15033 6352 6353 0
15034 11149 11277 0
15035 11145 11268 0
15036 8752 8751 0
15037 8526 8525 0
15038 11319 11452 0
15039 11452 11453 0
15040 11320 11453 0
15041 11211 11331 0
15042 11331 11332 0
15043 11212 11332 0
15044 8026 7911 0
15045 8026 8019 0
15046 8019 7912 0
15047 7911 7912 0
15048 7984 8060 0
15049 7978 8061 0
15050 12793 12905 0
15051 12898 12784 0
15052 3313 3314 0
15053 3076 3077 0
15054 8404 8278 0
15055 8279 8393 0
15056 8279 8278 0
15057 13559 13678 0
15058 13549 13666 0
15059 11238 11132 0
15060 11226 11238 0
15061 11226 11126 0
15062 11132 11126 0
15063 7960 7814 0
15064 7961 7815 0
15065 9957 9813 0
15066 9814 9813 0
15067 8497 8407 0
15068 10009 9876 0
15069 10010 9852 0
15070 9876 9852 0
15071 11604 11498 0
15072 11604 11605 0
15073 11492 11605 0
15074 8919 8904 0
15075 8904 8735 0
15076 8734 8735 0
15077 7511 7554 0
15078 7554 7432 0
15079 7432 7371 0
15080 7511 7371 0
15081 11890 11785 0
15082 11784 11785 0
15083 11495 11357 0
15084 11495 11496 0
15085 4904 4795 0
15086 4904 4898 0
15087 4898 4796 0
15088 4795 4796 0
15089 9087 9220 0
15090 9074 9221 0
15091 5718 5719 0
15092 5719 5504 0
15093 5503 5504 0
15094 12597 12527 0
15095 12527 12410 0
15096 12503 12410 0
15097 10878 10983 0
15098 10879 10984 0
15099 7954 7955 0
15100 7741 7742 0
15101 7898 7899 0
15102 7698 7699 0
15103 11020 11132 0
15104 11126 11021 0
15105 11020 11021 0
15106 12480 12481 0
15107 12481 12353 0
15108 12352 12353 0
15109 5328 5233 0
15110 5220 5329 0
15111 5220 5233 0
15112 5432 5314 0
15113 5329 5314 0
15114 5578 5686 0
15115 5686 5676 0
15116 5579 5676 0
15117 5579 5578 0
15118 5631 5738 0
15119 5739 5738 0
15120 5625 5631 0
15121 5207 5294 0
15122 5283 5294 0
15123 5195 5283 0
15124 8546 8667 0
15125 8659 8667 0
15126 8659 8538 0
15127 8546 8538 0
15128 9993 10115 0
15129 10115 10108 0
15130 9986 10108 0
15131 6942 6943 0
15132 6943 6704 0
15133 6703 6704 0
15134 9353 9265 0
15135 9250 9347 0
15136 9250 9265 0
15137 7940 8032 0
15138 8033 7927 0
15139 7940 7927 0
15140 12740 12849 0
15141 12842 12849 0
15142 12731 12842 0
15143 9276 9139 0
15144 9140 9139 0
15145 4873 4627 0
15146 4873 4874 0
15147 4618 4627 0
15148 5230 5457 0
15149 5458 5457 0
15150 5231 5230 0
15151 2406 2425 0
15152 2175 2174 0
15153 9105 9104 0
15154 8862 8870 0
15155 14036 14056 0
15156 13715 13742 0
15157 5569 5570 0
15158 5298 5299 0
15159 6998 6997 0
15160 6756 6755 0
15161 9963 9818 0
15162 9828 9818 0
15163 6710 6711 0
15164 6461 6447 0
15165 13691 13787 0
15166 13785 13692 0
15167 8555 8787 0
15168 8787 8788 0
15169 8788 8543 0
15170 8555 8543 0
15171 5451 5450 0
15172 5218 5217 0
15173 8309 8513 0
15174 8513 8503 0
15175 8503 8310 0
15176 8309 8310 0
15177 5566 5670 0
15178 5670 5663 0
15179 5555 5663 0
15180 5221 5314 0
15181 10032 9926 0
15182 9914 10033 0
15183 9914 9926 0
15184 7965 7966 0
15185 7738 7739 0
15186 8091 8019 0
15187 9280 9369 0
15188 9370 9369 0
15189 9273 9370 0
15190 7587 7493 0
15191 7494 7588 0
15192 7494 7493 0
15193 12903 13011 0
15194 12904 13012 0
15195 13615 13751 0
15196 13744 13616 0
15197 13615 13616 0
15198 9231 9333 0
15199 9333 9329 0
15200 9218 9329 0
15201 5033 4921 0
15202 10776 10763 0
15203 10526 10763 0
15204 10525 10526 0
15205 10298 10174 0
15206 10168 10299 0
15207 2759 2761 0
15208 2761 2550 0
15209 2549 2550 0
15210 8802 8803 0
15211 8574 8575 0
15212 2408 2391 0
15213 2391 2162 0
15214 2161 2162 0
15215 8074 7999 0
15216 8000 8075 0
15217 9489 9398 0
15218 9480 9389 0
15219 9398 9389 0
15220 5546 5767 0
15221 5767 5768 0
15222 5768 5547 0
15223 5546 5547 0
15224 10986 10932 0
15225 10932 10918 0
15226 10918 10887 0
15227 10881 10887 0
15228 5845 6060 0
15229 6060 6061 0
15230 6061 5836 0
15231 5845 5836 0
15232 14572 14455 0
15233 14572 14533 0
15234 14409 14455 0
15235 5540 5752 0
15236 5752 5741 0
15237 5741 5523 0
15238 5540 5523 0
15239 11909 12047 0
15240 12047 12025 0
15241 12025 12026 0
15242 11897 12026 0
15243 6300 6301 0
15244 6301 6114 0
15245 6124 6114 0
15246 9295 9388 0
15247 9389 9388 0
15248 9389 9296 0
15249 9295 9296 0
15250 13062 13057 0
15251 12943 13057 0
15252 11736 11864 0
15253 11864 11804 0
15254 11804 11715 0
15255 11715 11670 0
15256 11736 11670 0
15257 10854 10855 0
15258 10712 10855 0
15259 8779 8667 0
15260 9962 10064 0
15261 10065 10064 0
15262 10065 9953 0
15263 9962 9953 0
15264 11221 11339 0
15265 11339 11333 0
15266 11214 11333 0
15267 11582 11452 0
15268 11569 11453 0
15269 9593 9752 0
15270 9576 9743 0
15271 12036 12160 0
15272 12037 12160 0
15273 12037 11936 0
15274 12036 11936 0
15275 12144 11999 0
15276 12145 12000 0
15277 13330 13195 0
15278 13196 13321 0
15279 4646 4645 0
15280 12768 12883 0
15281 12883 12884 0
15282 12763 12884 0
15283 7937 8030 0
15284 7938 8031 0
15285 12593 12491 0
15286 12594 12480 0
15287 5434 5303 0
15288 5434 5422 0
15289 5422 5304 0
15290 5303 5304 0
15291 5614 5706 0
15292 5706 5696 0
15293 5696 5602 0
15294 5614 5602 0
15295 5897 5780 0
15296 5442 5578 0
15297 5805 5686 0
15298 5799 5676 0
15299 5706 5833 0
15300 5834 5833 0
15301 5834 5696 0
15302 5196 5284 0
15303 5292 5293 0
15304 5293 5206 0
15305 5204 5206 0
15306 5963 5847 0
15307 5964 5848 0
15308 5847 5848 0
15309 5727 5847 0
15310 5728 5848 0
15311 5187 5277 0
15312 5188 5278 0
15313 5466 5614 0
15314 5467 5602 0
15315 5944 6107 0
15316 6107 6108 0
15317 6108 5945 0
15318 5944 5945 0
15319 5833 5944 0
15320 5946 5944 0
15321 5557 5665 0
15322 5665 5656 0
15323 5548 5656 0
15324 5664 5556 0
15325 5424 5292 0
15326 5418 5293 0
15327 5676 5677 0
15328 5572 5677 0
15329 5411 5549 0
15330 5412 5541 0
15331 5788 5670 0
15332 5789 5663 0
15333 5782 5656 0
15334 5800 5677 0
15335 6117 6010 0
15336 6117 6106 0
15337 6011 6106 0
15338 5818 5817 0
15339 5598 5597 0
15340 11593 11480 0
15341 11481 11594 0
15342 9569 9570 0
15343 12341 12474 0
15344 12475 12474 0
15345 12342 12341 0
15346 9499 9720 0
15347 9722 9720 0
15348 9499 9722 0
15349 14192 14183 0
15350 13936 13906 0
15351 5562 5550 0
15352 5289 5550 0
15353 5289 5288 0
15354 11906 11774 0
15355 11893 11775 0
15356 5534 5535 0
15357 5262 5263 0
15358 5273 5532 0
15359 5533 5532 0
15360 5261 5273 0
15361 8318 8648 0
15362 8638 8648 0
15363 8319 8318 0
15364 6977 6992 0
15365 6736 6735 0
15366 9271 9367 0
15367 9272 9359 0
15368 8430 8538 0
15369 8538 8539 0
15370 8425 8539 0
15371 1048 1079 0
15372 1079 1038 0
15373 1038 978 0
15374 1048 978 0
15375 13774 13945 0
15376 13945 13912 0
15377 13912 13752 0
15378 13774 13752 0
15379 13239 13184 0
15380 13239 13148 0
15381 13098 13148 0
15382 13528 13578 0
15383 13578 13499 0
15384 13499 13448 0
15385 13528 13448 0
15386 10674 10768 0
15387 10768 10761 0
15388 10761 10663 0
15389 10674 10663 0
15390 11190 11313 0
15391 11308 11313 0
15392 11191 11308 0
15393 12811 12919 0
15394 12912 12919 0
15395 10957 11077 0
15396 11077 11066 0
15397 11066 10948 0
15398 10957 10948 0
15399 11690 11821 0
15400 11810 11821 0
15401 10200 10321 0
15402 10321 10322 0
15403 10201 10322 0
15404 7628 7528 0
15405 7529 7528 0
15406 9012 9125 0
15407 8436 8489 0
15408 8489 8480 0
15409 8431 8480 0
15410 8431 8436 0
15411 6171 6064 0
15412 6172 6065 0
15413 11769 11882 0
15414 11764 11883 0
15415 11769 11764 0
15416 10331 10206 0
15417 10332 10207 0
15418 10206 10207 0
15419 11366 11510 0
15420 11498 11510 0
15421 10088 10206 0
15422 10089 10207 0
15423 9395 9492 0
15424 9488 9492 0
15425 9488 9396 0
15426 8586 8694 0
15427 8587 8695 0
15428 10446 10346 0
15429 10439 10338 0
15430 10083 10187 0
15431 10198 10187 0
15432 10198 10084 0
15433 10083 10084 0
15434 13246 13383 0
15435 13384 13383 0
15436 12125 12253 0
15437 12253 12247 0
15438 12117 12247 0
15439 11178 11077 0
15440 11166 11066 0
15441 9257 9256 0
15442 7768 7810 0
15443 7810 7725 0
15444 7725 7671 0
15445 7768 7671 0
15446 7799 7940 0
15447 7793 7927 0
15448 10838 10942 0
15449 10943 10942 0
15450 10943 10839 0
15451 10838 10839 0
15452 1953 1857 0
15453 1954 1860 0
15454 1857 1860 0
15455 13153 13021 0
15456 13154 13016 0
15457 13021 13016 0
15458 6928 6943 0
15459 6690 6704 0
15460 6904 7157 0
15461 7157 7158 0
15462 7158 6905 0
15463 6904 6905 0
15464 6903 7156 0
15465 7157 7156 0
15466 6904 6903 0
15467 12133 12238 0
15468 12238 12239 0
15469 12239 12134 0
15470 12133 12134 0
15471 12252 12399 0
15472 12399 12293 0
15473 12252 12293 0
15474 9661 9815 0
15475 9815 9816 0
15476 9816 9726 0
15477 9695 9726 0
15478 9661 9649 0
15479 13726 13887 0
15480 13887 13857 0
15481 13857 13696 0
15482 13726 13696 0
15483 13468 13327 0
15484 13328 13460 0
15485 6381 6392 0
15486 6163 6176 0
15487 9145 9146 0
15488 8897 8898 0
15489 5513 5514 0
15490 5253 5254 0
15491 4336 4355 0
15492 4053 4133 0
15493 10587 10435 0
15494 10581 10436 0
15495 11942 12070 0
15496 12071 11943 0
15497 10449 10583 0
15498 10583 10724 0
15499 10724 10667 0
15500 10449 10667 0
15501 11006 11007 0
15502 11007 10848 0
15503 10847 10848 0
15504 8300 8416 0
15505 8301 8415 0
15506 8660 8539 0
15507 11432 11553 0
15508 11553 11544 0
15509 11418 11544 0
15510 11418 11432 0
15511 7944 8041 0
15512 8037 8041 0
15513 9824 9975 0
15514 9975 9976 0
15515 9976 9825 0
15516 9824 9825 0
15517 11192 11309 0
15518 5539 5751 0
15519 5752 5751 0
15520 5540 5539 0
15521 9897 10017 0
15522 10017 10018 0
15523 9898 10018 0
15524 11644 11553 0
15525 11639 11544 0
15526 9452 9565 0
15527 9560 9453 0
15528 12460 12330 0
15529 12461 12331 0
15530 12331 12330 0
15531 10671 10661 0
15532 10536 10661 0
15533 13612 13770 0
15534 13770 13720 0
15535 13720 13562 0
15536 13612 13562 0
15537 12507 12509 0
15538 12509 12303 0
15539 12302 12303 0
15540 1208 1207 0
15541 1029 1207 0
15542 13108 13109 0
15543 13109 13004 0
15544 13003 13004 0
15545 7163 7164 0
15546 7164 6911 0
15547 6910 6911 0
15548 13887 14047 0
15549 14047 14016 0
15550 13857 14016 0
15551 10662 10721 0
15552 10721 10722 0
15553 10655 10722 0
15554 8179 8215 0
15555 8215 8256 0
15556 8174 8256 0
15557 14610 14695 0
15558 14695 14682 0
15559 14682 14590 0
15560 14610 14590 0
15561 15021 15011 0
15562 15011 14880 0
15563 14901 14880 0
15564 6137 6332 0
15565 6332 6333 0
15566 6333 6138 0
15567 6137 6138 0
15568 2763 2761 0
15569 2551 2550 0
15570 6291 6280 0
15571 6096 6097 0
15572 3335 3334 0
15573 3090 3089 0
15574 11568 11667 0
15575 11561 11655 0
15576 10580 10605 0
15577 10638 10606 0
15578 10580 10606 0
15579 15283 15231 0
15580 15231 15225 0
15581 15237 15225 0
15582 7908 7909 0
15583 7625 7909 0
15584 7625 7624 0
15585 11954 12079 0
15586 12070 12079 0
15587 14182 14148 0
15588 14148 14029 0
15589 14061 14029 0
15590 10150 10280 0
15591 10280 10273 0
15592 10273 10151 0
15593 10150 10151 0
15594 7792 7911 0
15595 7788 7912 0
15596 10097 10221 0
15597 10098 10222 0
15598 6818 6688 0
15599 12299 12355 0
15600 12355 12267 0
15601 12267 12214 0
15602 12299 12214 0
15603 13314 13277 0
15604 13277 13123 0
15605 13147 13123 0
15606 12925 12909 0
15607 12925 12760 0
15608 12760 12745 0
15609 12909 12745 0
15610 825 862 0
15611 862 800 0
15612 800 758 0
15613 825 758 0
15614 3521 3288 0
15615 3505 3289 0
15616 3288 3289 0
15617 13772 13672 0
15618 13773 13663 0
15619 7490 7510 0
15620 7371 7510 0
15621 7371 7350 0
15622 7350 7471 0
15623 7490 7471 0
15624 6744 6745 0
15625 6486 6476 0
15626 5027 5205 0
15627 5206 5205 0
15628 5206 5028 0
15629 5027 5028 0
15630 5215 5039 0
15631 5215 5203 0
15632 5203 5026 0
15633 5039 5026 0
15634 5205 5203 0
15635 5027 5026 0
15636 8370 8462 0
15637 8462 8451 0
15638 8364 8451 0
15639 8949 9047 0
15640 9048 8950 0
15641 8949 8950 0
15642 12883 12984 0
15643 12984 12985 0
15644 12884 12985 0
15645 12563 12443 0
15646 12442 12443 0
15647 10557 10425 0
15648 10424 10425 0
15649 10923 10794 0
15650 12620 12521 0
15651 12621 12514 0
15652 12521 12514 0
15653 4883 4882 0
15654 4883 4623 0
15655 4633 4623 0
15656 11110 11208 0
15657 11209 11095 0
15658 12642 12618 0
15659 12488 12454 0
15660 12618 12454 0
15661 4756 4631 0
15662 4588 4631 0
15663 8075 8070 0
15664 7994 8070 0
15665 6310 6433 0
15666 9400 9237 0
15667 9223 9391 0
15668 9223 9237 0
15669 7723 7615 0
15670 7717 7616 0
15671 7616 7615 0
15672 13159 13273 0
15673 13273 13177 0
15674 13177 13076 0
15675 13159 13076 0
15676 11463 11326 0
15677 11317 11449 0
15678 11317 11326 0
15679 13358 13233 0
15680 13359 13226 0
15681 6132 6311 0
15682 6312 6311 0
15683 6133 6132 0
15684 12701 12595 0
15685 12594 12595 0
15686 8775 8788 0
15687 8544 8543 0
15688 6653 6652 0
15689 6419 6418 0
15690 4884 4775 0
15691 4885 4776 0
15692 6793 6794 0
15693 6794 6530 0
15694 6529 6530 0
15695 6999 7000 0
15696 7000 6758 0
15697 6757 6758 0
15698 6636 6530 0
15699 6637 6522 0
15700 6530 6522 0
15701 9265 9126 0
15702 9250 9127 0
15703 9126 9127 0
15704 11668 11773 0
15705 11784 11773 0
15706 11669 11784 0
15707 9594 9467 0
15708 11671 11792 0
15709 7640 7600 0
15710 7512 7462 0
15711 7600 7462 0
15712 11770 11645 0
15713 10649 10751 0
15714 10751 10742 0
15715 10633 10742 0
15716 7821 7971 0
15717 7805 7806 0
15718 7566 7567 0
15719 5464 5457 0
15720 5229 5230 0
15721 10912 11031 0
15722 11031 11032 0
15723 10913 11032 0
15724 10913 10912 0
15725 9037 9174 0
15726 9175 9038 0
15727 8911 9027 0
15728 8944 8761 0
15729 8946 8944 0
15730 8946 8762 0
15731 8761 8762 0
15732 10811 10981 0
15733 10982 10981 0
15734 10813 10811 0
15735 11488 11339 0
15736 11479 11333 0
15737 8435 8578 0
15738 8579 8436 0
15739 8435 8436 0
15740 11595 11457 0
15741 3486 3588 0
15742 3588 3589 0
15743 3589 3487 0
15744 3486 3487 0
15745 3630 3677 0
15746 3677 3678 0
15747 3678 3631 0
15748 3630 3631 0
15749 9960 10091 0
15750 10091 10092 0
15751 10092 9947 0
15752 9960 9947 0
15753 1470 1358 0
15754 1470 1471 0
15755 1471 1359 0
15756 1358 1359 0
15757 11887 11859 0
15758 11887 11948 0
15759 11948 11865 0
15760 11865 11814 0
15761 11859 11814 0
15762 9249 9327 0
15763 9327 9328 0
15764 9238 9328 0
15765 10223 10339 0
15766 10331 10339 0
15767 10206 10223 0
15768 14425 14552 0
15769 14552 14521 0
15770 14377 14521 0
15771 14377 14425 0
15772 766 981 0
15773 982 981 0
15774 767 766 0
15775 6076 6077 0
15776 5866 5867 0
15777 8789 8899 0
15778 8790 8900 0
15779 13713 13798 0
15780 13798 13790 0
15781 13701 13790 0
15782 10998 11158 0
15783 11158 11159 0
15784 11159 10999 0
15785 10998 10999 0
15786 3336 3327 0
15787 3068 3067 0
15788 7565 7564 0
15789 7367 7366 0
15790 13769 13911 0
15791 13856 13911 0
15792 13719 13769 0
15793 9566 9738 0
15794 9739 9738 0
15795 9739 9567 0
15796 8008 8080 0
15797 12732 12843 0
15798 8376 8264 0
15799 8255 8377 0
15800 8255 8264 0
15801 6574 6440 0
15802 11876 11989 0
15803 11989 11990 0
15804 11877 11990 0
15805 8453 8585 0
15806 8585 8580 0
15807 8580 8449 0
15808 8453 8449 0
15809 6130 6323 0
15810 6323 6324 0
15811 6324 6131 0
15812 6130 6131 0
15813 11907 11849 0
15814 11701 11651 0
15815 11849 11651 0
15816 13604 13736 0
15817 13736 13737 0
15818 13605 13737 0
15819 4922 4684 0
15820 4697 4684 0
15821 11528 11573 0
15822 11573 11490 0
15823 11430 11490 0
15824 8462 8527 0
15825 8527 8515 0
15826 8451 8515 0
15827 8610 8609 0
15828 8610 8508 0
15829 12334 12356 0
15830 12356 12180 0
15831 12180 12162 0
15832 12334 12162 0
15833 10358 10208 0
15834 10354 10202 0
15835 10208 10202 0
15836 11910 12027 0
15837 12106 12027 0
15838 12106 11898 0
15839 11910 11898 0
15840 1195 1183 0
15841 1183 1025 0
15842 1024 1025 0
15843 8984 8856 0
15844 8857 8856 0
15845 8465 8371 0
15846 8380 8371 0
15847 8946 8947 0
15848 8947 8763 0
15849 8762 8763 0
15850 9597 9612 0
15851 9597 9435 0
15852 9433 9435 0
15853 11910 11794 0
15854 11898 11788 0
15855 11794 11788 0
15856 10486 10621 0
15857 10621 10614 0
15858 10473 10614 0
15859 7663 7559 0
15860 7655 7560 0
15861 11353 11386 0
15862 11203 11172 0
15863 6747 6746 0
15864 6478 6477 0
15865 3638 3688 0
15866 3688 3689 0
15867 3689 3640 0
15868 3638 3640 0
15869 12260 12131 0
15870 12260 12261 0
15871 12124 12261 0
15872 12986 13096 0
15873 12981 13097 0
15874 11019 11005 0
15875 13492 13346 0
15876 13359 13346 0
15877 13186 13187 0
15878 13187 13061 0
15879 13071 13061 0
15880 11938 12067 0
15881 12067 12068 0
15882 11939 12068 0
15883 8799 8912 0
15884 8912 8903 0
15885 8800 8903 0
15886 8800 8799 0
15887 9013 9126 0
15888 9014 9127 0
15889 11549 11643 0
15890 11643 11634 0
15891 11634 11542 0
15892 11549 11542 0
15893 11549 11428 0
15894 11415 11542 0
15895 12305 12462 0
15896 12462 12463 0
15897 12296 12463 0
15898 12296 12305 0
15899 10740 10873 0
15900 10874 10873 0
15901 10741 10740 0
15902 8710 8699 0
15903 8595 8699 0
15904 13066 13110 0
15905 12923 12886 0
15906 13066 12886 0
15907 7714 7770 0
15908 7641 7575 0
15909 13217 13077 0
15910 13217 13205 0
15911 13205 13078 0
15912 13077 13078 0
15913 5769 5768 0
15914 5537 5547 0
15915 6139 6334 0
15916 6323 6334 0
15917 6130 6139 0
15918 8612 8720 0
15919 8613 8714 0
15920 6289 6288 0
15921 6094 6105 0
15922 1868 1869 0
15923 1686 1687 0
15924 6720 6708 0
15925 6458 6459 0
15926 10079 9669 0
15927 10079 10080 0
15928 9659 10080 0
15929 9659 9669 0
15930 7563 7562 0
15931 7365 7376 0
15932 11130 11028 0
15933 11130 11131 0
15934 11131 11029 0
15935 11028 11029 0
15936 12530 12625 0
15937 12620 12625 0
15938 12521 12530 0
15939 13406 13530 0
15940 13407 13531 0
15941 5554 5777 0
15942 5777 5778 0
15943 5778 5545 0
15944 5554 5545 0
15945 5776 5777 0
15946 5553 5554 0
15947 10193 10343 0
15948 10180 10344 0
15949 12778 12819 0
15950 12819 12605 0
15951 12560 12605 0
15952 13222 13374 0
15953 13223 13375 0
15954 10051 10208 0
15955 10038 10202 0
15956 361 351 0
15957 229 351 0
15958 229 228 0
15959 361 228 0
15960 13229 13109 0
15961 13539 13418 0
15962 13540 13403 0
15963 9929 10110 0
15964 10110 10111 0
15965 9931 10111 0
15966 9931 9929 0
15967 8624 8567 0
15968 8625 8568 0
15969 7266 7485 0
15970 7479 7485 0
15971 7267 7266 0
15972 11362 11525 0
15973 11363 11526 0
15974 4787 4672 0
15975 5836 6050 0
15976 6051 6050 0
15977 5837 5836 0
15978 8385 8263 0
15979 8253 8375 0
15980 8253 8263 0
15981 7434 7435 0
15982 7189 7435 0
15983 7189 7188 0
15984 9116 9135 0
15985 8879 8878 0
15986 14038 13880 0
15987 14038 14009 0
15988 13880 13849 0
15989 8622 8594 0
15990 8622 8623 0
15991 8441 8448 0
15992 11259 11155 0
15993 11199 11124 0
15994 11155 11124 0
15995 13449 13551 0
15996 13551 13486 0
15997 13486 13379 0
15998 13449 13379 0
15999 11398 11331 0
16000 11387 11332 0
16001 12797 12854 0
16002 12854 12848 0
16003 12798 12848 0
16004 9823 9939 0
16005 9823 9808 0
16006 11314 11416 0
16007 11315 11416 0
16008 11314 11218 0
16009 10049 9941 0
16010 10050 9942 0
16011 9941 9942 0
16012 9944 10129 0
16013 10130 10129 0
16014 9727 9804 0
16015 9804 9805 0
16016 9849 9805 0
16017 9849 9841 0
16018 9841 9800 0
16019 9800 9799 0
16020 9799 9728 0
16021 9727 9728 0
16022 9614 9615 0
16023 9615 9734 0
16024 9698 9734 0
16025 9835 9864 0
16026 9864 9924 0
16027 9924 9881 0
16028 9808 9881 0
16029 9808 9810 0
16030 9810 9761 0
16031 9761 9779 0
16032 9779 9750 0
16033 9750 9682 0
16034 9682 9699 0
16035 9699 9605 0
16036 9605 9557 0
16037 9589 9557 0
16038 9589 9586 0
16039 9544 9586 0
16040 9572 9522 0
16041 9522 9561 0
16042 9561 9603 0
16043 9614 9603 0
16044 14096 13781 0
16045 14096 14083 0
16046 13766 13781 0
16047 5835 5825 0
16048 5607 5608 0
16049 12630 12761 0
16050 12762 12626 0
16051 12630 12626 0
16052 12961 12854 0
16053 12962 12848 0
16054 11967 11848 0
16055 11968 11844 0
16056 13319 13454 0
16057 13454 13455 0
16058 13307 13455 0
16059 9668 9904 0
16060 9887 9904 0
16061 9887 9669 0
16062 9669 9668 0
16063 10122 10247 0
16064 10113 10234 0
16065 13509 13616 0
16066 11750 11623 0
16067 11751 11624 0
16068 10950 11067 0
16069 11068 10951 0
16070 10950 10951 0
16071 11200 11318 0
16072 11318 11312 0
16073 11312 11196 0
16074 11200 11196 0
16075 8875 9002 0
16076 12067 12205 0
16077 12205 12206 0
16078 12068 12206 0
16079 13831 13736 0
16080 13832 13737 0
16081 7726 7626 0
16082 7727 7627 0
16083 10725 10922 0
16084 10922 10914 0
16085 10726 10914 0
16086 8619 8620 0
16087 8432 8620 0
16088 8432 8440 0
16089 10310 10188 0
16090 10174 10188 0
16091 12930 12816 0
16092 12918 12810 0
16093 12816 12810 0
16094 8423 8333 0
16095 10964 11085 0
16096 10959 11078 0
16097 10855 10951 0
16098 10060 9950 0
16099 9941 9950 0
16100 13030 12919 0
16101 13633 13750 0
16102 12950 12849 0
16103 7772 7873 0
16104 7873 7859 0
16105 7859 7773 0
16106 7772 7773 0
16107 8830 8824 0
16108 8699 8824 0
16109 13329 13469 0
16110 13461 13469 0
16111 10416 10537 0
16112 10538 10537 0
16113 10538 10417 0
16114 10416 10417 0
16115 4907 5052 0
16116 4909 5042 0
16117 4909 4907 0
16118 10598 10713 0
16119 10713 10714 0
16120 10599 10714 0
16121 13043 13163 0
16122 13044 13164 0
16123 10809 10926 0
16124 10799 10921 0
16125 2392 2391 0
16126 2164 2162 0
16127 13988 14104 0
16128 14104 13973 0
16129 13973 13907 0
16130 13988 13907 0
16131 442 448 0
16132 442 351 0
16133 361 448 0
16134 11371 11240 0
16135 11356 11371 0
16136 11356 11241 0
16137 11240 11241 0
16138 5051 5119 0
16139 5062 4959 0
16140 5501 5500 0
16141 5252 5251 0
16142 1183 1184 0
16143 1184 1026 0
16144 1025 1026 0
16145 8719 8626 0
16146 6146 6150 0
16147 5929 5928 0
16148 5742 5741 0
16149 5524 5523 0
16150 6633 6632 0
16151 6401 6400 0
16152 11313 11441 0
16153 11433 11441 0
16154 11607 11510 0
16155 12548 12648 0
16156 11712 11711 0
16157 11712 11605 0
16158 11433 11554 0
16159 11434 11555 0
16160 11886 11662 0
16161 11806 11662 0
16162 9545 9442 0
16163 9546 9443 0
16164 9442 9443 0
16165 10269 10154 0
16166 10270 10147 0
16167 10154 10147 0
16168 8011 7884 0
16169 8007 7872 0
16170 10152 10285 0
16171 10153 10275 0
16172 11845 11935 0
16173 11935 11846 0
16174 11745 11846 0
16175 11140 11310 0
16176 11140 11119 0
16177 8471 8556 0
16178 8556 8547 0
16179 8461 8547 0
16180 10561 10427 0
16181 10561 10562 0
16182 10562 10428 0
16183 10427 10428 0
16184 12637 12747 0
16185 12748 12747 0
16186 12638 12748 0
16187 7758 7878 0
16188 7878 7759 0
16189 7758 7759 0
16190 12796 12643 0
16191 12790 12644 0
16192 12643 12644 0
16193 14336 14391 0
16194 14336 14197 0
16195 14239 14197 0
16196 13733 14039 0
16197 14039 14010 0
16198 14010 13690 0
16199 13733 13690 0
16200 9592 9751 0
16201 9752 9751 0
16202 11469 11462 0
16203 11462 11325 0
16204 11324 11325 0
16205 10671 10764 0
16206 10765 10661 0
16207 10416 10300 0
16208 10417 10301 0
16209 10300 10301 0
16210 7227 7236 0
16211 7236 6976 0
16212 6940 6976 0
16213 7227 6940 0
16214 10048 10170 0
16215 10165 10170 0
16216 10037 10165 0
16217 5191 5199 0
16218 4973 4960 0
16219 4973 5199 0
16220 13753 13882 0
16221 13882 13883 0
16222 13749 13883 0
16223 8432 8434 0
16224 8350 8434 0
16225 8350 8295 0
16226 8274 8295 0
16227 9937 10120 0
16228 10110 10120 0
16229 9929 9937 0
16230 8365 8453 0
16231 8361 8449 0
16232 10083 9975 0
16233 10084 9976 0
16234 12940 13077 0
16235 12941 13078 0
16236 5272 5544 0
16237 5532 5544 0
16238 5273 5272 0
16239 7554 7600 0
16240 7432 7462 0
16241 7585 7576 0
16242 7398 7399 0
16243 10123 9999 0
16244 10114 9992 0
16245 8250 8366 0
16246 8245 8362 0
16247 13350 13495 0
16248 13351 13480 0
16249 9595 9753 0
16250 9754 9753 0
16251 9754 9596 0
16252 9289 9376 0
16253 9279 9368 0
16254 9903 9904 0
16255 9667 9668 0
16256 12108 12239 0
16257 12239 12240 0
16258 12092 12240 0
16259 9979 10076 0
16260 10076 10077 0
16261 9965 10077 0
16262 10620 10485 0
16263 10486 10485 0
16264 10913 10780 0
16265 10903 10767 0
16266 14463 14434 0
16267 14434 14299 0
16268 14322 14299 0
16269 9201 9529 0
16270 9517 9529 0
16271 9517 9202 0
16272 9201 9202 0
16273 10916 11035 0
16274 10917 11036 0
16275 10611 10471 0
16276 10612 10472 0
16277 10223 10087 0
16278 10088 10087 0
16279 9714 9715 0
16280 9554 9715 0
16281 5722 5708 0
16282 5506 5507 0
16283 1492 1287 0
16284 1493 1492 0
16285 1288 1287 0
16286 11827 11697 0
16287 11820 11689 0
16288 4948 5186 0
16289 5180 5186 0
16290 4525 4526 0
16291 4526 4317 0
16292 4316 4317 0
16293 5767 5778 0
16294 5546 5545 0
16295 7711 7613 0
16296 7712 7608 0
16297 7613 7608 0
16298 9851 9712 0
16299 9713 9843 0
16300 9713 9712 0
16301 13042 13162 0
16302 7731 7635 0
16303 11952 12093 0
16304 11953 12078 0
16305 10067 10189 0
16306 10068 10190 0
16307 9248 9121 0
16308 7613 7519 0
16309 7608 7513 0
16310 7519 7513 0
16311 12656 12780 0
16312 12645 12781 0
16313 13061 12949 0
16314 12962 12949 0
16315 8093 8207 0
16316 8208 8207 0
16317 9162 9029 0
16318 9163 9030 0
16319 5806 5807 0
16320 5590 5591 0
16321 6333 6334 0
16322 6138 6139 0
16323 14187 14278 0
16324 14278 14257 0
16325 14257 14152 0
16326 14187 14152 0
16327 888 930 0
16328 862 930 0
16329 825 888 0
16330 13584 13563 0
16331 13563 13388 0
16332 13442 13388 0
16333 13641 13578 0
16334 13560 13499 0
16335 11636 11691 0
16336 11691 11601 0
16337 11601 11563 0
16338 11636 11563 0
16339 13528 13473 0
16340 13448 13377 0
16341 13473 13377 0
16342 1461 1459 0
16343 1258 1268 0
16344 6815 6814 0
16345 6558 6557 0
16346 13624 13812 0
16347 13783 13812 0
16348 13580 13624 0
16349 6059 6060 0
16350 5844 5845 0
16351 6331 6332 0
16352 6145 6137 0
16353 8776 8777 0
16354 8545 8534 0
16355 8479 8546 0
16356 8469 8538 0
16357 8620 8621 0
16358 8621 8433 0
16359 8432 8433 0
16360 9655 9763 0
16361 9763 9764 0
16362 9643 9764 0
16363 11118 11150 0
16364 11150 11074 0
16365 11074 11033 0
16366 11118 11033 0
16367 13099 13149 0
16368 13149 13058 0
16369 13058 13019 0
16370 13099 13019 0
16371 10651 10706 0
16372 10706 10582 0
16373 10480 10582 0
16374 11431 11603 0
16375 11616 11603 0
16376 11459 11431 0
16377 12989 12821 0
16378 12786 12821 0
16379 9941 9793 0
16380 9942 9794 0
16381 9793 9794 0
16382 3808 3999 0
16383 3965 3999 0
16384 3760 3808 0
16385 9232 9295 0
16386 9219 9296 0
16387 14456 14573 0
16388 14552 14573 0
16389 14425 14456 0
16390 14186 14071 0
16391 14186 14169 0
16392 14048 14169 0
16393 14048 14071 0
16394 14682 14662 0
16395 14555 14662 0
16396 14555 14590 0
16397 14309 14276 0
16398 14276 14169 0
16399 14301 14337 0
16400 14337 14254 0
16401 14214 14254 0
16402 11949 11931 0
16403 11717 11702 0
16404 11931 11702 0
16405 8579 8489 0
16406 8569 8480 0
16407 11451 11318 0
16408 11440 11312 0
16409 9964 10074 0
16410 10075 9955 0
16411 10075 10069 0
16412 9956 10069 0
16413 5303 5223 0
16414 5304 5224 0
16415 5223 5224 0
16416 10241 10403 0
16417 10404 10403 0
16418 10229 10404 0
16419 10229 10241 0
16420 11733 11613 0
16421 11723 11614 0
16422 11613 11614 0
16423 11927 12060 0
16424 12060 12048 0
16425 11928 12048 0
16426 11928 11927 0
16427 10485 10382 0
16428 10486 10378 0
16429 10382 10378 0
16430 9523 9426 0
16431 9510 9419 0
16432 12858 12747 0
16433 3622 3668 0
16434 3668 3669 0
16435 3669 3623 0
16436 3622 3623 0
16437 5185 5186 0
16438 7294 7308 0
16439 7057 7069 0
16440 7037 7036 0
16441 6773 6772 0
16442 4704 4695 0
16443 2973 2972 0
16444 2762 2760 0
16445 5144 5233 0
16446 5220 5145 0
16447 12136 12178 0
16448 12178 12102 0
16449 12102 12021 0
16450 12136 12021 0
16451 12010 12051 0
16452 12051 11976 0
16453 11976 11923 0
16454 12010 11923 0
16455 13522 13563 0
16456 13344 13388 0
16457 12870 12853 0
16458 12680 12694 0
16459 12680 12853 0
16460 8652 8591 0
16461 8649 8584 0
16462 8591 8584 0
16463 14844 14964 0
16464 14964 14947 0
16465 14947 14826 0
16466 14844 14826 0
16467 6282 6281 0
16468 6089 6088 0
16469 9704 9705 0
16470 9547 9705 0
16471 10739 10792 0
16472 10871 10792 0
16473 10729 10866 0
16474 10729 10739 0
16475 12487 12526 0
16476 12526 12438 0
16477 12438 12381 0
16478 12487 12381 0
16479 8527 8591 0
16480 8515 8584 0
16481 14336 14303 0
16482 14303 14184 0
16483 14197 14184 0
16484 6902 7166 0
16485 7156 7166 0
16486 6903 6902 0
16487 15011 14987 0
16488 14987 14863 0
16489 14880 14863 0
16490 9919 10012 0
16491 10012 10004 0
16492 9920 10004 0
16493 9920 9919 0
16494 13798 13894 0
16495 13882 13894 0
16496 13790 13882 0
16497 8256 8257 0
16498 8257 8194 0
16499 8194 8175 0
16500 8174 8175 0
16501 13020 13029 0
16502 13020 12873 0
16503 12880 12873 0
16504 13795 13946 0
16505 13946 13913 0
16506 13913 13771 0
16507 13795 13771 0
16508 13099 13051 0
16509 12967 13019 0
16510 13301 13354 0
16511 13354 13263 0
16512 13263 13202 0
16513 13301 13202 0
16514 12120 12161 0
16515 12161 12038 0
16516 12038 11986 0
16517 12120 11986 0
16518 11995 11964 0
16519 11995 11923 0
16520 11865 11923 0
16521 11865 11964 0
16522 12820 12779 0
16523 12652 12612 0
16524 12779 12612 0
16525 11864 11958 0
16526 11958 11895 0
16527 11804 11895 0
16528 14256 14144 0
16529 14234 14256 0
16530 14234 14118 0
16531 14144 14118 0
16532 12399 12455 0
16533 12455 12346 0
16534 12346 12446 0
16535 12446 12335 0
16536 12335 12294 0
16537 12399 12294 0
16538 4580 4590 0
16539 4355 4354 0
16540 692 756 0
16541 756 658 0
16542 658 579 0
16543 692 579 0
16544 843 756 0
16545 843 727 0
16546 727 658 0
16547 7305 7304 0
16548 7066 7075 0
16549 11031 11120 0
16550 11113 11120 0
16551 11113 11032 0
16552 1587 1588 0
16553 1460 1462 0
16554 10066 9954 0
16555 9953 9954 0
16556 8521 8522 0
16557 8336 8323 0
16558 13308 13187 0
16559 8693 8585 0
16560 8586 8585 0
16561 11236 11131 0
16562 14788 14884 0
16563 14873 14884 0
16564 14770 14788 0
16565 7853 7864 0
16566 7678 7687 0
16567 8765 8766 0
16568 8537 8524 0
16569 8021 7914 0
16570 8015 7894 0
16571 10337 10220 0
16572 10328 10205 0
16573 10820 10751 0
16574 10821 10742 0
16575 9397 9442 0
16576 9386 9443 0
16577 9882 9962 0
16578 9883 9953 0
16579 9528 9364 0
16580 9528 9529 0
16581 9529 9365 0
16582 9364 9365 0
16583 9871 9954 0
16584 13257 13316 0
16585 13316 13214 0
16586 13158 13214 0
16587 13158 13257 0
16588 7159 7158 0
16589 6906 6905 0
16590 14706 14805 0
16591 14805 14798 0
16592 14695 14798 0
16593 14695 14706 0
16594 13857 13818 0
16595 13667 13818 0
16596 13667 13696 0
16597 2702 2655 0
16598 2655 2475 0
16599 2508 2475 0
16600 8691 8781 0
16601 8781 8782 0
16602 8692 8782 0
16603 8692 8691 0
16604 8105 8041 0
16605 13552 13430 0
16606 13418 13430 0
16607 12481 12595 0
16608 1184 1185 0
16609 1185 1027 0
16610 1026 1027 0
16611 3909 4124 0
16612 4124 4051 0
16613 3862 4051 0
16614 3909 3862 0
16615 12694 12706 0
16616 12706 12544 0
16617 12544 12531 0
16618 12694 12531 0
16619 7164 7165 0
16620 7165 6912 0
16621 6911 6912 0
16622 14259 14414 0
16623 14414 14398 0
16624 14398 14238 0
16625 14259 14238 0
16626 8601 8481 0
16627 10019 10150 0
16628 10020 10151 0
16629 11739 11853 0
16630 11732 11854 0
16631 13919 13796 0
16632 13919 13920 0
16633 13920 13797 0
16634 13796 13797 0
16635 13289 13483 0
16636 13483 13459 0
16637 13459 13256 0
16638 13289 13256 0
16639 14238 14130 0
16640 14147 14130 0
16641 6915 6929 0
16642 6684 6691 0
16643 5271 5543 0
16644 5544 5543 0
16645 5272 5271 0
16646 8806 8805 0
16647 8564 8577 0
16648 13812 13974 0
16649 13915 13974 0
16650 13757 13812 0
16651 10963 11084 0
16652 6810 6914 0
16653 953 952 0
16654 751 750 0
16655 12558 12673 0
16656 12559 12662 0
16657 6700 6699 0
16658 6449 6448 0
16659 4526 4514 0
16660 4514 4337 0
16661 4317 4337 0
16662 12528 12643 0
16663 12529 12644 0
16664 4626 4627 0
16665 6079 6080 0
16666 5869 5870 0
16667 6673 6674 0
16668 6428 6422 0
16669 14102 14206 0
16670 14191 14206 0
16671 14088 14102 0
16672 8991 8992 0
16673 8992 8877 0
16674 8877 8921 0
16675 8921 8976 0
16676 8991 8976 0
16677 3282 3148 0
16678 3282 3278 0
16679 3278 3106 0
16680 3106 3105 0
16681 3148 3105 0
16682 4307 4052 0
16683 4307 4279 0
16684 4279 4028 0
16685 4028 4052 0
16686 8512 8513 0
16687 8308 8309 0
16688 12516 12388 0
16689 12387 12388 0
16690 11116 10989 0
16691 11117 10990 0
16692 7199 7438 0
16693 7439 7438 0
16694 7200 7199 0
16695 10111 10104 0
16696 9919 10104 0
16697 9931 9919 0
16698 12039 12325 0
16699 12325 11994 0
16700 12039 11994 0
16701 12963 12857 0
16702 13486 13444 0
16703 13444 13324 0
16704 13379 13324 0
16705 12075 12128 0
16706 12021 12128 0
16707 12021 11976 0
16708 11976 12075 0
16709 9403 9348 0
16710 9404 9342 0
16711 12323 12281 0
16712 12323 12235 0
16713 12171 12235 0
16714 13980 13938 0
16715 13938 13841 0
16716 13888 13841 0
16717 10348 10283 0
16718 10349 10284 0
16719 10283 10284 0
16720 13474 13529 0
16721 13529 13443 0
16722 13443 13378 0
16723 13474 13378 0
16724 12258 12270 0
16725 12270 12089 0
16726 12089 12063 0
16727 12258 12063 0
16728 10410 10239 0
16729 10410 10411 0
16730 10411 10240 0
16731 10239 10240 0
16732 14689 14601 0
16733 14689 14675 0
16734 14573 14675 0
16735 14573 14601 0
16736 12723 12779 0
16737 12779 12679 0
16738 12623 12679 0
16739 9350 9326 0
16740 9203 9180 0
16741 14010 13850 0
16742 14010 13974 0
16743 13812 13850 0
16744 14964 14987 0
16745 14844 14863 0
16746 10554 10672 0
16747 10555 10673 0
16748 9077 9078 0
16749 9078 8918 0
16750 8916 8918 0
16751 11665 11794 0
16752 11666 11788 0
16753 12160 12265 0
16754 12161 12265 0
16755 12037 12161 0
16756 13177 13231 0
16757 13231 13060 0
16758 13060 13035 0
16759 13177 13035 0
16760 13628 13572 0
16761 13629 13573 0
16762 13572 13573 0
16763 10721 10766 0
16764 10766 10791 0
16765 10722 10791 0
16766 14216 14108 0
16767 14216 14196 0
16768 14196 14092 0
16769 14108 14092 0
16770 12910 13007 0
16771 13007 12958 0
16772 12958 12871 0
16773 12910 12871 0
16774 13860 13813 0
16775 13670 13813 0
16776 13670 13697 0
16777 12307 12244 0
16778 12236 12139 0
16779 12244 12139 0
16780 12323 12392 0
16781 12392 12282 0
16782 12235 12282 0
16783 8064 8065 0
16784 8065 7904 0
16785 7903 7904 0
16786 8632 8633 0
16787 8443 8444 0
16788 12518 12531 0
16789 12037 12120 0
16790 11946 11986 0
16791 11158 11509 0
16792 11159 11509 0
16793 3999 4051 0
16794 3862 3808 0
16795 13679 13483 0
16796 13679 13640 0
16797 13459 13640 0
16798 14089 13945 0
16799 14089 14065 0
16800 13912 14065 0
16801 8961 8841 0
16802 8962 8832 0
16803 7518 7617 0
16804 7613 7617 0
16805 7519 7518 0
16806 9977 10087 0
16807 2944 2943 0
16808 2708 2706 0
16809 7826 7827 0
16810 7593 7594 0
16811 8919 9079 0
16812 9079 9071 0
16813 8904 9071 0
16814 11179 11079 0
16815 11067 11079 0
16816 14814 14921 0
16817 14921 14908 0
16818 14908 14799 0
16819 14814 14799 0
16820 11915 11931 0
16821 11686 11702 0
16822 8827 9065 0
16823 9065 9066 0
16824 9066 8861 0
16825 8827 8861 0
16826 7116 7363 0
16827 7372 7363 0
16828 7372 7117 0
16829 7116 7117 0
16830 12069 11989 0
16831 12058 11990 0
16832 8058 8065 0
16833 8058 7905 0
16834 7905 7904 0
16835 11089 11200 0
16836 11090 11196 0
16837 8950 8824 0
16838 12318 12309 0
16839 12193 12309 0
16840 7615 7522 0
16841 7523 7522 0
16842 11859 11851 0
16843 11756 11814 0
16844 11746 11851 0
16845 11762 11707 0
16846 11762 11574 0
16847 11529 11574 0
16848 6669 6475 0
16849 6534 6475 0
16850 13265 13416 0
16851 13416 13391 0
16852 13391 13178 0
16853 13178 13185 0
16854 13265 13185 0
16855 966 965 0
16856 749 762 0
16857 8223 8320 0
16858 8320 8321 0
16859 8321 8224 0
16860 8223 8224 0
16861 10740 10632 0
16862 10625 10632 0
16863 12060 12199 0
16864 12185 12199 0
16865 12185 12048 0
16866 11098 11234 0
16867 11099 11235 0
16868 11099 11098 0
16869 10175 10300 0
16870 10169 10301 0
16871 10831 10993 0
16872 10993 10994 0
16873 10832 10994 0
16874 10832 10831 0
16875 8152 8113 0
16876 8045 8023 0
16877 8113 8023 0
16878 8427 8529 0
16879 8422 8530 0
16880 9950 9792 0
16881 9793 9792 0
16882 10723 10614 0
16883 9119 9007 0
16884 7939 8039 0
16885 13116 12999 0
16886 13103 13000 0
16887 7612 7718 0
16888 13260 13393 0
16889 13394 13245 0
16890 13260 13245 0
16891 10865 10895 0
16892 10895 10785 0
16893 10785 10746 0
16894 10865 10746 0
16895 13914 13775 0
16896 13914 13889 0
16897 13733 13889 0
16898 13733 13775 0
16899 7852 7766 0
16900 7765 7766 0
16901 13273 13323 0
16902 13231 13323 0
16903 12663 12759 0
16904 12759 12664 0
16905 12664 12587 0
16906 12663 12587 0
16907 12363 12409 0
16908 12409 12312 0
16909 12267 12312 0
16910 12267 12363 0
16911 9028 8912 0
16912 9021 8903 0
16913 10838 10713 0
16914 10839 10714 0
16915 8833 8713 0
16916 8825 8702 0
16917 8713 8702 0
16918 8671 8560 0
16919 8559 8560 0
16920 12679 12534 0
16921 12612 12679 0
16922 12612 12501 0
16923 12534 12501 0
16924 11345 11261 0
16925 11346 11345 0
16926 11247 11261 0
16927 12040 11987 0
16928 1104 1173 0
16929 1104 1079 0
16930 1098 1048 0
16931 10724 10829 0
16932 10829 10737 0
16933 10737 10718 0
16934 10718 10700 0
16935 10667 10700 0
16936 13969 13970 0
16937 13729 13728 0
16938 7437 7438 0
16939 7198 7199 0
16940 12798 12881 0
16941 12881 12882 0
16942 12791 12882 0
16943 11135 11034 0
16944 11028 11034 0
16945 12686 12816 0
16946 12687 12810 0
16947 13105 13001 0
16948 13106 13002 0
16949 10095 10218 0
16950 10096 10219 0
16951 8009 7873 0
16952 7998 7859 0
16953 10833 10995 0
16954 10995 10996 0
16955 10825 10996 0
16956 10779 10912 0
16957 10632 10504 0
16958 10492 10504 0
16959 12597 12641 0
16960 12587 12641 0
16961 12527 12587 0
16962 8607 8621 0
16963 8607 8434 0
16964 8434 8433 0
16965 12315 12205 0
16966 12315 12316 0
16967 12206 12316 0
16968 9360 9274 0
16969 9273 9274 0
16970 8167 8158 0
16971 8070 8158 0
16972 12571 12676 0
16973 13519 13383 0
16974 12247 12248 0
16975 12118 12248 0
16976 9151 9274 0
16977 7681 7766 0
16978 13084 12973 0
16979 12575 12675 0
16980 12675 12725 0
16981 12725 12629 0
16982 12575 12629 0
16983 13359 13291 0
16984 13292 13346 0
16985 12815 12831 0
16986 12642 12831 0
16987 12642 12629 0
16988 12629 12815 0
16989 12808 12759 0
16990 12808 12705 0
16991 12664 12705 0
16992 13237 13298 0
16993 13228 13299 0
16994 12530 12458 0
16995 12521 12447 0
16996 12458 12447 0
16997 12258 12237 0
16998 12063 12030 0
16999 12237 12030 0
17000 13711 13796 0
17001 13712 13797 0
17002 9712 9634 0
17003 9713 9625 0
17004 9634 9625 0
17005 11441 11502 0
17006 11502 11503 0
17007 11433 11503 0
17008 10865 10800 0
17009 10746 10707 0
17010 10800 10707 0
17011 3506 3505 0
17012 3281 3289 0
17013 9200 9364 0
17014 9201 9365 0
17015 9200 9201 0
17016 14595 14574 0
17017 14445 14574 0
17018 14470 14445 0
17019 10410 10409 0
17020 10238 10239 0
17021 13474 13429 0
17022 13316 13378 0
17023 13316 13429 0
17024 13053 13007 0
17025 12957 12910 0
17026 13496 13447 0
17027 13440 13497 0
17028 11404 11464 0
17029 11307 11352 0
17030 11821 11927 0
17031 8960 9055 0
17032 10960 11079 0
17033 10178 10303 0
17034 10171 10290 0
17035 8715 8615 0
17036 8715 8716 0
17037 8616 8716 0
17038 7710 7617 0
17039 7777 7870 0
17040 7771 7858 0
17041 9066 9067 0
17042 8905 9067 0
17043 8905 8861 0
17044 10957 10852 0
17045 10948 10853 0
17046 10852 10853 0
17047 13094 12984 0
17048 13095 12985 0
17049 12782 12658 0
17050 12772 12647 0
17051 12590 12474 0
17052 11935 12029 0
17053 11936 12029 0
17054 11936 11846 0
17055 13469 13572 0
17056 13461 13573 0
17057 10790 10901 0
17058 10902 10901 0
17059 10902 10791 0
17060 10791 10790 0
17061 9504 9430 0
17062 9491 9425 0
17063 9430 9425 0
17064 1186 1185 0
17065 1011 1027 0
17066 10211 10333 0
17067 10212 10334 0
17068 10010 9998 0
17069 9998 9853 0
17070 9852 9853 0
17071 9750 9730 0
17072 9779 9780 0
17073 9780 9807 0
17074 9817 9807 0
17075 9817 9686 0
17076 9686 9701 0
17077 9730 9701 0
17078 12809 12709 0
17079 12802 12710 0
17080 12709 12710 0
17081 9317 9401 0
17082 9401 9394 0
17083 9318 9394 0
17084 7902 7889 0
17085 7702 7703 0
17086 10504 10388 0
17087 10492 10389 0
17088 10388 10389 0
17089 10076 10146 0
17090 10147 10146 0
17091 10147 10077 0
17092 14686 14790 0
17093 14779 14790 0
17094 14686 14676 0
17095 14798 14785 0
17096 14682 14785 0
17097 14752 14785 0
17098 14752 14662 0
17099 12534 12430 0
17100 12501 12408 0
17101 12430 12408 0
17102 14675 14654 0
17103 14552 14654 0
17104 14434 14414 0
17105 14259 14299 0
17106 9447 9340 0
17107 9448 9341 0
17108 9340 9341 0
17109 8845 8970 0
17110 8970 8971 0
17111 8846 8971 0
17112 9240 9340 0
17113 9229 9341 0
17114 7887 7810 0
17115 7769 7725 0
17116 11740 11619 0
17117 11620 11741 0
17118 14654 14648 0
17119 14648 14534 0
17120 14552 14534 0
17121 13525 13689 0
17122 13660 13689 0
17123 13498 13525 0
17124 13720 13689 0
17125 13562 13525 0
17126 11658 11785 0
17127 10177 10302 0
17128 4843 4623 0
17129 4836 4624 0
17130 4623 4624 0
17131 9239 9299 0
17132 9228 9300 0
17133 12494 12533 0
17134 12533 12437 0
17135 12392 12437 0
17136 12392 12494 0
17137 10141 10064 0
17138 10065 10131 0
17139 5565 5497 0
17140 5566 5483 0
17141 5497 5483 0
17142 5573 5631 0
17143 5625 5574 0
17144 6109 6108 0
17145 5946 5945 0
17146 5853 5793 0
17147 5846 5794 0
17148 5793 5794 0
17149 5852 5801 0
17150 5793 5801 0
17151 5370 5423 0
17152 5424 5423 0
17153 5424 5371 0
17154 5370 5371 0
17155 5305 5370 0
17156 5292 5371 0
17157 5419 5362 0
17158 5420 5363 0
17159 5362 5363 0
17160 5495 5434 0
17161 5496 5422 0
17162 5834 5772 0
17163 5823 5773 0
17164 14843 14957 0
17165 14957 14934 0
17166 14934 14825 0
17167 14843 14825 0
17168 1275 1358 0
17169 1359 1266 0
17170 1275 1266 0
17171 10706 10735 0
17172 10735 10643 0
17173 10582 10643 0
17174 14469 14498 0
17175 14336 14366 0
17176 14661 14554 0
17177 14661 14650 0
17178 14650 14541 0
17179 14554 14541 0
17180 14636 14648 0
17181 14636 14521 0
17182 14521 14534 0
17183 14706 14630 0
17184 14610 14630 0
17185 10165 10115 0
17186 10166 10108 0
17187 13642 13579 0
17188 13484 13579 0
17189 13089 13200 0
17190 8268 8158 0
17191 8596 8713 0
17192 8597 8702 0
17193 5037 5117 0
17194 5117 5118 0
17195 5118 5038 0
17196 5037 5038 0
17197 3449 3607 0
17198 3607 3738 0
17199 3778 3738 0
17200 3436 3449 0
17201 11560 11439 0
17202 11438 11439 0
17203 3828 3952 0
17204 3817 3943 0
17205 13277 13225 0
17206 13225 13074 0
17207 13123 13074 0
17208 8785 8975 0
17209 8975 8963 0
17210 8786 8963 0
17211 8786 8785 0
17212 10928 10829 0
17213 10841 10737 0
17214 13176 13290 0
17215 13239 13290 0
17216 13102 13157 0
17217 7484 7485 0
17218 7265 7266 0
17219 9129 8975 0
17220 9130 9129 0
17221 9130 8963 0
17222 7818 7942 0
17223 7932 7942 0
17224 7819 7932 0
17225 3369 3569 0
17226 3370 3559 0
17227 3369 3370 0
17228 7688 7772 0
17229 7689 7773 0
17230 13454 13575 0
17231 13571 13575 0
17232 13571 13455 0
17233 13778 13680 0
17234 8970 9070 0
17235 9070 9061 0
17236 8971 9061 0
17237 7498 7595 0
17238 7596 7499 0
17239 7498 7499 0
17240 14253 14340 0
17241 14278 14340 0
17242 14187 14253 0
17243 10801 10975 0
17244 10976 10975 0
17245 10802 10976 0
17246 10802 10801 0
17247 10994 10995 0
17248 10136 9998 0
17249 10392 10495 0
17250 10674 10537 0
17251 10538 10663 0
17252 12163 12181 0
17253 11924 11937 0
17254 12163 11924 0
17255 14644 14650 0
17256 14644 14524 0
17257 14524 14541 0
17258 10078 10102 0
17259 10102 9946 0
17260 9952 9946 0
17261 12424 12470 0
17262 12381 12470 0
17263 12381 12312 0
17264 12312 12424 0
17265 1038 930 0
17266 978 888 0
17267 13484 13443 0
17268 13390 13335 0
17269 13443 13335 0
17270 9520 9603 0
17271 9521 9561 0
17272 9483 9631 0
17273 9633 9631 0
17274 9633 9603 0
17275 9614 9519 0
17276 9521 9519 0
17277 9477 9521 0
17278 12853 12838 0
17279 12680 12665 0
17280 12838 12665 0
17281 13746 13779 0
17282 13779 13708 0
17283 13653 13708 0
17284 9930 9931 0
17285 9692 9693 0
17286 13768 13896 0
17287 13896 13891 0
17288 13891 13761 0
17289 13768 13761 0
17290 1437 1392 0
17291 1437 1431 0
17292 1390 1431 0
17293 1390 1392 0
17294 13891 13892 0
17295 13892 13763 0
17296 13761 13763 0
17297 9533 9600 0
17298 9600 9582 0
17299 9526 9582 0
17300 9533 9526 0
17301 10352 10429 0
17302 10429 10423 0
17303 10345 10423 0
17304 10012 10104 0
17305 10104 10105 0
17306 10004 10105 0
17307 5240 5197 0
17308 5241 5187 0
17309 5497 5423 0
17310 5424 5483 0
17311 5739 5793 0
17312 5726 5794 0
17313 5294 5362 0
17314 5283 5363 0
17315 5738 5801 0
17316 11744 11691 0
17317 11744 11637 0
17318 11601 11637 0
17319 14947 14921 0
17320 14826 14814 0
17321 10442 10376 0
17322 10443 10366 0
17323 10376 10366 0
17324 10274 10313 0
17325 10268 10314 0
17326 12509 12499 0
17327 12499 12304 0
17328 12303 12304 0
17329 13206 13093 0
17330 13206 13208 0
17331 13208 13069 0
17332 13069 13068 0
17333 13093 13068 0
17334 8662 8556 0
17335 8651 8547 0
17336 9465 9401 0
17337 9466 9394 0
17338 9298 9270 0
17339 9204 9155 0
17340 9155 9132 0
17341 9132 9143 0
17342 9143 9171 0
17343 9270 9171 0
17344 10974 10975 0
17345 10814 10801 0
17346 12947 12888 0
17347 12877 12801 0
17348 12888 12801 0
17349 14683 14800 0
17350 14789 14800 0
17351 14663 14683 0
17352 13514 13780 0
17353 13515 13780 0
17354 9064 9065 0
17355 8794 8827 0
17356 8570 8463 0
17357 8559 8464 0
17358 8463 8464 0
17359 8464 8406 0
17360 8464 8452 0
17361 8452 8394 0
17362 8406 8394 0
17363 4324 4318 0
17364 4318 4191 0
17365 4324 4191 0
17366 14792 14776 0
17367 14674 14776 0
17368 14688 14674 0
17369 12535 12574 0
17370 12574 12502 0
17371 12438 12502 0
17372 12438 12535 0
17373 14397 14424 0
17374 14314 14354 0
17375 11091 11187 0
17376 11175 11187 0
17377 11175 11092 0
17378 11091 11092 0
17379 14186 14196 0
17380 14071 14092 0
17381 14216 14238 0
17382 14130 14108 0
17383 13355 13429 0
17384 13355 13257 0
17385 3213 3261 0
17386 3261 3263 0
17387 3263 3214 0
17388 3213 3214 0
17389 3374 3443 0
17390 3443 3444 0
17391 3444 3376 0
17392 3374 3376 0
17393 9327 9430 0
17394 9328 9425 0
17395 8653 8757 0
17396 8758 8757 0
17397 8758 8654 0
17398 11958 12039 0
17399 11895 11994 0
17400 12565 12508 0
17401 12551 12499 0
17402 12499 12508 0
17403 5357 5433 0
17404 5351 5434 0
17405 11505 11384 0
17406 11505 11482 0
17407 11360 11384 0
17408 13586 13709 0
17409 13709 13538 0
17410 13500 13538 0
17411 10308 10427 0
17412 10309 10428 0
17413 10468 10413 0
17414 10463 10405 0
17415 11776 11805 0
17416 11805 11564 0
17417 11551 11564 0
17418 10694 10746 0
17419 10746 10660 0
17420 10617 10660 0
17421 12624 12579 0
17422 12624 12543 0
17423 12502 12543 0
17424 12502 12579 0
17425 9824 9751 0
17426 9752 9825 0
17427 5785 5786 0
17428 5659 5786 0
17429 5659 5658 0
17430 12127 12170 0
17431 12050 11992 0
17432 10349 10396 0
17433 10340 10397 0
17434 9078 9079 0
17435 8919 8918 0
17436 12511 12550 0
17437 12550 12456 0
17438 12456 12412 0
17439 12511 12412 0
17440 12308 12327 0
17441 12327 12153 0
17442 12140 12153 0
17443 10339 10388 0
17444 10331 10389 0
17445 10768 10852 0
17446 10761 10853 0
17447 12900 12846 0
17448 12759 12846 0
17449 8560 8452 0
17450 9923 9922 0
17451 9680 9679 0
17452 13354 13428 0
17453 13428 13315 0
17454 13263 13315 0
17455 13529 13579 0
17456 8916 8917 0
17457 8732 8733 0
17458 13378 13272 0
17459 13214 13272 0
17460 11073 11118 0
17461 11118 11004 0
17462 10953 11004 0
17463 14244 14268 0
17464 14141 14158 0
17465 14647 14718 0
17466 14706 14718 0
17467 14647 14630 0
17468 12625 12709 0
17469 12620 12710 0
17470 12962 12881 0
17471 12949 12882 0
17472 10017 10121 0
17473 10121 10112 0
17474 10018 10112 0
17475 12552 12462 0
17476 12545 12463 0
17477 12226 12339 0
17478 12339 12340 0
17479 12227 12340 0
17480 10091 10093 0
17481 10093 9948 0
17482 9960 9948 0
17483 11851 11829 0
17484 11596 11851 0
17485 11596 11584 0
17486 11829 11584 0
17487 3564 3629 0
17488 3631 3629 0
17489 3631 3566 0
17490 3564 3566 0
17491 12356 12411 0
17492 12411 12191 0
17493 12356 12191 0
17494 8939 8947 0
17495 8939 8747 0
17496 8763 8747 0
17497 9694 9797 0
17498 9797 9798 0
17499 9798 9740 0
17500 9695 9740 0
17501 9862 9968 0
17502 9968 9969 0
17503 9924 9969 0
17504 9924 9863 0
17505 9862 9863 0
17506 9761 9684 0
17507 9761 9789 0
17508 9789 9790 0
17509 9790 9685 0
17510 9684 9685 0
17511 12414 12365 0
17512 12415 12385 0
17513 12385 12360 0
17514 12365 12360 0
17515 13782 13895 0
17516 13829 13895 0
17517 13747 13782 0
17518 8092 8113 0
17519 8002 8023 0
17520 1613 1551 0
17521 1613 1614 0
17522 1614 1549 0
17523 1551 1549 0
17524 14379 14337 0
17525 14294 14254 0
17526 14062 14039 0
17527 14039 13889 0
17528 8856 8781 0
17529 8857 8782 0
17530 11579 11493 0
17531 11580 11487 0
17532 11493 11487 0
17533 12917 12833 0
17534 12911 12834 0
17535 10090 10102 0
17536 9936 9946 0
17537 10869 10924 0
17538 10925 10924 0
17539 10925 10870 0
17540 14028 14144 0
17541 13996 14118 0
17542 13996 14028 0
17543 13323 13415 0
17544 13415 13240 0
17545 13323 13240 0
17546 7900 7901 0
17547 7700 7701 0
17548 14934 14912 0
17549 14912 14813 0
17550 14825 14813 0
17551 12634 12760 0
17552 12634 12580 0
17553 12580 12745 0
17554 10228 10283 0
17555 10224 10284 0
17556 10228 10224 0
17557 11569 11613 0
17558 11570 11614 0
17559 12334 12327 0
17560 12162 12153 0
17561 7406 7377 0
17562 7361 7377 0
17563 7361 7413 0
17564 7461 7413 0
17565 10161 10109 0
17566 10162 10097 0
17567 12257 12292 0
17568 12214 12292 0
17569 12214 12151 0
17570 12257 12151 0
17571 14119 14232 0
17572 14206 14232 0
17573 14102 14119 0
17574 9879 10163 0
17575 10164 10163 0
17576 9840 9830 0
17577 9879 9830 0
17578 12284 12270 0
17579 12113 12089 0
17580 12831 12838 0
17581 12642 12665 0
17582 12794 12846 0
17583 12693 12759 0
17584 12613 12618 0
17585 12439 12454 0
17586 13779 13859 0
17587 13709 13859 0
17588 13779 13709 0
17589 13912 13887 0
17590 13752 13726 0
17591 14291 14260 0
17592 14148 14260 0
17593 14884 14908 0
17594 14788 14799 0
17595 7166 7165 0
17596 6902 6912 0
17597 7470 7490 0
17598 7303 7350 0
17599 13925 14004 0
17600 14004 13947 0
17601 13947 13819 0
17602 13925 13819 0
17603 11389 11493 0
17604 11380 11487 0
17605 12514 12448 0
17606 12447 12448 0
17607 13587 13551 0
17608 13485 13449 0
17609 11224 11220 0
17610 11075 11224 0
17611 11075 11055 0
17612 11220 11055 0
17613 12808 12888 0
17614 12705 12801 0
17615 10550 10441 0
17616 10551 10437 0
17617 10441 10437 0
17618 14315 14455 0
17619 14430 14455 0
17620 14290 14315 0
17621 13985 14016 0
17622 13985 13818 0
17623 14159 14188 0
17624 14049 14072 0
17625 13585 13765 0
17626 13585 13564 0
17627 14143 14117 0
17628 13995 14117 0
17629 11007 10993 0
17630 10848 10831 0
17631 12216 12237 0
17632 12012 12030 0
17633 10403 10411 0
17634 10241 10240 0
17635 2475 2652 0
17636 2652 2617 0
17637 2617 2419 0
17638 2475 2419 0
17639 12675 12787 0
17640 12815 12787 0
17641 12725 12815 0
17642 13892 13893 0
17643 13764 13893 0
17644 13764 13763 0
17645 812 781 0
17646 781 632 0
17647 659 632 0
17648 572 408 0
17649 552 572 0
17650 380 408 0
17651 734 781 0
17652 588 632 0
17653 8463 8405 0
17654 8406 8405 0
17655 13862 13948 0
17656 13941 13948 0
17657 13851 13941 0
17658 13690 13850 0
17659 13690 13624 0
17660 3752 3946 0
17661 3909 3946 0
17662 3909 3722 0
17663 3752 3722 0
17664 3972 3946 0
17665 3794 3752 0
17666 9509 9608 0
17667 9562 9485 0
17668 9562 9651 0
17669 9699 9651 0
17670 9682 9730 0
17671 9730 9608 0
17672 9608 9607 0
17673 9557 9607 0
17674 9557 9508 0
17675 9509 9508 0
17676 9509 9486 0
17677 9485 9486 0
17678 12028 12133 0
17679 12019 12134 0
17680 13239 13301 0
17681 13148 13202 0
17682 10386 10385 0
17683 10216 10386 0
17684 10216 10215 0
17685 11022 11091 0
17686 11010 11092 0
17687 1501 1551 0
17688 1491 1549 0
17689 1501 1491 0
17690 9206 9070 0
17691 9197 9061 0
17692 8675 8799 0
17693 10540 10408 0
17694 9492 9634 0
17695 9488 9625 0
17696 8475 8382 0
17697 13278 13430 0
17698 4855 4854 0
17699 4615 4614 0
17700 8411 8412 0
17701 8236 8237 0
17702 7781 7734 0
17703 7735 7734 0
17704 11203 11220 0
17705 11048 11055 0
17706 12455 12511 0
17707 12346 12412 0
17708 11767 11643 0
17709 11761 11634 0
17710 7728 7802 0
17711 9468 9369 0
17712 13130 13245 0
17713 10567 10429 0
17714 10568 10423 0
17715 10826 10997 0
17716 10997 10980 0
17717 10980 10827 0
17718 10826 10827 0
17719 10288 10170 0
17720 9040 8988 0
17721 8989 9041 0
17722 8989 8988 0
17723 14482 14601 0
17724 14482 14456 0
17725 10119 10120 0
17726 9935 9937 0
17727 13380 13444 0
17728 13264 13324 0
17729 13473 13428 0
17730 13377 13315 0
17731 11600 11636 0
17732 11512 11563 0
17733 13203 13149 0
17734 13203 13111 0
17735 13111 13058 0
17736 13914 13947 0
17737 13775 13819 0
17738 14892 14912 0
17739 14802 14813 0
17740 12520 12667 0
17741 12654 12667 0
17742 12654 12513 0
17743 12513 12520 0
17744 5223 5117 0
17745 5224 5118 0
17746 9588 9623 0
17747 9623 9624 0
17748 9624 9653 0
17749 9653 9650 0
17750 9650 9681 0
17751 9681 9683 0
17752 9683 9591 0
17753 9588 9591 0
17754 13738 13718 0
17755 13730 13711 0
17756 12245 12313 0
17757 12313 12314 0
17758 12314 12246 0
17759 12245 12246 0
17760 11805 11829 0
17761 11564 11584 0
17762 10092 10093 0
17763 10093 9961 0
17764 9947 9961 0
17765 11394 11543 0
17766 11543 11445 0
17767 11394 11445 0
17768 10858 10746 0
17769 10736 10660 0
17770 11056 10942 0
17771 12079 12218 0
17772 12219 12218 0
17773 12899 13004 0
17774 10981 10980 0
17775 10811 10827 0
17776 8328 8288 0
17777 8328 8329 0
17778 8272 8329 0
17779 8272 8242 0
17780 8280 8242 0
17781 12437 12324 0
17782 12282 12324 0
17783 933 932 0
17784 738 737 0
17785 7407 7589 0
17786 7590 7589 0
17787 7408 7407 0
17788 11538 11406 0
17789 11531 11397 0
17790 14415 14483 0
17791 14471 14483 0
17792 14400 14415 0
17793 11304 11422 0
17794 11407 11422 0
17795 11407 11305 0
17796 4795 4662 0
17797 4644 4796 0
17798 4644 4662 0
17799 12141 12183 0
17800 12183 12173 0
17801 12173 12143 0
17802 12141 12143 0
17803 12141 12114 0
17804 12141 12142 0
17805 12142 12115 0
17806 12114 12115 0
17807 10132 10188 0
17808 10174 10133 0
17809 10800 10735 0
17810 10707 10643 0
17811 13938 13895 0
17812 13841 13782 0
17813 11562 11502 0
17814 11554 11503 0
17815 10375 10441 0
17816 10365 10437 0
17817 11024 10924 0
17818 11014 10925 0
17819 12926 13021 0
17820 12927 13016 0
17821 13124 13177 0
17822 13023 13035 0
17823 13573 13566 0
17824 13462 13566 0
17825 12630 12537 0
17826 12538 12626 0
17827 11608 11649 0
17828 11649 11573 0
17829 10198 10121 0
17830 10199 10112 0
17831 10325 10204 0
17832 10325 10326 0
17833 10198 10204 0
17834 12394 12403 0
17835 12403 12402 0
17836 12394 12402 0
17837 9377 9411 0
17838 9378 9412 0
17839 13198 13208 0
17840 13198 13070 0
17841 13070 13069 0
17842 14004 14132 0
17843 13925 14132 0
17844 13459 13427 0
17845 13256 13427 0
17846 12666 12667 0
17847 12519 12520 0
17848 2602 2673 0
17849 2673 2674 0
17850 2674 2603 0
17851 2602 2603 0
17852 12698 12873 0
17853 12698 12708 0
17854 14189 14220 0
17855 14122 14171 0
17856 13059 13006 0
17857 13059 12991 0
17858 12991 12956 0
17859 13006 12956 0
17860 7509 7474 0
17861 7503 7464 0
17862 7474 7464 0
17863 10045 10046 0
17864 9982 10046 0
17865 12506 12564 0
17866 12506 12508 0
17867 10978 10895 0
17868 10890 10785 0
17869 3419 3489 0
17870 3489 3491 0
17871 3491 3420 0
17872 3419 3420 0
17873 13839 13810 0
17874 13810 13668 0
17875 13683 13668 0
17876 10478 10316 0
17877 10479 10478 0
17878 10317 10316 0
17879 13987 14178 0
17880 14178 14170 0
17881 14170 13962 0
17882 13987 13962 0
17883 13786 13770 0
17884 13659 13612 0
17885 12251 12204 0
17886 12251 12151 0
17887 12102 12151 0
17888 12102 12204 0
17889 11189 11240 0
17890 11241 11177 0
17891 11189 11177 0
17892 11533 11400 0
17893 11390 11521 0
17894 9481 9619 0
17895 9620 9619 0
17896 9620 9482 0
17897 8528 8420 0
17898 8528 8516 0
17899 8421 8516 0
17900 12498 12598 0
17901 12490 12592 0
17902 10134 10255 0
17903 10135 10256 0
17904 10280 10376 0
17905 10273 10366 0
17906 14808 14800 0
17907 14696 14683 0
17908 7428 7676 0
17909 7676 7669 0
17910 7429 7669 0
17911 7429 7428 0
17912 13937 13988 0
17913 13858 13907 0
17914 10618 10689 0
17915 10609 10681 0
17916 5436 5550 0
17917 5550 5551 0
17918 5428 5551 0
17919 8647 8648 0
17920 8317 8318 0
17921 3279 3278 0
17922 3107 3279 0
17923 3107 3106 0
17924 13755 13795 0
17925 13727 13771 0
17926 13922 13788 0
17927 13922 13908 0
17928 13789 13908 0
17929 3485 3575 0
17930 3575 3576 0
17931 3486 3576 0
17932 3486 3485 0
17933 4323 4169 0
17934 4038 4169 0
17935 9891 9980 0
17936 9981 9980 0
17937 9981 9881 0
17938 9881 9891 0
17939 5520 5536 0
17940 5265 5264 0
17941 12425 12495 0
17942 12398 12495 0
17943 12398 12345 0
17944 12425 12345 0
17945 12425 12344 0
17946 12425 12326 0
17947 12326 12269 0
17948 12344 12269 0
17949 12344 12276 0
17950 12269 12190 0
17951 12276 12190 0
17952 12215 12268 0
17953 12190 12268 0
17954 12190 12132 0
17955 12132 12137 0
17956 12215 12137 0
17957 13125 13179 0
17958 13126 13180 0
17959 13125 13126 0
17960 9779 9781 0
17961 9684 9781 0
17962 9701 9684 0
17963 9614 9694 0
17964 9695 9604 0
17965 9614 9604 0
17966 12112 12189 0
17967 12137 12189 0
17968 12137 11982 0
17969 12112 11982 0
17970 12137 12121 0
17971 12121 12076 0
17972 12076 11908 0
17973 11982 11908 0
17974 11908 12052 0
17975 12052 12011 0
17976 12011 11840 0
17977 11908 11840 0
17978 12726 12706 0
17979 12726 12561 0
17980 12561 12544 0
17981 12436 12494 0
17982 13335 13272 0
17983 8774 8956 0
17984 8944 8956 0
17985 8761 8774 0
17986 2395 2497 0
17987 2497 2498 0
17988 2498 2410 0
17989 2395 2410 0
17990 2565 2598 0
17991 2598 2600 0
17992 2600 2566 0
17993 2565 2566 0
17994 14277 14303 0
17995 14157 14184 0
17996 14365 14398 0
17997 13614 13566 0
17998 14257 14232 0
17999 14152 14119 0
18000 2388 2501 0
18001 2501 2502 0
18002 2502 2398 0
18003 2388 2398 0
18004 2397 2500 0
18005 2501 2500 0
18006 2388 2397 0
18007 2603 2680 0
18008 2680 2667 0
18009 2667 2604 0
18010 2603 2604 0
18011 2649 2678 0
18012 2678 2679 0
18013 2679 2638 0
18014 2649 2638 0
18015 2409 2496 0
18016 2497 2496 0
18017 2395 2409 0
18018 700 735 0
18019 735 701 0
18020 701 580 0
18021 580 544 0
18022 700 544 0
18023 580 441 0
18024 420 441 0
18025 333 544 0
18026 188 322 0
18027 322 266 0
18028 266 112 0
18029 188 112 0
18030 3205 3248 0
18031 3248 3250 0
18032 3250 3206 0
18033 3205 3206 0
18034 14822 14718 0
18035 14822 14805 0
18036 14047 14065 0
18037 3514 3565 0
18038 3566 3565 0
18039 3566 3515 0
18040 3514 3515 0
18041 3525 3574 0
18042 3574 3563 0
18043 3563 3513 0
18044 3525 3513 0
18045 2599 2648 0
18046 2648 2637 0
18047 2637 2601 0
18048 2599 2601 0
18049 40 50 0
18050 50 44 0
18051 44 39 0
18052 40 39 0
18053 46 53 0
18054 53 51 0
18055 51 41 0
18056 46 41 0
18057 13640 13613 0
18058 13613 13527 0
18059 13459 13527 0
18060 4418 4406 0
18061 4278 4406 0
18062 8689 8707 0
18063 8679 8708 0
18064 32 34 0
18065 34 33 0
18066 33 31 0
18067 32 31 0
18068 20 29 0
18069 10321 10382 0
18070 10322 10378 0
18071 8773 8955 0
18072 8955 8956 0
18073 8773 8774 0
18074 8402 8401 0
18075 8239 8238 0
18076 11012 11128 0
18077 11122 11013 0
18078 7131 7106 0
18079 7131 7097 0
18080 7478 7418 0
18081 7418 7284 0
18082 7284 7273 0
18083 7273 7029 0
18084 7029 7009 0
18085 7009 6909 0
18086 6909 6930 0
18087 6930 7021 0
18088 7021 7020 0
18089 7020 7089 0
18090 7106 7089 0
18091 7106 6408 0
18092 6930 6706 0
18093 6706 6705 0
18094 6705 6685 0
18095 6685 6384 0
18096 6384 6383 0
18097 6383 6409 0
18098 6408 6409 0
18099 6705 6654 0
18100 6909 6894 0
18101 6894 6663 0
18102 6654 6663 0
18103 12245 12192 0
18104 12246 12164 0
18105 12192 12164 0
18106 12380 12430 0
18107 12354 12408 0
18108 12380 12354 0
18109 11800 11857 0
18110 11800 11801 0
18111 6654 6643 0
18112 6643 6385 0
18113 6384 6385 0
18114 3501 3554 0
18115 3554 3555 0
18116 3555 3488 0
18117 3501 3488 0
18118 11074 11040 0
18119 11004 11040 0
18120 11033 11004 0
18121 1871 1675 0
18122 1871 1856 0
18123 1856 1676 0
18124 1675 1676 0
18125 1858 1856 0
18126 1677 1676 0
18127 4215 4422 0
18128 4422 4542 0
18129 4542 4533 0
18130 4269 4533 0
18131 4215 4269 0
18132 4534 4533 0
18133 3484 3587 0
18134 3575 3587 0
18135 3485 3484 0
18136 2396 2499 0
18137 2500 2499 0
18138 2397 2396 0
18139 13946 13987 0
18140 13913 13962 0
18141 7552 7599 0
18142 3361 3433 0
18143 3433 3434 0
18144 3434 3363 0
18145 3361 3363 0
18146 12829 12876 0
18147 12989 12876 0
18148 12989 12829 0
18149 22 30 0
18150 30 26 0
18151 22 26 0
18152 957 1432 0
18153 1432 1430 0
18154 1430 946 0
18155 957 946 0
18156 1432 1819 0
18157 1819 1813 0
18158 1430 1813 0
18159 1291 1556 0
18160 1556 1558 0
18161 1558 1805 0
18162 1805 1797 0
18163 1797 1269 0
18164 1291 1269 0
18165 175 817 0
18166 817 818 0
18167 818 969 0
18168 957 969 0
18169 957 181 0
18170 181 186 0
18171 186 73 0
18172 73 77 0
18173 77 176 0
18174 175 176 0
18175 957 74 0
18176 957 945 0
18177 945 69 0
18178 74 69 0
18179 4639 4630 0
18180 4511 4493 0
18181 9862 9799 0
18182 9863 9787 0
18183 9799 9787 0
18184 12056 12103 0
18185 12103 12104 0
18186 12104 12129 0
18187 12129 12130 0
18188 12130 12057 0
18189 12056 12057 0
18190 12431 12444 0
18191 12401 12431 0
18192 12401 12444 0
18193 979 980 0
18194 980 880 0
18195 979 880 0
18196 12121 12152 0
18197 12152 12053 0
18198 12053 11983 0
18199 12052 11983 0
18200 12121 12052 0
18201 11836 11996 0
18202 11983 11996 0
18203 11983 11777 0
18204 11836 11777 0
18205 3613 3670 0
18206 3670 3661 0
18207 3661 3615 0
18208 3613 3615 0
18209 12359 12358 0
18210 12015 12359 0
18211 2777 2646 0
18212 2581 2474 0
18213 440 589 0
18214 589 543 0
18215 543 367 0
18216 440 367 0
18217 440 265 0
18218 367 199 0
18219 265 199 0
18220 543 454 0
18221 454 282 0
18222 367 282 0
18223 282 145 0
18224 199 145 0
18225 454 381 0
18226 381 216 0
18227 282 216 0
18228 216 98 0
18229 145 98 0
18230 78 154 0
18231 154 104 0
18232 104 57 0
18233 78 57 0
18234 381 301 0
18235 154 301 0
18236 216 154 0
18237 104 239 0
18238 239 165 0
18239 165 82 0
18240 104 82 0
18241 4562 4813 0
18242 4809 4813 0
18243 4809 4548 0
18244 4562 4548 0
18245 4830 5085 0
18246 5078 5085 0
18247 4825 4830 0
18248 5059 5064 0
18249 4797 4799 0
18250 5069 5066 0
18251 4809 4810 0
18252 4543 4548 0
18253 4819 5072 0
18254 5072 5073 0
18255 4813 5073 0
18256 4813 4819 0
18257 4788 4798 0
18258 4788 4529 0
18259 4528 4529 0
18260 5079 5072 0
18261 4817 4819 0
18262 4778 5054 0
18263 5054 5055 0
18264 5055 4780 0
18265 4778 4780 0
18266 5060 5061 0
18267 5061 4789 0
18268 4788 4789 0
18269 4560 4818 0
18270 4818 4820 0
18271 4820 4561 0
18272 4560 4561 0
18273 4813 4820 0
18274 4562 4561 0
18275 4817 4570 0
18276 4817 4818 0
18277 4560 4570 0
18278 9472 9444 0
18279 9464 9439 0
18280 3622 3554 0
18281 3622 3624 0
18282 3555 3624 0
18283 4198 4168 0
18284 4010 3994 0
18285 11209 11193 0
18286 11201 11181 0
18287 6900 6848 0
18288 6900 6743 0
18289 6670 6743 0
18290 9502 9500 0
18291 10699 10607 0
18292 10699 10676 0
18293 10676 10607 0
18294 12129 12122 0
18295 12056 12066 0
18296 12122 12066 0
18297 7671 7762 0
18298 9734 9603 0
18299 9734 9729 0
18300 9729 9785 0
18301 9785 9786 0
18302 9786 9907 0
18303 9907 9909 0
18304 9909 9970 0
18305 9970 9925 0
18306 9911 9925 0
18307 9911 9972 0
18308 9912 9972 0
18309 9912 9836 0
18310 9836 9821 0
18311 9821 9762 0
18312 9762 9773 0
18313 9773 9742 0
18314 9742 9771 0
18315 9771 9778 0
18316 9778 9700 0
18317 9700 9710 0
18318 9710 9670 0
18319 9670 9654 0
18320 9654 9652 0
18321 9652 9606 0
18322 9606 9564 0
18323 9564 9587 0
18324 9544 9587 0
18325 9573 9522 0
18326 9969 9908 0
18327 9908 9880 0
18328 9862 9880 0
18329 9972 9973 0
18330 9973 9896 0
18331 9896 9865 0
18332 9912 9865 0
18333 9572 9615 0
18334 9572 9521 0
18335 9798 9735 0
18336 9735 9709 0
18337 9694 9709 0
18338 9508 9563 0
18339 9563 9590 0
18340 9608 9590 0
18341 9726 9802 0
18342 9802 9806 0
18343 9729 9806 0
18344 9726 9729 0
18345 9862 9785 0
18346 9862 9864 0
18347 9800 9864 0
18348 9800 9785 0
18349 8690 8745 0
18350 8745 8746 0
18351 8691 8746 0
18352 8690 8691 0
18353 14476 14491 0
18354 14491 14485 0
18355 14465 14485 0
18356 14566 14549 0
18357 14485 14549 0
18358 14576 14475 0
18359 9694 9696 0
18360 9696 9616 0
18361 9614 9616 0
18362 9500 9585 0
18363 9543 9585 0
18364 9544 9574 0
18365 9589 9574 0
18366 9821 9788 0
18367 9821 9822 0
18368 9822 9842 0
18369 9866 9842 0
18370 9866 9790 0
18371 9790 9788 0
18372 9771 9702 0
18373 9700 9702 0
18374 9710 9711 0
18375 9654 9711 0
18376 9893 9971 0
18377 9981 9971 0
18378 9911 9893 0
18379 9772 9774 0
18380 9684 9774 0
18381 9684 9702 0
18382 9702 9772 0
18383 9763 9974 0
18384 9764 9974 0
18385 9907 9894 0
18386 9972 9894 0
18387 9762 9778 0
18388 9699 9700 0
18389 9699 9575 0
18390 9587 9575 0
18391 14178 14310 0
18392 14170 14310 0
18393 9434 9435 0
18394 9372 9435 0
18395 9372 9371 0
18396 9892 9980 0
18397 9892 9911 0
18398 9781 9778 0
18399 9684 9700 0
18400 9699 9617 0
18401 9608 9700 0
18402 9608 9617 0
18403 12244 12152 0
18404 12244 12138 0
18405 12053 12138 0
18406 7797 7883 0
18407 7883 7871 0
18408 7790 7871 0
18409 7938 7883 0
18410 7926 7871 0
18411 10737 10700 0
18412 13006 12924 0
18413 12956 12924 0
18414 12114 12065 0
18415 12114 12090 0
18416 12065 12090 0
18417 10681 10908 0
18418 10908 10909 0
18419 10670 10909 0
18420 9734 9802 0
18421 9799 9802 0
18422 9728 9734 0
18423 5716 5974 0
18424 5974 6162 0
18425 6162 6330 0
18426 6330 7412 0
18427 7412 7443 0
18428 7443 6524 0
18429 4958 6524 0
18430 5169 5469 0
18431 5716 5469 0
18432 3416 3803 0
18433 3803 3792 0
18434 3792 3404 0
18435 3416 3404 0
18436 3422 4811 0
18437 4811 4821 0
18438 4807 4821 0
18439 4807 3032 0
18440 3032 2986 0
18441 2986 2975 0
18442 2975 2993 0
18443 2993 3021 0
18444 3021 3276 0
18445 3422 3276 0
18446 2841 3150 0
18447 3150 3134 0
18448 3134 2842 0
18449 2841 2842 0
18450 2864 3174 0
18451 3174 3176 0
18452 3176 2865 0
18453 2864 2865 0
18454 2343 2670 0
18455 2670 2661 0
18456 2661 2344 0
18457 2343 2344 0
18458 2835 3126 0
18459 3126 3128 0
18460 3128 2836 0
18461 2835 2836 0
18462 1380 1547 0
18463 1547 1543 0
18464 1543 1381 0
18465 1380 1381 0
18466 2352 2668 0
18467 2668 2669 0
18468 2669 2353 0
18469 2352 2353 0
18470 2345 2662 0
18471 2662 2663 0
18472 2663 2336 0
18473 2345 2336 0
18474 2359 2694 0
18475 2694 2681 0
18476 2681 2360 0
18477 2359 2360 0
18478 3224 3512 0
18479 3512 3498 0
18480 3498 3211 0
18481 3224 3211 0
18482 2854 3165 0
18483 3165 3149 0
18484 3149 2855 0
18485 2854 2855 0
18486 1933 2335 0
18487 2335 2323 0
18488 2323 1926 0
18489 1933 1926 0
18490 1918 2316 0
18491 2316 2317 0
18492 2317 1919 0
18493 1918 1919 0
18494 2853 3164 0
18495 3165 3164 0
18496 2854 2853 0
18497 3176 3162 0
18498 3162 2866 0
18499 2865 2866 0
18500 3439 3734 0
18501 3734 3729 0
18502 3729 3440 0
18503 3439 3440 0
18504 3545 3798 0
18505 3798 3789 0
18506 3789 3546 0
18507 3545 3546 0
18508 3192 3475 0
18509 3475 3463 0
18510 3463 3184 0
18511 3192 3184 0
18512 2740 2929 0
18513 2929 2930 0
18514 2930 2723 0
18515 2740 2723 0
18516 2451 2615 0
18517 2615 2609 0
18518 2609 2452 0
18519 2451 2452 0
18520 2484 2650 0
18521 2650 2640 0
18522 2640 2480 0
18523 2484 2480 0
18524 2695 2922 0
18525 2922 2911 0
18526 2911 2696 0
18527 2695 2696 0
18528 1756 1909 0
18529 1909 1910 0
18530 1910 1757 0
18531 1756 1757 0
18532 3082 3265 0
18533 3265 3252 0
18534 3252 3069 0
18535 3082 3069 0
18536 2532 2676 0
18537 2676 2672 0
18538 2672 2518 0
18539 2532 2518 0
18540 2451 2266 0
18541 2452 2253 0
18542 2266 2253 0
18543 2711 2921 0
18544 2922 2921 0
18545 2695 2711 0
18546 3706 3896 0
18547 3896 3884 0
18548 3884 3707 0
18549 3706 3707 0
18550 2658 2869 0
18551 2869 2870 0
18552 2870 2653 0
18553 2658 2653 0
18554 2585 2773 0
18555 2773 2755 0
18556 2755 2586 0
18557 2585 2586 0
18558 3413 3699 0
18559 3699 3700 0
18560 3700 3414 0
18561 3413 3414 0
18562 2741 2931 0
18563 2931 2927 0
18564 2927 2724 0
18565 2741 2724 0
18566 2699 2912 0
18567 2912 2913 0
18568 2913 2687 0
18569 2699 2687 0
18570 1738 1893 0
18571 1893 1886 0
18572 1886 1749 0
18573 1738 1749 0
18574 1893 2078 0
18575 2078 2079 0
18576 1886 2079 0
18577 3700 3690 0
18578 3690 3399 0
18579 3414 3399 0
18580 2480 2304 0
18581 2480 2481 0
18582 2481 2299 0
18583 2304 2299 0
18584 3173 3450 0
18585 3450 3451 0
18586 3451 3175 0
18587 3173 3175 0
18588 3519 3715 0
18589 3706 3715 0
18590 3706 3520 0
18591 3519 3520 0
18592 3412 3698 0
18593 3699 3698 0
18594 3413 3412 0
18595 3401 3691 0
18596 3691 3692 0
18597 3692 3402 0
18598 3401 3402 0
18599 3510 3813 0
18600 3813 3799 0
18601 3799 3292 0
18602 3510 3292 0
18603 2783 3157 0
18604 3157 3143 0
18605 3143 2765 0
18606 2783 2765 0
18607 2365 2693 0
18608 2694 2693 0
18609 2359 2365 0
18610 2681 2682 0
18611 2682 2355 0
18612 2360 2355 0
18613 2843 3136 0
18614 3126 3136 0
18615 2835 2843 0
18616 1927 2324 0
18617 2316 2324 0
18618 1918 1927 0
18619 3150 3149 0
18620 2841 2855 0
18621 3789 3133 0
18622 3789 3812 0
18623 3812 3166 0
18624 3133 3166 0
18625 1907 2303 0
18626 2303 2294 0
18627 2294 1896 0
18628 1907 1896 0
18629 2323 2324 0
18630 1926 1927 0
18631 2675 3091 0
18632 3091 3087 0
18633 3087 2671 0
18634 2675 2671 0
18635 3431 3855 0
18636 3855 3845 0
18637 3845 3796 0
18638 3796 3432 0
18639 3431 3432 0
18640 2879 3183 0
18641 3183 3186 0
18642 3186 2873 0
18643 2879 2873 0
18644 2379 2722 0
18645 2722 2709 0
18646 2709 2372 0
18647 2379 2372 0
18648 2317 2303 0
18649 1919 1907 0
18650 3476 3755 0
18651 3755 3749 0
18652 3749 3468 0
18653 3476 3468 0
18654 3187 3469 0
18655 3469 3470 0
18656 3470 3177 0
18657 3187 3177 0
18658 2650 2861 0
18659 2861 2851 0
18660 2851 2641 0
18661 2650 2641 0
18662 3128 2795 0
18663 3128 3153 0
18664 3153 3138 0
18665 3138 2790 0
18666 2795 2790 0
18667 2887 3223 0
18668 3223 3210 0
18669 3210 2888 0
18670 2887 2888 0
18671 2639 2793 0
18672 2793 2784 0
18673 2784 2540 0
18674 2540 2539 0
18675 2539 2627 0
18676 2639 2627 0
18677 2438 2576 0
18678 2576 2567 0
18679 2567 2426 0
18680 2438 2426 0
18681 3305 3535 0
18682 3535 3526 0
18683 3526 3494 0
18684 3494 3495 0
18685 3495 3294 0
18686 3305 3294 0
18687 3388 3680 0
18688 3680 3681 0
18689 3681 3389 0
18690 3388 3389 0
18691 3388 3102 0
18692 3389 3103 0
18693 3102 3103 0
18694 3202 3482 0
18695 3482 3483 0
18696 3483 3203 0
18697 3202 3203 0
18698 2020 2279 0
18699 2279 2280 0
18700 2280 2011 0
18701 2020 2011 0
18702 2640 2641 0
18703 2481 2641 0
18704 2243 2442 0
18705 2442 2431 0
18706 2431 2244 0
18707 2243 2244 0
18708 2922 3057 0
18709 3057 3058 0
18710 2911 3058 0
18711 3520 3296 0
18712 3520 3504 0
18713 3504 3287 0
18714 3296 3287 0
18715 2921 3063 0
18716 3057 3063 0
18717 3135 3350 0
18718 3350 3272 0
18719 3272 3234 0
18720 3234 3193 0
18721 3193 3151 0
18722 3135 3151 0
18723 3470 3455 0
18724 3455 3178 0
18725 3177 3178 0
18726 2452 2441 0
18727 2441 2254 0
18728 2253 2254 0
18729 3926 3803 0
18730 3927 3804 0
18731 3803 3804 0
18732 4118 4263 0
18733 4263 4257 0
18734 4257 4119 0
18735 4118 4119 0
18736 3617 3735 0
18737 3735 3730 0
18738 3730 3602 0
18739 3617 3602 0
18740 4530 4620 0
18741 4620 4621 0
18742 4621 4522 0
18743 4530 4522 0
18744 4549 4642 0
18745 4642 4636 0
18746 4636 4550 0
18747 4549 4550 0
18748 4732 4918 0
18749 4918 4910 0
18750 4910 4733 0
18751 4732 4733 0
18752 3604 3718 0
18753 3718 3719 0
18754 3719 3594 0
18755 3604 3594 0
18756 3920 3792 0
18757 3792 3804 0
18758 3859 3966 0
18759 3966 3967 0
18760 3967 3860 0
18761 3859 3860 0
18762 3966 4074 0
18763 4074 4075 0
18764 3967 4075 0
18765 3591 3703 0
18766 3703 3704 0
18767 3704 3579 0
18768 3591 3579 0
18769 3567 3682 0
18770 3682 3683 0
18771 3683 3556 0
18772 3567 3556 0
18773 3905 3992 0
18774 3992 3987 0
18775 3987 3892 0
18776 3905 3892 0
18777 2101 2255 0
18778 2255 2245 0
18779 2078 2245 0
18780 2078 2101 0
18781 4082 4228 0
18782 4228 4229 0
18783 4229 4083 0
18784 4082 4083 0
18785 2615 2741 0
18786 2609 2724 0
18787 1890 2012 0
18788 2012 2006 0
18789 2006 1892 0
18790 1890 1892 0
18791 3534 3653 0
18792 3653 3650 0
18793 3526 3650 0
18794 3526 3534 0
18795 2827 2919 0
18796 2919 2920 0
18797 2920 2822 0
18798 2827 2822 0
18799 4042 4178 0
18800 4178 4179 0
18801 4179 4043 0
18802 4042 4043 0
18803 3997 4121 0
18804 4121 4110 0
18805 4110 3998 0
18806 3997 3998 0
18807 4264 4392 0
18808 4392 4382 0
18809 4382 4259 0
18810 4264 4259 0
18811 4178 4312 0
18812 4312 4301 0
18813 4179 4301 0
18814 4042 3960 0
18815 4043 3961 0
18816 3960 3961 0
18817 4208 4346 0
18818 4346 4332 0
18819 4332 4209 0
18820 4208 4209 0
18821 1910 1900 0
18822 1900 1745 0
18823 1757 1745 0
18824 3027 3216 0
18825 3216 3217 0
18826 3217 3028 0
18827 3027 3028 0
18828 3870 3977 0
18829 3977 3978 0
18830 3978 3861 0
18831 3870 3861 0
18832 3035 3274 0
18833 3274 3275 0
18834 3275 3025 0
18835 3035 3025 0
18836 3774 3914 0
18837 3914 3906 0
18838 3906 3767 0
18839 3774 3767 0
18840 2989 3097 0
18841 3097 3092 0
18842 3092 2990 0
18843 2989 2990 0
18844 3534 3318 0
18845 3535 3534 0
18846 3305 3318 0
18847 3331 3542 0
18848 3542 3543 0
18849 3543 3311 0
18850 3311 3310 0
18851 3331 3310 0
18852 2318 2432 0
18853 2432 2416 0
18854 2416 2319 0
18855 2318 2319 0
18856 4228 4351 0
18857 4351 4352 0
18858 4229 4352 0
18859 3293 3516 0
18860 3516 3517 0
18861 3517 3284 0
18862 3293 3284 0
18863 2503 2753 0
18864 2753 2754 0
18865 2754 2504 0
18866 2503 2504 0
18867 2096 2251 0
18868 2251 2242 0
18869 2242 2076 0
18870 2096 2076 0
18871 2675 2595 0
18872 2671 2590 0
18873 2595 2590 0
18874 3372 3533 0
18875 3533 3522 0
18876 3522 3360 0
18877 3372 3360 0
18878 2285 2361 0
18879 2361 2356 0
18880 2279 2356 0
18881 2279 2285 0
18882 2860 2935 0
18883 2935 2936 0
18884 2936 2849 0
18885 2860 2849 0
18886 2361 2465 0
18887 2465 2466 0
18888 2356 2466 0
18889 2989 2932 0
18890 2990 2933 0
18891 2932 2933 0
18892 3217 3218 0
18893 3218 3029 0
18894 3028 3029 0
18895 2334 2436 0
18896 2436 2437 0
18897 2437 2322 0
18898 2334 2322 0
18899 2932 2847 0
18900 2933 2848 0
18901 2847 2848 0
18902 1821 2062 0
18903 2062 2063 0
18904 2063 1822 0
18905 1821 1822 0
18906 3591 3353 0
18907 3591 3578 0
18908 3578 3354 0
18909 3353 3354 0
18910 4293 4412 0
18911 4412 4413 0
18912 4413 4294 0
18913 4293 4294 0
18914 3719 3714 0
18915 3714 3595 0
18916 3594 3595 0
18917 4549 4428 0
18918 4550 4425 0
18919 4428 4425 0
18920 3905 3765 0
18921 3892 3766 0
18922 3765 3766 0
18923 4910 4911 0
18924 4911 4722 0
18925 4733 4722 0
18926 3816 3940 0
18927 3940 3934 0
18928 3934 3805 0
18929 3816 3805 0
18930 3766 3662 0
18931 3766 3756 0
18932 3756 3663 0
18933 3662 3663 0
18934 3704 3757 0
18935 3757 3750 0
18936 3750 3705 0
18937 3704 3705 0
18938 3996 4062 0
18939 4062 4063 0
18940 4063 3991 0
18941 3996 3991 0
18942 4604 4667 0
18943 4667 4650 0
18944 4650 4602 0
18945 4604 4602 0
18946 3825 3895 0
18947 3895 3883 0
18948 3883 3826 0
18949 3825 3826 0
18950 3765 3701 0
18951 3766 3702 0
18952 3701 3702 0
18953 3860 3781 0
18954 3860 3850 0
18955 3850 3782 0
18956 3781 3782 0
18957 3757 3825 0
18958 3750 3826 0
18959 3602 3655 0
18960 3655 3656 0
18961 3656 3603 0
18962 3602 3603 0
18963 4271 4343 0
18964 4343 4344 0
18965 4344 4272 0
18966 4271 4272 0
18967 4344 4331 0
18968 4331 4262 0
18969 4272 4262 0
18970 4272 4206 0
18971 4262 4207 0
18972 4206 4207 0
18973 3390 3601 0
18974 3602 3601 0
18975 3602 3391 0
18976 3390 3391 0
18977 3579 3647 0
18978 3647 3642 0
18979 3642 3581 0
18980 3579 3581 0
18981 4642 4732 0
18982 4732 4734 0
18983 4636 4734 0
18984 4344 4390 0
18985 4390 4391 0
18986 4331 4391 0
18987 4263 4319 0
18988 4319 4311 0
18989 4257 4311 0
18990 3704 3647 0
18991 3705 3642 0
18992 3701 3590 0
18993 3702 3577 0
18994 3590 3577 0
18995 2795 2576 0
18996 2795 2791 0
18997 2567 2791 0
18998 3138 3140 0
18999 3140 2792 0
19000 2790 2792 0
19001 2402 2558 0
19002 2558 2547 0
19003 2547 2564 0
19004 2575 2564 0
19005 2575 2382 0
19006 2402 2382 0
19007 3110 3400 0
19008 3400 3403 0
19009 3403 3111 0
19010 3110 3111 0
19011 1721 1877 0
19012 1877 1864 0
19013 1864 1734 0
19014 1734 1717 0
19015 1721 1717 0
19016 2402 2246 0
19017 2382 2237 0
19018 2246 2237 0
19019 3524 3780 0
19020 3780 3772 0
19021 3772 3511 0
19022 3524 3511 0
19023 3458 3733 0
19024 3734 3733 0
19025 3439 3458 0
19026 3431 3223 0
19027 3432 3210 0
19028 3456 3741 0
19029 3733 3741 0
19030 3458 3456 0
19031 3498 3500 0
19032 3500 3212 0
19033 3211 3212 0
19034 3454 3740 0
19035 3741 3740 0
19036 3456 3454 0
19037 3467 3791 0
19038 3791 3779 0
19039 3779 3453 0
19040 3467 3453 0
19041 3799 3533 0
19042 3799 3790 0
19043 3522 3790 0
19044 3467 3139 0
19045 3453 3154 0
19046 3139 3154 0
19047 3482 3500 0
19048 3202 3212 0
19049 2470 2780 0
19050 2780 2782 0
19051 2782 2471 0
19052 2470 2471 0
19053 1884 2154 0
19054 2154 2141 0
19055 2141 1873 0
19056 1884 1873 0
19057 2782 2764 0
19058 2764 2472 0
19059 2471 2472 0
19060 3772 3773 0
19061 3512 3773 0
19062 3512 3511 0
19063 2798 2996 0
19064 2996 2997 0
19065 2997 2799 0
19066 2798 2799 0
19067 3469 3747 0
19068 3740 3747 0
19069 3469 3454 0
19070 1967 2000 0
19071 2334 2000 0
19072 2322 1947 0
19073 1947 1946 0
19074 1967 1946 0
19075 2294 2295 0
19076 2295 2223 0
19077 2223 2227 0
19078 2227 2128 0
19079 2128 2048 0
19080 2048 2049 0
19081 2049 2129 0
19082 2129 2118 0
19083 2118 2288 0
19084 2288 2289 0
19085 2289 1887 0
19086 1896 1887 0
19087 3158 3441 0
19088 3441 3442 0
19089 3442 3144 0
19090 3158 3144 0
19091 2436 2736 0
19092 2736 2721 0
19093 2437 2721 0
19094 3192 2878 0
19095 3192 3183 0
19096 2879 2878 0
19097 2577 2826 0
19098 2826 2820 0
19099 2820 2568 0
19100 2577 2568 0
19101 3482 3754 0
19102 3755 3754 0
19103 3476 3482 0
19104 2134 2389 0
19105 2389 2390 0
19106 2390 2122 0
19107 2134 2122 0
19108 2765 2594 0
19109 2765 2737 0
19110 2737 2589 0
19111 2594 2589 0
19112 2583 2819 0
19113 2826 2819 0
19114 2577 2583 0
19115 3499 3764 0
19116 3754 3764 0
19117 3482 3499 0
19118 3790 3247 0
19119 3791 3790 0
19120 3467 3466 0
19121 3466 3257 0
19122 3247 3257 0
19123 3773 3764 0
19124 3512 3499 0
19125 2246 2023 0
19126 2237 2013 0
19127 2023 2013 0
19128 2711 2442 0
19129 2695 2431 0
19130 3440 3169 0
19131 3440 3441 0
19132 3158 3169 0
19133 3143 3129 0
19134 3129 2766 0
19135 2765 2766 0
19136 3140 3155 0
19137 3155 2781 0
19138 2792 2781 0
19139 1790 2098 0
19140 2098 2077 0
19141 2077 1784 0
19142 1790 1784 0
19143 2097 2265 0
19144 2265 2252 0
19145 2252 2309 0
19146 2309 2310 0
19147 2077 2310 0
19148 2077 2097 0
19149 3157 3155 0
19150 2783 2781 0
19151 2541 2785 0
19152 2785 2786 0
19153 2786 2526 0
19154 2541 2526 0
19155 2816 2897 0
19156 2897 2898 0
19157 2898 2817 0
19158 2816 2817 0
19159 1816 2036 0
19160 2036 2037 0
19161 2037 1817 0
19162 1816 1817 0
19163 3283 3415 0
19164 3400 3415 0
19165 3110 3109 0
19166 3109 3280 0
19167 3283 3280 0
19168 3035 2953 0
19169 3035 3026 0
19170 3026 2945 0
19171 2953 2945 0
19172 3387 3679 0
19173 3680 3679 0
19174 3388 3387 0
19175 3257 3137 0
19176 3257 3259 0
19177 3259 3235 0
19178 3235 3231 0
19179 3139 3231 0
19180 3139 3137 0
19181 2606 2772 0
19182 2773 2772 0
19183 2773 2596 0
19184 2606 2596 0
19185 2106 2338 0
19186 2338 2325 0
19187 2325 2089 0
19188 2106 2089 0
19189 1799 2032 0
19190 2032 2019 0
19191 2019 1800 0
19192 1799 1800 0
19193 2791 2476 0
19194 2791 2780 0
19195 2470 2476 0
19196 2364 2710 0
19197 2693 2710 0
19198 2365 2364 0
19199 4637 4845 0
19200 4845 4846 0
19201 4846 4829 0
19202 4829 4638 0
19203 4637 4638 0
19204 4764 4946 0
19205 4946 4935 0
19206 4761 4935 0
19207 4761 4764 0
19208 4666 4937 0
19209 4937 4938 0
19210 4667 4938 0
19211 4667 4666 0
19212 3352 3646 0
19213 3646 3641 0
19214 3641 3346 0
19215 3352 3346 0
19216 3990 4248 0
19217 4248 4249 0
19218 4249 3984 0
19219 3990 3984 0
19220 4405 4617 0
19221 4612 4398 0
19222 4343 4399 0
19223 4390 4399 0
19224 3662 3646 0
19225 3663 3641 0
19226 3414 3120 0
19227 3414 3415 0
19228 3415 3121 0
19229 3120 3121 0
19230 2251 2366 0
19231 2366 2367 0
19232 2242 2367 0
19233 3283 3121 0
19234 3109 3121 0
19235 2590 2656 0
19236 2656 2657 0
19237 2657 2591 0
19238 2590 2591 0
19239 1827 2060 0
19240 2060 2061 0
19241 2061 1820 0
19242 1827 1820 0
19243 2553 2803 0
19244 2803 2804 0
19245 2804 2554 0
19246 2553 2554 0
19247 2528 2767 0
19248 2767 2768 0
19249 2768 2529 0
19250 2528 2529 0
19251 2825 3017 0
19252 3017 3018 0
19253 3018 2813 0
19254 2825 2813 0
19255 2037 2038 0
19256 2038 1806 0
19257 1817 1806 0
19258 3218 3219 0
19259 3219 3030 0
19260 3029 3030 0
19261 2897 2953 0
19262 2898 2945 0
19263 2038 2039 0
19264 2039 1807 0
19265 1806 1807 0
19266 2516 2584 0
19267 2591 2584 0
19268 2591 2517 0
19269 2516 2517 0
19270 2062 2061 0
19271 1821 1820 0
19272 2039 2040 0
19273 2040 1808 0
19274 1807 1808 0
19275 2868 2918 0
19276 2918 2910 0
19277 2910 2858 0
19278 2868 2858 0
19279 2020 1956 0
19280 2011 1957 0
19281 1956 1957 0
19282 3202 3116 0
19283 3202 3204 0
19284 3204 3117 0
19285 3116 3117 0
19286 1915 1969 0
19287 1969 1970 0
19288 1970 1916 0
19289 1915 1916 0
19290 2609 2658 0
19291 2653 2610 0
19292 2609 2610 0
19293 1960 2033 0
19294 2020 2033 0
19295 1956 1960 0
19296 2099 2193 0
19297 2193 2194 0
19298 2100 2194 0
19299 2912 2946 0
19300 2946 2941 0
19301 2913 2941 0
19302 2033 2124 0
19303 2124 2113 0
19304 2020 2113 0
19305 1935 1991 0
19306 1991 1992 0
19307 1992 2017 0
19308 2017 2018 0
19309 2018 1941 0
19310 1935 1941 0
19311 2085 2273 0
19312 2273 2274 0
19313 2274 2086 0
19314 2085 2086 0
19315 1928 2053 0
19316 2053 2054 0
19317 2054 1929 0
19318 1928 1929 0
19319 2070 2260 0
19320 2260 2261 0
19321 2261 2071 0
19322 2070 2071 0
19323 2081 2269 0
19324 2269 2270 0
19325 2270 2082 0
19326 2081 2082 0
19327 4700 4897 0
19328 4897 4886 0
19329 4886 4690 0
19330 4700 4690 0
19331 4752 4925 0
19332 4925 4926 0
19333 4926 4742 0
19334 4752 4742 0
19335 3556 3328 0
19336 3556 3557 0
19337 3557 3329 0
19338 3328 3329 0
19339 4751 4936 0
19340 4925 4936 0
19341 4752 4751 0
19342 3603 3392 0
19343 3391 3392 0
19344 4712 4879 0
19345 4879 4865 0
19346 4865 4702 0
19347 4712 4702 0
19348 4752 4572 0
19349 4742 4563 0
19350 4572 4563 0
19351 3330 3558 0
19352 3558 3549 0
19353 3549 3316 0
19354 3330 3316 0
19355 3558 3743 0
19356 3743 3736 0
19357 3549 3736 0
19358 3594 3378 0
19359 3595 3365 0
19360 3378 3365 0
19361 4751 4571 0
19362 4572 4571 0
19363 3604 3377 0
19364 3378 3377 0
19365 4666 4509 0
19366 4667 4498 0
19367 4509 4498 0
19368 3703 3894 0
19369 3895 3894 0
19370 3704 3895 0
19371 3996 3852 0
19372 3991 3842 0
19373 3852 3842 0
19374 3851 4002 0
19375 3996 4002 0
19376 3852 3851 0
19377 3590 3351 0
19378 3577 3352 0
19379 3352 3351 0
19380 3567 3338 0
19381 3328 3338 0
19382 4359 4468 0
19383 4468 4463 0
19384 4463 4350 0
19385 4359 4350 0
19386 3493 3632 0
19387 3632 3625 0
19388 3625 3477 0
19389 3493 3477 0
19390 4584 4701 0
19391 4701 4692 0
19392 4692 4585 0
19393 4584 4585 0
19394 4911 4912 0
19395 4912 4723 0
19396 4722 4723 0
19397 3981 4100 0
19398 4100 4092 0
19399 4092 3976 0
19400 3981 3976 0
19401 4468 4584 0
19402 4463 4585 0
19403 4294 4436 0
19404 4436 4429 0
19405 4429 4287 0
19406 4294 4287 0
19407 3632 3742 0
19408 3743 3742 0
19409 3743 3625 0
19410 4100 4234 0
19411 4234 4235 0
19412 4092 4235 0
19413 3981 3876 0
19414 3976 3868 0
19415 3876 3868 0
19416 4359 4234 0
19417 4350 4235 0
19418 1877 2023 0
19419 1864 2013 0
19420 1843 2091 0
19421 2091 2092 0
19422 2092 1844 0
19423 1843 1844 0
19424 3168 3438 0
19425 3440 3438 0
19426 3169 3168 0
19427 2874 3172 0
19428 3174 3172 0
19429 2864 2874 0
19430 3524 3156 0
19431 3511 3141 0
19432 3156 3141 0
19433 3779 3523 0
19434 3780 3779 0
19435 3524 3523 0
19436 1732 1911 0
19437 1911 1904 0
19438 1904 1726 0
19439 1732 1726 0
19440 1774 1978 0
19441 1978 1979 0
19442 1979 1768 0
19443 1774 1768 0
19444 2765 2764 0
19445 2765 2464 0
19446 2472 2464 0
19447 2606 2489 0
19448 2596 2460 0
19449 2460 2467 0
19450 2467 2479 0
19451 2489 2479 0
19452 2104 2337 0
19453 2338 2337 0
19454 2106 2104 0
19455 3468 3483 0
19456 3468 3302 0
19457 3302 3337 0
19458 3337 3345 0
19459 3204 3345 0
19460 3203 3204 0
19461 2325 2326 0
19462 2326 2090 0
19463 2089 2090 0
19464 3451 3452 0
19465 3452 3163 0
19466 3175 3163 0
19467 2216 2458 0
19468 2458 2459 0
19469 2459 2207 0
19470 2216 2207 0
19471 2857 3080 0
19472 3080 3060 0
19473 3060 2988 0
19474 2988 2844 0
19475 2857 2844 0
19476 2754 2738 0
19477 2738 2505 0
19478 2504 2505 0
19479 3512 3142 0
19480 3141 3142 0
19481 2190 2447 0
19482 2447 2448 0
19483 2448 2191 0
19484 2190 2191 0
19485 2349 2531 0
19486 2518 2531 0
19487 2518 2351 0
19488 2349 2351 0
19489 3154 3523 0
19490 3154 3156 0
19491 2831 3044 0
19492 3044 3033 0
19493 3033 2832 0
19494 2831 2832 0
19495 2111 2381 0
19496 2381 2373 0
19497 2373 2112 0
19498 2111 2112 0
19499 3018 3019 0
19500 3019 2814 0
19501 2813 2814 0
19502 3129 2867 0
19503 3129 3130 0
19504 3130 2856 0
19505 2867 2856 0
19506 2815 3007 0
19507 3007 3008 0
19508 3008 2807 0
19509 2815 2807 0
19510 3117 3345 0
19511 3302 3108 0
19512 3117 3108 0
19513 2192 2439 0
19514 2439 2440 0
19515 2440 2180 0
19516 2192 2180 0
19517 1922 2043 0
19518 2043 2044 0
19519 2044 1923 0
19520 1922 1923 0
19521 2270 2271 0
19522 2271 2083 0
19523 2082 2083 0
19524 1925 2046 0
19525 2046 2047 0
19526 2047 1914 0
19527 1925 1914 0
19528 2261 2262 0
19529 2262 2072 0
19530 2071 2072 0
19531 3260 3308 0
19532 3308 3309 0
19533 3309 3262 0
19534 3260 3262 0
19535 1924 2045 0
19536 2046 2045 0
19537 1925 1924 0
19538 2069 2259 0
19539 2260 2259 0
19540 2070 2069 0
19541 2274 2259 0
19542 2086 2069 0
19543 1921 2042 0
19544 2043 2042 0
19545 1922 1921 0
19546 2084 2272 0
19547 2273 2272 0
19548 2085 2084 0
19549 3490 3547 0
19550 3547 3548 0
19551 3548 3492 0
19552 3490 3492 0
19553 1898 2105 0
19554 2105 2107 0
19555 2107 1888 0
19556 1898 1888 0
19557 2090 2107 0
19558 2090 1889 0
19559 1888 1889 0
19560 2087 2347 0
19561 2337 2347 0
19562 2104 2087 0
19563 2542 2796 0
19564 2796 2797 0
19565 2797 2543 0
19566 2542 2543 0
19567 2103 2346 0
19568 2347 2346 0
19569 2087 2103 0
19570 3131 3398 0
19571 3398 3386 0
19572 3386 3132 0
19573 3131 3132 0
19574 3033 3034 0
19575 3034 2833 0
19576 2832 2833 0
19577 4652 4870 0
19578 4870 4857 0
19579 4857 4653 0
19580 4652 4653 0
19581 4436 4582 0
19582 4582 4583 0
19583 4429 4583 0
19584 3742 3876 0
19585 3743 3868 0
19586 3493 3339 0
19587 3330 3477 0
19588 3330 3339 0
19589 4712 4585 0
19590 4702 4579 0
19591 4585 4579 0
19592 4938 4805 0
19593 4938 4927 0
19594 4927 4806 0
19595 4805 4806 0
19596 4765 4896 0
19597 4897 4896 0
19598 4897 4762 0
19599 4765 4762 0
19600 4691 4887 0
19601 4879 4887 0
19602 4712 4691 0
19603 4165 4277 0
19604 4287 4277 0
19605 4287 4166 0
19606 4165 4166 0
19607 2189 2276 0
19608 2276 2278 0
19609 2278 2297 0
19610 2288 2297 0
19611 2288 2264 0
19612 2264 2263 0
19613 2263 2215 0
19614 2189 2215 0
19615 3303 3362 0
19616 3362 3364 0
19617 3364 3304 0
19618 3303 3304 0
19619 3303 3249 0
19620 3304 3251 0
19621 3249 3251 0
19622 3308 3373 0
19623 3373 3375 0
19624 3309 3375 0
19625 1940 2001 0
19626 2001 2056 0
19627 2056 2057 0
19628 2057 2016 0
19629 1940 2016 0
19630 2010 2029 0
19631 2029 2073 0
19632 2073 2030 0
19633 2030 1977 0
19634 1977 1976 0
19635 2010 1976 0
19636 1940 2002 0
19637 2002 2003 0
19638 2003 1934 0
19639 1940 1934 0
19640 3573 3637 0
19641 3637 3639 0
19642 3563 3639 0
19643 3563 3573 0
19644 1911 1930 0
19645 1930 1931 0
19646 1904 1931 0
19647 2227 2152 0
19648 2227 2228 0
19649 2295 2228 0
19650 2295 2296 0
19651 2189 2296 0
19652 2189 2153 0
19653 2152 2153 0
19654 2214 2284 0
19655 2284 2275 0
19656 2275 2205 0
19657 2205 2204 0
19658 2204 2167 0
19659 2167 2166 0
19660 2214 2166 0
19661 2271 2272 0
19662 2083 2084 0
19663 2179 2206 0
19664 2263 2206 0
19665 2118 2264 0
19666 2129 2179 0
19667 2054 2055 0
19668 2055 1920 0
19669 1929 1920 0
19670 3547 3614 0
19671 3614 3616 0
19672 3548 3616 0
19673 2016 2127 0
19674 2127 2139 0
19675 2073 2139 0
19676 2016 2029 0
19677 2128 2153 0
19678 2049 2153 0
19679 3152 3228 0
19680 3257 3228 0
19681 3137 3152 0
19682 2296 2277 0
19683 2297 2296 0
19684 2278 2277 0
19685 4463 4450 0
19686 4450 4345 0
19687 4350 4345 0
19688 4708 4901 0
19689 4901 4902 0
19690 4902 4709 0
19691 4708 4709 0
19692 4616 4764 0
19693 4760 4764 0
19694 4579 4450 0
19695 4165 4016 0
19696 4166 4017 0
19697 4016 4017 0
19698 4092 4081 0
19699 4081 3968 0
19700 3976 3968 0
19701 4377 4486 0
19702 4486 4479 0
19703 4479 4370 0
19704 4377 4370 0
19705 4734 4600 0
19706 4734 4723 0
19707 4723 4595 0
19708 4600 4595 0
19709 3968 3869 0
19710 3868 3869 0
19711 3987 3988 0
19712 3988 3893 0
19713 3892 3893 0
19714 4711 4903 0
19715 4903 4895 0
19716 4895 4699 0
19717 4711 4699 0
19718 3934 4016 0
19719 4017 3935 0
19720 3934 3935 0
19721 4902 4903 0
19722 4709 4711 0
19723 4700 4582 0
19724 4690 4583 0
19725 4119 3987 0
19726 4119 4108 0
19727 3988 4108 0
19728 3683 3805 0
19729 3805 3806 0
19730 3806 3671 0
19731 3683 3671 0
19732 4257 4247 0
19733 4108 4247 0
19734 3719 3852 0
19735 3714 3842 0
19736 3718 3851 0
19737 4486 4600 0
19738 4479 4595 0
19739 4372 4481 0
19740 4481 4473 0
19741 4473 4366 0
19742 4372 4366 0
19743 4701 4864 0
19744 4887 4864 0
19745 4701 4691 0
19746 4075 4221 0
19747 4221 4205 0
19748 4205 4061 0
19749 4075 4061 0
19750 3557 3671 0
19751 3935 3806 0
19752 4399 4509 0
19753 4390 4498 0
19754 4221 4329 0
19755 4329 4330 0
19756 4205 4330 0
19757 4329 4449 0
19758 4449 4435 0
19759 4330 4435 0
19760 4002 4136 0
19761 4136 4131 0
19762 3996 4131 0
19763 3001 3198 0
19764 3198 3188 0
19765 3188 2991 0
19766 3001 2991 0
19767 2889 3038 0
19768 3028 3038 0
19769 3028 2881 0
19770 2889 2881 0
19771 1815 2050 0
19772 2036 2050 0
19773 1816 1815 0
19774 1845 2109 0
19775 2109 2110 0
19776 2110 1846 0
19777 1845 1846 0
19778 2822 3023 0
19779 3023 3024 0
19780 3024 2823 0
19781 2822 2823 0
19782 2063 2050 0
19783 1822 1815 0
19784 2527 2787 0
19785 2767 2787 0
19786 2528 2527 0
19787 1861 2131 0
19788 2131 2132 0
19789 2132 1862 0
19790 1861 1862 0
19791 2091 2110 0
19792 1843 1846 0
19793 1791 2004 0
19794 2004 2005 0
19795 2005 1785 0
19796 1791 1785 0
19797 2845 3049 0
19798 3049 3050 0
19799 3050 2846 0
19800 2845 2846 0
19801 2569 2821 0
19802 2821 2811 0
19803 2811 2562 0
19804 2569 2562 0
19805 2448 2439 0
19806 2191 2192 0
19807 1802 1955 0
19808 1957 1955 0
19809 1957 1793 0
19810 1802 1793 0
19811 3896 4043 0
19812 4043 4034 0
19813 3884 4034 0
19814 2243 1994 0
19815 2244 1995 0
19816 1994 1995 0
19817 1897 2088 0
19818 2105 2088 0
19819 1898 1897 0
19820 2739 2934 0
19821 2929 2934 0
19822 2740 2739 0
19823 3081 3264 0
19824 3265 3264 0
19825 3082 3081 0
19826 2266 2004 0
19827 2253 2005 0
19828 3091 3273 0
19829 3274 3273 0
19830 3087 3274 0
19831 2143 2414 0
19832 2414 2415 0
19833 2415 2144 0
19834 2143 2144 0
19835 3185 3464 0
19836 3464 3465 0
19837 3465 3171 0
19838 3185 3171 0
19839 2664 2697 0
19840 2697 2683 0
19841 2683 2571 0
19842 2571 2570 0
19843 2570 2659 0
19844 2664 2659 0
19845 3057 3236 0
19846 3236 3237 0
19847 3058 3237 0
19848 1789 1948 0
19849 1948 1949 0
19850 1790 1949 0
19851 1790 1789 0
19852 2449 2618 0
19853 2618 2614 0
19854 2614 2450 0
19855 2449 2450 0
19856 2135 2348 0
19857 2348 2350 0
19858 2350 2136 0
19859 2135 2136 0
19860 3028 3030 0
19861 3030 2882 0
19862 2881 2882 0
19863 2265 2449 0
19864 2252 2450 0
19865 2078 2311 0
19866 2311 2312 0
19867 2079 2312 0
19868 2244 2477 0
19869 2477 2478 0
19870 2478 2234 0
19871 2244 2234 0
19872 1970 1764 0
19873 1970 1961 0
19874 1961 1755 0
19875 1764 1755 0
19876 1541 1534 0
19877 1534 1402 0
19878 1407 1402 0
19879 3164 3162 0
19880 2853 2866 0
19881 2594 2464 0
19882 2589 2457 0
19883 2464 2457 0
19884 2740 2506 0
19885 2723 2488 0
19886 2506 2488 0
19887 3186 3171 0
19888 2874 3171 0
19889 2873 2874 0
19890 2005 1993 0
19891 1993 1786 0
19892 1785 1786 0
19893 1995 1778 0
19894 1995 1984 0
19895 1984 1773 0
19896 1778 1773 0
19897 2709 2710 0
19898 2372 2364 0
19899 3134 3136 0
19900 2842 2843 0
19901 2766 2867 0
19902 2844 2867 0
19903 2737 2844 0
19904 2737 2766 0
19905 2661 2662 0
19906 2344 2345 0
19907 2670 2669 0
19908 2343 2353 0
19909 2856 3079 0
19910 3080 3079 0
19911 2857 2856 0
19912 2141 2142 0
19913 2142 1874 0
19914 1873 1874 0
19915 3036 3229 0
19916 3229 3225 0
19917 3225 3037 0
19918 3036 3037 0
19919 2155 2412 0
19920 2412 2413 0
19921 2413 2156 0
19922 2155 2156 0
19923 2103 1908 0
19924 2103 2088 0
19925 1897 1908 0
19926 1883 2140 0
19927 2154 2140 0
19928 1884 1883 0
19929 4382 4553 0
19930 4553 4545 0
19931 4545 4383 0
19932 4382 4383 0
19933 2441 2610 0
19934 3707 3504 0
19935 2234 1984 0
19936 2254 1993 0
19937 4352 4137 0
19938 4352 4353 0
19939 4353 4138 0
19940 4137 4138 0
19941 2862 3002 0
19942 2991 3002 0
19943 2851 2991 0
19944 2851 2862 0
19945 3063 3244 0
19946 3236 3244 0
19947 4498 4499 0
19948 4391 4499 0
19949 4708 4596 0
19950 4708 4710 0
19951 4710 4597 0
19952 4596 4597 0
19953 4120 4258 0
19954 4248 4258 0
19955 4248 4109 0
19956 4120 4109 0
19957 4293 4177 0
19958 4294 4165 0
19959 4165 4177 0
19960 4328 4448 0
19961 4449 4448 0
19962 4329 4328 0
19963 3682 3816 0
19964 4177 4025 0
19965 4016 4025 0
19966 4572 4449 0
19967 4563 4435 0
19968 3781 3655 0
19969 3782 3656 0
19970 4257 4377 0
19971 4370 4247 0
19972 4371 4480 0
19973 4481 4480 0
19974 4372 4371 0
19975 4061 3964 0
19976 3967 3964 0
19977 3756 3893 0
19978 4699 4710 0
19979 4699 4591 0
19980 4597 4591 0
19981 4271 4136 0
19982 4272 4131 0
19983 4667 4805 0
19984 4650 4806 0
19985 3894 3989 0
19986 3990 3989 0
19987 3895 3990 0
19988 4571 4448 0
19989 4620 4765 0
19990 4621 4762 0
19991 4074 4220 0
19992 4221 4220 0
19993 3850 3964 0
19994 4120 3989 0
19995 3990 4109 0
19996 3883 3984 0
19997 4481 4597 0
19998 4473 4591 0
19999 4062 4206 0
20000 4063 4207 0
20001 3735 3859 0
20002 3730 3860 0
20003 4604 4498 0
20004 4602 4499 0
20005 4248 4372 0
20006 4249 4366 0
20007 4428 4319 0
20008 4425 4311 0
20009 4530 4412 0
20010 4522 4413 0
20011 4258 4371 0
20012 3578 3580 0
20013 3580 3355 0
20014 3354 3355 0
20015 3581 3580 0
20016 3581 3347 0
20017 3355 3347 0
20018 4118 3992 0
20019 4328 4220 0
20020 4596 4480 0
20021 3617 3405 0
20022 3617 3601 0
20023 3390 3405 0
20024 3940 4025 0
20025 848 863 0
20026 863 872 0
20027 872 866 0
20028 866 732 0
20029 732 731 0
20030 848 731 0
20031 664 841 0
20032 841 842 0
20033 842 702 0
20034 702 696 0
20035 696 674 0
20036 664 674 0
20037 153 243 0
20038 243 244 0
20039 244 150 0
20040 153 150 0
20041 384 529 0
20042 529 530 0
20043 530 376 0
20044 384 376 0
20045 1143 1351 0
20046 1351 1314 0
20047 1314 1134 0
20048 1143 1134 0
20049 624 827 0
20050 827 840 0
20051 840 625 0
20052 624 625 0
20053 911 1112 0
20054 1112 1113 0
20055 1113 912 0
20056 911 912 0
20057 355 484 0
20058 484 485 0
20059 485 356 0
20060 355 356 0
20061 195 353 0
20062 353 354 0
20063 354 323 0
20064 323 190 0
20065 195 190 0
20066 1543 1544 0
20067 1544 1377 0
20068 1381 1377 0
20069 7107 7310 0
20070 7310 7297 0
20071 7297 7102 0
20072 7107 7102 0
20073 1400 1515 0
20074 1515 1516 0
20075 1516 1401 0
20076 1400 1401 0
20077 449 576 0
20078 576 577 0
20079 577 450 0
20080 449 450 0
20081 1648 1762 0
20082 1762 1775 0
20083 1775 1776 0
20084 1776 1645 0
20085 1648 1645 0
20086 1414 1536 0
20087 1536 1537 0
20088 1537 1446 0
20089 1446 1409 0
20090 1414 1409 0
20091 3911 4147 0
20092 4147 4149 0
20093 4149 3912 0
20094 3911 3912 0
20095 556 739 0
20096 739 606 0
20097 606 547 0
20098 556 547 0
20099 986 1133 0
20100 1134 1133 0
20101 1134 987 0
20102 986 987 0
20103 7136 7331 0
20104 7331 7324 0
20105 7324 7123 0
20106 7136 7123 0
20107 7146 7329 0
20108 7329 7330 0
20109 7330 7135 0
20110 7146 7135 0
20111 970 1123 0
20112 1123 1125 0
20113 1125 971 0
20114 970 971 0
20115 1428 1538 0
20116 1538 1533 0
20117 1533 1422 0
20118 1428 1422 0
20119 7324 7325 0
20120 7325 7124 0
20121 7123 7124 0
20122 576 710 0
20123 710 711 0
20124 577 711 0
20125 1337 1364 0
20126 1364 1354 0
20127 1354 1148 0
20128 1148 1239 0
20129 1239 1316 0
20130 1337 1316 0
20131 1384 1472 0
20132 1472 1473 0
20133 1473 1336 0
20134 1384 1336 0
20135 788 919 0
20136 919 920 0
20137 920 783 0
20138 788 783 0
20139 4195 4441 0
20140 4441 4442 0
20141 4442 4182 0
20142 4195 4182 0
20143 1362 1494 0
20144 1494 1495 0
20145 1495 1372 0
20146 1362 1372 0
20147 449 302 0
20148 449 445 0
20149 445 303 0
20150 302 303 0
20151 1364 1484 0
20152 1484 1485 0
20153 1354 1485 0
20154 1536 1631 0
20155 1631 1626 0
20156 1537 1626 0
20157 1400 1304 0
20158 1401 1305 0
20159 1304 1305 0
20160 1511 1561 0
20161 1561 1562 0
20162 1562 1512 0
20163 1511 1512 0
20164 1509 1578 0
20165 1578 1579 0
20166 1579 1504 0
20167 1509 1504 0
20168 1071 1189 0
20169 1189 1178 0
20170 1178 1062 0
20171 1071 1062 0
20172 1494 1569 0
20173 1569 1570 0
20174 1495 1570 0
20175 2664 2557 0
20176 2659 2544 0
20177 2557 2544 0
20178 2350 2182 0
20179 2351 2350 0
20180 2351 2183 0
20181 2182 2183 0
20182 2304 2114 0
20183 2299 2115 0
20184 2114 2115 0
20185 2318 2157 0
20186 2319 2158 0
20187 2157 2158 0
20188 4552 4693 0
20189 4693 4694 0
20190 4553 4694 0
20191 4553 4552 0
20192 2808 3009 0
20193 3009 3010 0
20194 3010 2809 0
20195 2808 2809 0
20196 2918 3054 0
20197 3054 3055 0
20198 2910 3055 0
20199 4437 4586 0
20200 4586 4587 0
20201 4587 4438 0
20202 4437 4438 0
20203 2416 2570 0
20204 2571 2401 0
20205 2416 2401 0
20206 2726 2901 0
20207 2901 2890 0
20208 2890 2727 0
20209 2726 2727 0
20210 3015 3209 0
20211 3209 3199 0
20212 3199 3003 0
20213 3015 3003 0
20214 4637 4553 0
20215 4638 4545 0
20216 4652 4564 0
20217 4653 4551 0
20218 4564 4551 0
20219 1836 2074 0
20220 2074 2075 0
20221 2075 1825 0
20222 1836 1825 0
20223 3542 3693 0
20224 3693 3694 0
20225 3694 3539 0
20226 3542 3539 0
20227 2676 2860 0
20228 2672 2849 0
20229 2595 2465 0
20230 2590 2466 0
20231 4669 4866 0
20232 4866 4867 0
20233 4867 4671 0
20234 4669 4671 0
20235 4110 4259 0
20236 4259 4260 0
20237 4260 4111 0
20238 4110 4111 0
20239 4438 4564 0
20240 4551 4439 0
20241 4438 4439 0
20242 1942 2093 0
20243 2074 2093 0
20244 2074 1943 0
20245 1942 1943 0
20246 894 1080 0
20247 1080 1081 0
20248 1081 1043 0
20249 1043 895 0
20250 894 895 0
20251 687 789 0
20252 789 807 0
20253 807 808 0
20254 808 682 0
20255 687 682 0
20256 243 357 0
20257 357 349 0
20258 244 349 0
20259 1080 1246 0
20260 1246 1240 0
20261 1240 1213 0
20262 1213 1179 0
20263 1179 1115 0
20264 1115 1095 0
20265 1080 1095 0
20266 179 389 0
20267 389 386 0
20268 386 324 0
20269 324 276 0
20270 179 276 0
20271 1385 1508 0
20272 1508 1503 0
20273 1503 1379 0
20274 1385 1379 0
20275 687 559 0
20276 682 560 0
20277 559 560 0
20278 532 599 0
20279 599 612 0
20280 612 569 0
20281 569 415 0
20282 532 415 0
20283 1089 1212 0
20284 1212 1231 0
20285 1148 1231 0
20286 1148 1080 0
20287 1080 1089 0
20288 370 446 0
20289 532 446 0
20290 415 336 0
20291 336 346 0
20292 370 346 0
20293 152 267 0
20294 267 260 0
20295 260 149 0
20296 152 149 0
20297 899 1094 0
20298 1094 1088 0
20299 1088 900 0
20300 899 900 0
20301 182 289 0
20302 289 290 0
20303 290 183 0
20304 182 183 0
20305 1088 1090 0
20306 1090 893 0
20307 900 893 0
20308 267 413 0
20309 413 414 0
20310 260 414 0
20311 2075 2058 0
20312 2058 1826 0
20313 1825 1826 0
20314 3275 3270 0
20315 3026 3270 0
20316 3025 3026 0
20317 4586 4735 0
20318 4735 4724 0
20319 4587 4724 0
20320 4451 4573 0
20321 4573 4574 0
20322 4574 4452 0
20323 4451 4452 0
20324 3008 3009 0
20325 2807 2808 0
20326 3010 2995 0
20327 2995 2810 0
20328 2809 2810 0
20329 2935 3036 0
20330 2936 3037 0
20331 1942 1835 0
20332 1836 1943 0
20333 1836 1835 0
20334 1826 2059 0
20335 2060 2059 0
20336 1827 1826 0
20337 4352 4451 0
20338 4353 4452 0
20339 3312 3540 0
20340 3540 3541 0
20341 3541 3317 0
20342 3312 3317 0
20343 2923 3013 0
20344 3013 2999 0
20345 2999 2924 0
20346 2923 2924 0
20347 3664 3793 0
20348 3793 3783 0
20349 3783 3657 0
20350 3664 3657 0
20351 2824 3016 0
20352 3017 3016 0
20353 2825 2824 0
20354 923 1119 0
20355 1119 1120 0
20356 1120 910 0
20357 923 910 0
20358 1338 1496 0
20359 1496 1486 0
20360 1486 1339 0
20361 1338 1339 0
20362 337 524 0
20363 524 452 0
20364 452 326 0
20365 337 326 0
20366 1213 1338 0
20367 1338 1331 0
20368 1331 1159 0
20369 1159 1180 0
20370 1213 1180 0
20371 746 857 0
20372 857 850 0
20373 850 688 0
20374 688 725 0
20375 746 725 0
20376 1094 1158 0
20377 1158 1248 0
20378 1248 1217 0
20379 1089 1217 0
20380 1089 1094 0
20381 554 598 0
20382 598 647 0
20383 647 563 0
20384 563 487 0
20385 554 487 0
20386 949 1292 0
20387 1292 1276 0
20388 1276 936 0
20389 949 936 0
20390 913 1114 0
20391 1114 1108 0
20392 1108 904 0
20393 913 904 0
20394 1563 1715 0
20395 1715 1723 0
20396 1723 1724 0
20397 1724 1564 0
20398 1563 1564 0
20399 181 74 0
20400 73 74 0
20401 1108 1110 0
20402 1110 898 0
20403 904 898 0
20404 341 481 0
20405 481 471 0
20406 471 334 0
20407 341 334 0
20408 1569 1730 0
20409 1730 1731 0
20410 1731 1710 0
20411 1570 1710 0
20412 481 590 0
20413 590 583 0
20414 583 558 0
20415 471 558 0
20416 6985 7152 0
20417 7152 7153 0
20418 7153 7170 0
20419 7170 6972 0
20420 6985 6972 0
20421 342 482 0
20422 482 472 0
20423 384 472 0
20424 384 383 0
20425 383 343 0
20426 342 343 0
20427 1496 1577 0
20428 1577 1571 0
20429 1486 1571 0
20430 1246 1385 0
20431 1240 1379 0
20432 4170 4431 0
20433 4431 4426 0
20434 4426 4172 0
20435 4170 4172 0
20436 167 377 0
20437 377 352 0
20438 352 335 0
20439 335 160 0
20440 167 160 0
20441 395 618 0
20442 618 611 0
20443 611 435 0
20444 435 396 0
20445 395 396 0
20446 341 221 0
20447 334 230 0
20448 221 230 0
20449 1197 1322 0
20450 1322 1323 0
20451 1323 1198 0
20452 1197 1198 0
20453 1241 1373 0
20454 1373 1374 0
20455 1374 1235 0
20456 1241 1235 0
20457 603 830 0
20458 830 831 0
20459 831 790 0
20460 790 665 0
20461 665 604 0
20462 603 604 0
20463 672 868 0
20464 868 864 0
20465 864 673 0
20466 672 673 0
20467 866 680 0
20468 866 867 0
20469 867 681 0
20470 680 681 0
20471 1547 1681 0
20472 1681 1682 0
20473 1543 1682 0
20474 401 626 0
20475 626 617 0
20476 617 402 0
20477 401 402 0
20478 663 845 0
20479 841 845 0
20480 664 663 0
20481 618 617 0
20482 395 402 0
20483 1567 1658 0
20484 1658 1659 0
20485 1659 1560 0
20486 1567 1560 0
20487 3918 4158 0
20488 4158 4160 0
20489 4160 3919 0
20490 3918 3919 0
20491 423 635 0
20492 624 635 0
20493 624 424 0
20494 423 424 0
20495 868 867 0
20496 672 681 0
20497 116 305 0
20498 305 296 0
20499 296 117 0
20500 116 117 0
20501 127 313 0
20502 313 314 0
20503 314 119 0
20504 127 119 0
20505 971 1074 0
20506 1074 1070 0
20507 1070 988 0
20508 988 958 0
20509 971 958 0
20510 625 412 0
20511 625 626 0
20512 401 412 0
20513 314 304 0
20514 304 120 0
20515 119 120 0
20516 302 177 0
20517 303 178 0
20518 177 178 0
20519 840 828 0
20520 626 828 0
20521 277 403 0
20522 403 404 0
20523 404 268 0
20524 277 268 0
20525 1509 1373 0
20526 1504 1374 0
20527 1197 1091 0
20528 1198 1065 0
20529 1065 1073 0
20530 1091 1073 0
20531 531 662 0
20532 662 707 0
20533 707 570 0
20534 531 570 0
20535 499 597 0
20536 597 592 0
20537 485 592 0
20538 485 499 0
20539 662 883 0
20540 883 871 0
20541 871 854 0
20542 854 724 0
20543 707 724 0
20544 1189 1298 0
20545 1298 1299 0
20546 1178 1299 0
20547 1511 1394 0
20548 1512 1395 0
20549 1394 1395 0
20550 7191 7393 0
20551 7393 7381 0
20552 7381 7180 0
20553 7191 7180 0
20554 1241 1100 0
20555 1235 1101 0
20556 1100 1101 0
20557 7145 7339 0
20558 7329 7339 0
20559 7146 7145 0
20560 531 362 0
20561 570 496 0
20562 496 460 0
20563 362 460 0
20564 591 720 0
20565 720 721 0
20566 721 585 0
20567 591 585 0
20568 6490 6678 0
20569 6678 6667 0
20570 6667 6481 0
20571 6490 6481 0
20572 3931 4196 0
20573 4196 4183 0
20574 4183 3932 0
20575 3931 3932 0
20576 6471 6664 0
20577 6664 6665 0
20578 6665 6472 0
20579 6471 6472 0
20580 1484 1563 0
20581 1485 1564 0
20582 1578 1696 0
20583 1696 1690 0
20584 1579 1690 0
20585 681 483 0
20586 672 463 0
20587 463 462 0
20588 462 497 0
20589 497 504 0
20590 483 504 0
20591 1298 1394 0
20592 1299 1395 0
20593 1472 1553 0
20594 1553 1554 0
20595 1473 1554 0
20596 4194 4440 0
20597 4441 4440 0
20598 4195 4194 0
20599 6462 6646 0
20600 6646 6647 0
20601 6647 6463 0
20602 6462 6463 0
20603 1362 1158 0
20604 1362 1363 0
20605 1363 1260 0
20606 1158 1260 0
20607 416 621 0
20608 621 614 0
20609 614 417 0
20610 416 417 0
20611 2194 2327 0
20612 2327 2328 0
20613 2328 2195 0
20614 2194 2195 0
20615 3626 3744 0
20616 3744 3745 0
20617 3745 3618 0
20618 3626 3618 0
20619 2585 2460 0
20620 2586 2461 0
20621 2460 2461 0
20622 4383 4260 0
20623 3038 3226 0
20624 3216 3226 0
20625 3027 3038 0
20626 3014 3195 0
20627 3195 3196 0
20628 2999 3196 0
20629 2999 3014 0
20630 4573 4670 0
20631 4670 4651 0
20632 4574 4651 0
20633 3998 3906 0
20634 3998 3993 0
20635 3993 3907 0
20636 3906 3907 0
20637 3285 3502 0
20638 3502 3503 0
20639 3503 3286 0
20640 3285 3286 0
20641 2573 2665 0
20642 2660 2574 0
20643 2573 2574 0
20644 4332 4333 0
20645 4333 4197 0
20646 4209 4197 0
20647 3518 3649 0
20648 3649 3643 0
20649 3503 3643 0
20650 3503 3518 0
20651 3071 3254 0
20652 3254 3255 0
20653 3255 3061 0
20654 3071 3061 0
20655 3494 3626 0
20656 3495 3618 0
20657 4301 4302 0
20658 4302 4180 0
20659 4179 4180 0
20660 2097 1948 0
20661 2098 2097 0
20662 2098 1949 0
20663 3736 3869 0
20664 2573 2453 0
20665 2574 2454 0
20666 2453 2454 0
20667 2981 3098 0
20668 3098 3093 0
20669 3093 2982 0
20670 2981 2982 0
20671 3097 3239 0
20672 3239 3232 0
20673 3092 3232 0
20674 4332 4438 0
20675 4439 4333 0
20676 2285 2124 0
20677 2279 2113 0
20678 4235 4227 0
20679 4081 4227 0
20680 2477 2611 0
20681 2611 2605 0
20682 2478 2605 0
20683 2639 2538 0
20684 2539 2538 0
20685 355 231 0
20686 356 224 0
20687 231 224 0
20688 4149 4150 0
20689 4150 3913 0
20690 3912 3913 0
20691 673 464 0
20692 463 464 0
20693 269 397 0
20694 397 398 0
20695 398 262 0
20696 269 262 0
20697 1082 1149 0
20698 1331 1149 0
20699 1331 1075 0
20700 1082 1075 0
20701 559 413 0
20702 560 414 0
20703 2545 2712 0
20704 2699 2712 0
20705 2699 2592 0
20706 2592 2546 0
20707 2545 2546 0
20708 3519 3295 0
20709 3296 3295 0
20710 2712 2925 0
20711 2912 2925 0
20712 3692 3679 0
20713 3402 3387 0
20714 3412 3118 0
20715 3413 3119 0
20716 3118 3119 0
20717 2861 3000 0
20718 3002 3000 0
20719 2861 2862 0
20720 2309 2506 0
20721 2310 2488 0
20722 3458 3167 0
20723 3458 3438 0
20724 3168 3167 0
20725 3690 3691 0
20726 3399 3401 0
20727 3388 3403 0
20728 3102 3111 0
20729 3421 3713 0
20730 3698 3713 0
20731 3412 3421 0
20732 1915 1771 0
20733 1916 1764 0
20734 1764 1771 0
20735 2934 3081 0
20736 2929 3082 0
20737 2931 3070 0
20738 3070 3072 0
20739 2927 3072 0
20740 3179 3457 0
20741 3458 3457 0
20742 3167 3179 0
20743 3120 3119 0
20744 3510 3350 0
20745 3292 3193 0
20746 3350 3234 0
20747 3463 3464 0
20748 3184 3185 0
20749 3450 3465 0
20750 3173 3171 0
20751 4351 4523 0
20752 4523 4510 0
20753 4352 4510 0
20754 3132 3421 0
20755 3132 3118 0
20756 2837 3051 0
20757 3051 3042 0
20758 3042 2838 0
20759 2837 2838 0
20760 3455 3457 0
20761 3178 3179 0
20762 2484 2363 0
20763 2480 2357 0
20764 2363 2357 0
20765 2193 2339 0
20766 2327 2339 0
20767 1739 1828 0
20768 1828 1829 0
20769 1732 1829 0
20770 1732 1739 0
20771 2012 2194 0
20772 2006 2195 0
20773 3255 3243 0
20774 3243 3062 0
20775 3061 3062 0
20776 3539 3664 0
20777 3541 3657 0
20778 3539 3541 0
20779 4111 3993 0
20780 4137 4008 0
20781 4138 4009 0
20782 4008 4009 0
20783 2998 3112 0
20784 3112 3104 0
20785 2989 3104 0
20786 2989 2998 0
20787 289 319 0
20788 319 488 0
20789 488 364 0
20790 364 328 0
20791 328 327 0
20792 327 285 0
20793 289 285 0
20794 647 754 0
20795 754 695 0
20796 695 643 0
20797 563 643 0
20798 389 554 0
20799 554 486 0
20800 386 486 0
20801 808 598 0
20802 808 795 0
20803 795 763 0
20804 647 763 0
20805 689 832 0
20806 832 822 0
20807 822 666 0
20808 689 666 0
20809 2208 2446 0
20810 2447 2446 0
20811 2190 2208 0
20812 2930 3069 0
20813 2563 2812 0
20814 2812 2802 0
20815 2553 2802 0
20816 2553 2563 0
20817 3572 3821 0
20818 3821 3822 0
20819 3822 3560 0
20820 3572 3560 0
20821 2169 2429 0
20822 2429 2430 0
20823 2430 2170 0
20824 2169 2170 0
20825 2094 2374 0
20826 2374 2375 0
20827 2375 2095 0
20828 2094 2095 0
20829 3612 3652 0
20830 3652 3831 0
20831 3831 3832 0
20832 3832 3570 0
20833 3570 3586 0
20834 3612 3586 0
20835 2459 2446 0
20836 2207 2208 0
20837 2430 2411 0
20838 2411 2171 0
20839 2170 2171 0
20840 590 782 0
20841 782 679 0
20842 583 679 0
20843 129 309 0
20844 309 310 0
20845 310 124 0
20846 129 124 0
20847 4184 4430 0
20848 4431 4430 0
20849 4170 4184 0
20850 482 553 0
20851 553 584 0
20852 584 581 0
20853 472 581 0
20854 3950 4201 0
20855 4201 4203 0
20856 4203 3951 0
20857 3950 3951 0
20858 4219 4465 0
20859 4465 4454 0
20860 4454 4202 0
20861 4219 4202 0
20862 680 410 0
20863 483 461 0
20864 461 411 0
20865 410 411 0
20866 410 151 0
20867 411 385 0
20868 385 345 0
20869 345 147 0
20870 151 147 0
20871 618 819 0
20872 819 820 0
20873 820 806 0
20874 611 806 0
20875 1100 821 0
20876 1101 1076 0
20877 1076 1063 0
20878 1063 1015 0
20879 1015 974 0
20880 821 974 0
20881 639 814 0
20882 814 836 0
20883 836 837 0
20884 837 633 0
20885 639 633 0
20886 639 451 0
20887 633 430 0
20888 430 429 0
20889 451 429 0
20890 3452 3437 0
20891 3437 3811 0
20892 3811 3797 0
20893 3797 3553 0
20894 3546 3553 0
20895 3546 3133 0
20896 3133 3163 0
20897 4159 4427 0
20898 4427 4423 0
20899 4423 4161 0
20900 4159 4161 0
20901 1508 1575 0
20902 1577 1575 0
20903 1503 1577 0
20904 1557 1814 0
20905 1805 1814 0
20906 1558 1557 0
20907 947 934 0
20908 934 730 0
20909 730 729 0
20910 947 729 0
20911 4162 4416 0
20912 4416 4408 0
20913 4408 4163 0
20914 4162 4163 0
20915 4194 3939 0
20916 4196 4194 0
20917 3931 3939 0
20918 934 935 0
20919 935 723 0
20920 730 723 0
20921 1206 1352 0
20922 1352 1347 0
20923 1347 1199 0
20924 1206 1199 0
20925 1314 1315 0
20926 1315 1324 0
20927 1324 1124 0
20928 1134 1124 0
20929 828 829 0
20930 617 829 0
20931 819 829 0
20932 635 839 0
20933 827 839 0
20934 269 162 0
20935 262 157 0
20936 162 157 0
20937 831 832 0
20938 689 683 0
20939 790 683 0
20940 151 58 0
20941 151 146 0
20942 146 59 0
20943 58 59 0
20944 4147 4160 0
20945 3911 3919 0
20946 591 464 0
20947 585 498 0
20948 498 465 0
20949 464 465 0
20950 1776 1658 0
20951 1776 1772 0
20952 1659 1772 0
20953 1561 1660 0
20954 1660 1655 0
20955 1562 1655 0
20956 4150 4142 0
20957 4142 3902 0
20958 3913 3902 0
20959 277 168 0
20960 268 161 0
20961 168 161 0
20962 597 718 0
20963 718 719 0
20964 592 719 0
20965 342 223 0
20966 343 211 0
20967 223 211 0
20968 222 210 0
20969 210 115 0
20970 115 114 0
20971 222 114 0
20972 1134 1123 0
20973 987 970 0
20974 534 582 0
20975 582 726 0
20976 726 548 0
20977 534 548 0
20978 1515 1567 0
20979 1516 1560 0
20980 2545 1733 0
20981 2592 2593 0
20982 1721 2593 0
20983 1721 1733 0
20984 3573 3459 0
20985 3525 3573 0
20986 3513 3639 0
20987 3689 3639 0
20988 3638 3729 0
20989 3729 3713 0
20990 3616 3713 0
20991 3661 3616 0
20992 3670 3547 0
20993 3419 3547 0
20994 3491 3421 0
20995 3386 3421 0
20996 3398 3364 0
20997 3363 3364 0
20998 3205 3433 0
20999 3250 3131 0
21000 3144 3131 0
21001 3144 3260 0
21002 3213 3260 0
21003 3214 3444 0
21004 3374 3442 0
21005 3442 3459 0
21006 3098 3215 0
21007 3229 3215 0
21008 3229 3093 0
21009 2363 2235 0
21010 2357 2236 0
21011 2235 2236 0
21012 1960 1801 0
21013 1960 1955 0
21014 1802 1801 0
21015 2279 2376 0
21016 2376 2377 0
21017 2280 2377 0
21018 2327 2453 0
21019 2328 2454 0
21020 1994 1885 0
21021 1995 1876 0
21022 1885 1876 0
21023 1899 2021 0
21024 2021 2022 0
21025 2022 1901 0
21026 1899 1901 0
21027 2416 2298 0
21028 2401 2290 0
21029 2298 2290 0
21030 2628 2788 0
21031 2788 2771 0
21032 2771 2629 0
21033 2628 2629 0
21034 3070 3253 0
21035 3254 3253 0
21036 3071 3070 0
21037 3012 3194 0
21038 3195 3194 0
21039 3014 3012 0
21040 3543 3540 0
21041 3311 3312 0
21042 2773 2881 0
21043 2755 2882 0
21044 3112 3238 0
21045 3239 3238 0
21046 3239 3104 0
21047 4209 4048 0
21048 4197 4049 0
21049 4048 4049 0
21050 2432 2557 0
21051 2416 2544 0
21052 2235 2064 0
21053 2236 2051 0
21054 2064 2051 0
21055 2628 2530 0
21056 2532 2629 0
21057 2532 2530 0
21058 1978 2157 0
21059 2158 1980 0
21060 1978 1980 0
21061 1760 1837 0
21062 1837 1838 0
21063 1738 1838 0
21064 1738 1760 0
21065 2847 2698 0
21066 2848 2683 0
21067 2683 2698 0
21068 2158 2298 0
21069 2290 2146 0
21070 2158 2146 0
21071 2981 2899 0
21072 2982 2900 0
21073 2899 2900 0
21074 2726 2612 0
21075 2727 2607 0
21076 2612 2607 0
21077 2146 1968 0
21078 1980 1968 0
21079 3015 2925 0
21080 3015 3004 0
21081 2912 3004 0
21082 1837 1950 0
21083 1950 1951 0
21084 1838 1951 0
21085 2101 1950 0
21086 2078 1951 0
21087 1232 1700 0
21088 1700 1712 0
21089 1696 1712 0
21090 1696 1219 0
21091 1232 1219 0
21092 845 1049 0
21093 1049 1040 0
21094 821 1040 0
21095 845 821 0
21096 1198 816 0
21097 1198 1206 0
21098 1206 1066 0
21099 1066 939 0
21100 939 925 0
21101 925 802 0
21102 816 802 0
21103 42 315 0
21104 315 329 0
21105 329 102 0
21106 102 101 0
21107 101 43 0
21108 42 43 0
21109 212 347 0
21110 326 347 0
21111 326 203 0
21112 212 203 0
21113 1386 1680 0
21114 1681 1680 0
21115 1380 1681 0
21116 1380 1386 0
21117 1045 1218 0
21118 1219 1218 0
21119 1219 1040 0
21120 1040 1045 0
21121 1232 1049 0
21122 1232 1226 0
21123 1226 1050 0
21124 1049 1050 0
21125 842 830 0
21126 830 644 0
21127 644 715 0
21128 715 714 0
21129 714 675 0
21130 702 675 0
21131 244 121 0
21132 244 213 0
21133 213 118 0
21134 121 118 0
21135 4523 4668 0
21136 4670 4668 0
21137 4670 4510 0
21138 1909 2034 0
21139 2021 2034 0
21140 1909 1899 0
21141 4392 4552 0
21142 2181 2427 0
21143 2427 2428 0
21144 2428 2168 0
21145 2181 2168 0
21146 3561 3810 0
21147 3811 3810 0
21148 3811 3562 0
21149 3561 3562 0
21150 2415 2399 0
21151 2399 2145 0
21152 2144 2145 0
21153 2440 2427 0
21154 2180 2181 0
21155 2412 2411 0
21156 2155 2171 0
21157 2142 2130 0
21158 2130 1875 0
21159 1874 1875 0
21160 3019 3007 0
21161 2814 2815 0
21162 2839 3043 0
21163 3044 3043 0
21164 2831 2839 0
21165 1853 2108 0
21166 2109 2108 0
21167 1845 1853 0
21168 2768 2769 0
21169 2769 2512 0
21170 2529 2512 0
21171 2769 2770 0
21172 2770 2513 0
21173 2512 2513 0
21174 2919 3022 0
21175 3023 3022 0
21176 2920 3023 0
21177 3822 3810 0
21178 3560 3561 0
21179 3832 3820 0
21180 3820 3571 0
21181 3570 3571 0
21182 2804 2805 0
21183 2805 2555 0
21184 2554 2555 0
21185 3821 3820 0
21186 3572 3571 0
21187 3050 3051 0
21188 2846 2837 0
21189 2859 3056 0
21190 3049 3056 0
21191 2845 2859 0
21192 2390 2380 0
21193 2380 2123 0
21194 2122 2123 0
21195 2996 2995 0
21196 2798 2810 0
21197 2040 2031 0
21198 2031 1809 0
21199 1808 1809 0
21200 1863 2119 0
21201 2119 2120 0
21202 2120 1851 0
21203 1863 1851 0
21204 2132 2119 0
21205 1862 1863 0
21206 2381 2380 0
21207 2111 2123 0
21208 2788 2899 0
21209 2771 2900 0
21210 3517 3502 0
21211 3284 3285 0
21212 2816 2656 0
21213 2817 2657 0
21214 2255 2368 0
21215 2368 2362 0
21216 2245 2362 0
21217 2869 2954 0
21218 2954 2955 0
21219 2870 2955 0
21220 1885 1777 0
21221 1778 1876 0
21222 1778 1777 0
21223 2368 2490 0
21224 2490 2491 0
21225 2362 2491 0
21226 1828 1936 0
21227 1930 1936 0
21228 1930 1829 0
21229 348 601 0
21230 601 602 0
21231 602 564 0
21232 564 350 0
21233 348 350 0
21234 488 539 0
21235 539 545 0
21236 545 555 0
21237 555 425 0
21238 329 425 0
21239 328 329 0
21240 2811 2812 0
21241 2562 2563 0
21242 2131 2130 0
21243 1861 1875 0
21244 3798 3797 0
21245 3545 3553 0
21246 3042 3043 0
21247 2838 2839 0
21248 2772 2889 0
21249 2786 2787 0
21250 2526 2527 0
21251 3372 3127 0
21252 3360 3247 0
21253 3247 3228 0
21254 3152 3127 0
21255 2399 2400 0
21256 2400 2133 0
21257 2145 2133 0
21258 2858 3055 0
21259 3055 3056 0
21260 2858 2859 0
21261 739 823 0
21262 823 815 0
21263 815 653 0
21264 653 649 0
21265 649 613 0
21266 739 613 0
21267 4442 4430 0
21268 4182 4184 0
21269 4426 4427 0
21270 4172 4159 0
21271 1813 1556 0
21272 1813 1814 0
21273 1556 1557 0
21274 1330 1346 0
21275 1384 1346 0
21276 1125 1336 0
21277 1125 1124 0
21278 1124 1330 0
21279 584 671 0
21280 671 768 0
21281 581 768 0
21282 718 826 0
21283 826 849 0
21284 849 855 0
21285 719 855 0
21286 6170 6379 0
21287 6379 6373 0
21288 6373 6159 0
21289 6170 6159 0
21290 4170 3924 0
21291 4170 4171 0
21292 4171 3925 0
21293 3924 3925 0
21294 4203 4193 0
21295 4193 3938 0
21296 3951 3938 0
21297 4423 4424 0
21298 4424 4148 0
21299 4161 4148 0
21300 3902 4125 0
21301 4125 4126 0
21302 4126 3903 0
21303 3902 3903 0
21304 976 1046 0
21305 1046 1064 0
21306 1065 1064 0
21307 1065 816 0
21308 816 976 0
21309 856 886 0
21310 886 959 0
21311 959 873 0
21312 857 873 0
21313 746 856 0
21314 4312 4839 0
21315 4839 4840 0
21316 4302 4840 0
21317 4312 4302 0
21318 1939 2342 0
21319 2335 2342 0
21320 1933 1939 0
21321 6228 6437 0
21322 6437 6438 0
21323 6438 6220 0
21324 6228 6220 0
21325 69 221 0
21326 221 222 0
21327 114 70 0
21328 69 70 0
21329 998 1141 0
21330 1141 1142 0
21331 1142 993 0
21332 998 993 0
21333 4158 4171 0
21334 3918 3925 0
21335 310 311 0
21336 311 125 0
21337 124 125 0
21338 768 646 0
21339 788 768 0
21340 783 642 0
21341 646 642 0
21342 362 166 0
21343 460 393 0
21344 377 393 0
21345 167 166 0
21346 4424 4186 0
21347 4424 4420 0
21348 4420 4188 0
21349 4186 4188 0
21350 1080 1090 0
21351 894 893 0
21352 311 312 0
21353 312 126 0
21354 125 126 0
21355 634 838 0
21356 839 838 0
21357 635 634 0
21358 634 422 0
21359 423 422 0
21360 654 809 0
21361 809 810 0
21362 726 810 0
21363 726 593 0
21364 593 620 0
21365 654 620 0
21366 881 943 0
21367 943 967 0
21368 967 968 0
21369 968 944 0
21370 944 882 0
21371 882 859 0
21372 859 853 0
21373 881 853 0
21374 1133 1142 0
21375 986 993 0
21376 1112 1120 0
21377 911 910 0
21378 1062 949 0
21379 949 948 0
21380 948 972 0
21381 1071 972 0
21382 556 403 0
21383 556 540 0
21384 540 466 0
21385 404 466 0
21386 7115 7318 0
21387 7310 7318 0
21388 7107 7115 0
21389 1660 1753 0
21390 1753 1766 0
21391 1766 1767 0
21392 1655 1767 0
21393 45 71 0
21394 71 72 0
21395 72 52 0
21396 52 49 0
21397 45 49 0
21398 864 720 0
21399 864 860 0
21400 721 860 0
21401 1682 1670 0
21402 1544 1670 0
21403 1304 1196 0
21404 1305 1188 0
21405 1196 1188 0
21406 1428 1322 0
21407 1422 1323 0
21408 397 467 0
21409 467 517 0
21410 548 517 0
21411 398 548 0
21412 1631 1782 0
21413 1782 1783 0
21414 1783 1765 0
21415 1626 1765 0
21416 2489 2034 0
21417 2489 2483 0
21418 2467 2483 0
21419 2467 2461 0
21420 2461 2022 0
21421 2022 2034 0
21422 3648 4064 0
21423 4049 4064 0
21424 3643 4049 0
21425 3643 3648 0
21426 2668 2682 0
21427 2352 2355 0
21428 2883 2968 0
21429 2968 2969 0
21430 2876 2969 0
21431 3083 3207 0
21432 3220 3207 0
21433 3220 3084 0
21434 3083 3084 0
21435 2064 1936 0
21436 1930 2051 0
21437 3024 3016 0
21438 2823 2824 0
21439 1769 1981 0
21440 1968 1981 0
21441 1968 1770 0
21442 1769 1770 0
21443 2739 2618 0
21444 2740 2614 0
21445 1903 1891 0
21446 1891 1747 0
21447 1746 1747 0
21448 4345 4227 0
21449 2516 2376 0
21450 2517 2377 0
21451 4668 4850 0
21452 4866 4850 0
21453 4669 4668 0
21454 3960 3836 0
21455 3961 3827 0
21456 3836 3827 0
21457 2612 2490 0
21458 2607 2491 0
21459 4346 4437 0
21460 3715 3836 0
21461 3706 3827 0
21462 3653 3774 0
21463 3650 3767 0
21464 1892 1891 0
21465 1892 1748 0
21466 1747 1748 0
21467 2572 2462 0
21468 2453 2462 0
21469 3516 3648 0
21470 3649 3648 0
21471 3516 3518 0
21472 2968 3083 0
21473 2969 3084 0
21474 3072 2954 0
21475 3072 3062 0
21476 3062 2955 0
21477 1900 1901 0
21478 1901 1758 0
21479 1745 1758 0
21480 1969 2135 0
21481 1970 2136 0
21482 2687 2593 0
21483 4034 4180 0
21484 533 637 0
21485 637 640 0
21486 603 640 0
21487 604 565 0
21488 565 394 0
21489 394 436 0
21490 533 436 0
21491 349 338 0
21492 213 338 0
21493 179 99 0
21494 276 242 0
21495 242 232 0
21496 232 100 0
21497 99 100 0
21498 357 500 0
21499 500 501 0
21500 348 501 0
21501 357 348 0
21502 500 600 0
21503 601 600 0
21504 601 501 0
21505 822 823 0
21506 823 627 0
21507 627 605 0
21508 605 648 0
21509 666 648 0
21510 2556 2806 0
21511 2796 2806 0
21512 2542 2556 0
21513 2515 2752 0
21514 2753 2752 0
21515 2503 2515 0
21516 2784 2785 0
21517 2540 2541 0
21518 2805 2806 0
21519 2555 2556 0
21520 2366 2375 0
21521 2096 2366 0
21522 2096 2095 0
21523 2120 2121 0
21524 2121 1852 0
21525 1851 1852 0
21526 1970 2182 0
21527 1961 2183 0
21528 2998 2880 0
21529 2989 2875 0
21530 2880 2875 0
21531 2770 2751 0
21532 2751 2514 0
21533 2513 2514 0
21534 2752 2751 0
21535 2515 2514 0
21536 2373 2374 0
21537 2112 2094 0
21538 2607 2774 0
21539 2774 2775 0
21540 2775 2608 0
21541 2607 2608 0
21542 3199 3200 0
21543 3200 3045 0
21544 3045 3052 0
21545 3004 3052 0
21546 3003 3004 0
21547 2820 2821 0
21548 2568 2569 0
21549 4867 4868 0
21550 4651 4868 0
21551 4671 4651 0
21552 2389 2400 0
21553 2134 2133 0
21554 2032 2031 0
21555 1799 1809 0
21556 3906 3744 0
21557 3745 3907 0
21558 2429 2428 0
21559 2169 2168 0
21560 2923 2774 0
21561 2924 2775 0
21562 2607 2468 0
21563 2608 2469 0
21564 2468 2469 0
21565 3870 3693 0
21566 3861 3694 0
21567 4693 4844 0
21568 4845 4844 0
21569 4845 4694 0
21570 3467 3231 0
21571 3231 3258 0
21572 3257 3258 0
21573 1930 2114 0
21574 1931 2115 0
21575 1979 1981 0
21576 1768 1769 0
21577 2697 2880 0
21578 2698 2875 0
21579 2697 2698 0
21580 4735 4869 0
21581 4870 4869 0
21582 4870 4724 0
21583 2311 2468 0
21584 2312 2469 0
21585 2901 3011 0
21586 3013 3011 0
21587 2890 3013 0
21588 2108 2121 0
21589 1853 1852 0
21590 4082 3977 0
21591 4083 3978 0
21592 2348 2530 0
21593 2531 2530 0
21594 2349 2348 0
21595 2695 2611 0
21596 2696 2605 0
21597 4121 4264 0
21598 2339 2462 0
21599 3997 3914 0
21600 3000 3197 0
21601 3198 3197 0
21602 3001 3000 0
21603 4208 4064 0
21604 4048 4064 0
21605 2946 3052 0
21606 2941 3045 0
21607 3011 3208 0
21608 3194 3208 0
21609 3012 3011 0
21610 249 261 0
21611 261 325 0
21612 347 325 0
21613 347 97 0
21614 97 96 0
21615 249 96 0
21616 619 652 0
21617 714 652 0
21618 715 640 0
21619 533 561 0
21620 619 561 0
21621 350 561 0
21622 394 358 0
21623 350 358 0
21624 100 225 0
21625 225 233 0
21626 249 233 0
21627 100 96 0
21628 973 1072 0
21629 1075 1072 0
21630 1075 873 0
21631 873 973 0
21632 569 524 0
21633 336 337 0
21634 555 566 0
21635 605 566 0
21636 425 627 0
21637 153 92 0
21638 150 121 0
21639 121 90 0
21640 92 90 0
21641 1199 1060 0
21642 1066 1060 0
21643 633 634 0
21644 430 422 0
21645 3890 4114 0
21646 4114 4115 0
21647 4115 3880 0
21648 3890 3880 0
21649 837 838 0
21650 710 855 0
21651 855 844 0
21652 844 813 0
21653 711 813 0
21654 160 344 0
21655 344 369 0
21656 369 427 0
21657 427 428 0
21658 428 156 0
21659 160 156 0
21660 529 646 0
21661 530 642 0
21662 55 95 0
21663 95 93 0
21664 93 64 0
21665 64 56 0
21666 55 56 0
21667 305 304 0
21668 116 120 0
21669 148 363 0
21670 353 363 0
21671 353 142 0
21672 148 142 0
21673 313 312 0
21674 127 126 0
21675 424 412 0
21676 1074 1196 0
21677 1070 1188 0
21678 4218 4472 0
21679 4465 4472 0
21680 4219 4218 0
21681 1574 1763 0
21682 1763 1754 0
21683 1754 1568 0
21684 1574 1568 0
21685 945 782 0
21686 945 947 0
21687 679 729 0
21688 1226 1227 0
21689 1227 1044 0
21690 1050 1044 0
21691 1218 1227 0
21692 1045 1044 0
21693 1119 1368 0
21694 1368 1369 0
21695 1120 1369 0
21696 383 211 0
21697 376 383 0
21698 376 202 0
21699 211 202 0
21700 922 1278 0
21701 1278 1270 0
21702 923 1270 0
21703 923 922 0
21704 1538 1649 0
21705 1649 1679 0
21706 1680 1679 0
21707 1533 1680 0
21708 732 428 0
21709 427 457 0
21710 457 508 0
21711 508 516 0
21712 731 516 0
21713 3904 4127 0
21714 4114 4127 0
21715 3890 3904 0
21716 4420 4414 0
21717 4414 4175 0
21718 4188 4175 0
21719 821 975 0
21720 975 924 0
21721 924 938 0
21722 976 938 0
21723 821 816 0
21724 937 1277 0
21725 1278 1277 0
21726 922 937 0
21727 1577 1719 0
21728 1719 1720 0
21729 1571 1720 0
21730 1276 1277 0
21731 936 937 0
21732 817 985 0
21733 969 985 0
21734 1584 1812 0
21735 1819 1812 0
21736 1819 1585 0
21737 1584 1585 0
21738 4184 3933 0
21739 4184 4185 0
21740 4185 3923 0
21741 3933 3923 0
21742 7181 7382 0
21743 7382 7383 0
21744 7383 7183 0
21745 7181 7183 0
21746 7092 7222 0
21747 7222 7224 0
21748 7224 7082 0
21749 7092 7082 0
21750 7223 7410 0
21751 7410 7411 0
21752 7411 7225 0
21753 7223 7225 0
21754 175 76 0
21755 77 76 0
21756 7092 6970 0
21757 7082 6971 0
21758 6970 6971 0
21759 6655 6795 0
21760 6795 6796 0
21761 6796 6656 0
21762 6655 6656 0
21763 7125 7309 0
21764 7309 7316 0
21765 7316 7111 0
21766 7125 7111 0
21767 6190 6344 0
21768 6344 6346 0
21769 6346 6191 0
21770 6190 6191 0
21771 7316 7317 0
21772 7317 7113 0
21773 7111 7113 0
21774 4150 4174 0
21775 4142 4174 0
21776 6785 6984 0
21777 6984 6838 0
21778 6785 6838 0
21779 1576 1725 0
21780 1719 1725 0
21781 1577 1576 0
21782 4454 4455 0
21783 4203 4455 0
21784 4203 4202 0
21785 194 288 0
21786 288 284 0
21787 284 189 0
21788 194 189 0
21789 6482 6606 0
21790 6606 6607 0
21791 6607 6473 0
21792 6482 6473 0
21793 6655 6531 0
21794 6656 6532 0
21795 6531 6532 0
21796 4219 3959 0
21797 4201 4219 0
21798 3950 3959 0
21799 6345 6464 0
21800 6464 6453 0
21801 6453 6338 0
21802 6345 6338 0
21803 194 128 0
21804 189 123 0
21805 128 123 0
21806 6213 6371 0
21807 6371 6362 0
21808 6362 6214 0
21809 6213 6214 0
21810 7192 7394 0
21811 7382 7394 0
21812 7181 7192 0
21813 6498 6626 0
21814 6626 6622 0
21815 6622 6499 0
21816 6498 6499 0
21817 6346 6338 0
21818 6338 6192 0
21819 6191 6192 0
21820 6569 6677 0
21821 6678 6677 0
21822 6678 6560 0
21823 6569 6560 0
21824 7317 7296 0
21825 7296 7114 0
21826 7113 7114 0
21827 6983 7090 0
21828 7090 7091 0
21829 7091 6969 0
21830 6983 6969 0
21831 6420 6541 0
21832 6541 6542 0
21833 6542 6410 0
21834 6420 6410 0
21835 6878 7025 0
21836 7025 7014 0
21837 7014 6870 0
21838 6878 6870 0
21839 6464 6590 0
21840 6590 6591 0
21841 6453 6591 0
21842 6664 6799 0
21843 6799 6800 0
21844 6665 6800 0
21845 7224 7212 0
21846 7212 7083 0
21847 7082 7083 0
21848 6871 7015 0
21849 7015 7003 0
21850 7003 6862 0
21851 6871 6862 0
21852 6437 6581 0
21853 6581 6568 0
21854 6438 6568 0
21855 6329 6445 0
21856 6445 6439 0
21857 6439 6320 0
21858 6329 6320 0
21859 6221 6304 0
21860 6304 6298 0
21861 6298 6222 0
21862 6221 6222 0
21863 6541 6676 0
21864 6664 6676 0
21865 6664 6542 0
21866 1292 1767 0
21867 1767 1763 0
21868 1754 1743 0
21869 1743 1361 0
21870 1368 1361 0
21871 1368 1270 0
21872 1292 1270 0
21873 1383 1798 0
21874 1782 1798 0
21875 1782 1371 0
21876 1383 1371 0
21877 1383 847 0
21878 1371 921 0
21879 921 909 0
21880 909 835 0
21881 847 835 0
21882 6828 6936 0
21883 6936 6923 0
21884 6923 6817 0
21885 6828 6817 0
21886 4194 4193 0
21887 3939 3938 0
21888 4193 4457 0
21889 4440 4457 0
21890 6825 6950 0
21891 6950 6934 0
21892 6934 6826 0
21893 6825 6826 0
21894 7076 7071 0
21895 7071 6949 0
21896 6949 6948 0
21897 7076 6948 0
21898 6569 6429 0
21899 6560 6430 0
21900 6429 6430 0
21901 6983 6850 0
21902 6969 6851 0
21903 6850 6851 0
21904 6935 7062 0
21905 7062 7063 0
21906 7063 6922 0
21907 6935 6922 0
21908 7143 7337 0
21909 7337 7338 0
21910 7338 7144 0
21911 7143 7144 0
21912 6606 6751 0
21913 6751 6739 0
21914 6607 6739 0
21915 6646 6784 0
21916 6785 6784 0
21917 6647 6785 0
21918 4204 4456 0
21919 4457 4456 0
21920 4193 4204 0
21921 4170 4185 0
21922 3924 3923 0
21923 7383 7384 0
21924 7384 7168 0
21925 7183 7168 0
21926 6586 6707 0
21927 6707 6692 0
21928 6692 6587 0
21929 6586 6587 0
21930 6692 6693 0
21931 6693 6580 0
21932 6587 6580 0
21933 6586 6452 0
21934 6587 6443 0
21935 6452 6443 0
21936 6639 6777 0
21937 6777 6778 0
21938 6778 6640 0
21939 6639 6640 0
21940 6767 6877 0
21941 6878 6877 0
21942 6878 6768 0
21943 6767 6768 0
21944 7184 7347 0
21945 7347 7348 0
21946 7348 7169 0
21947 7184 7169 0
21948 6583 6695 0
21949 6695 6696 0
21950 6696 6570 0
21951 6583 6570 0
21952 6764 6867 0
21953 6867 6868 0
21954 6868 6759 0
21955 6764 6759 0
21956 7145 7043 0
21957 7146 7038 0
21958 7043 7038 0
21959 6694 6827 0
21960 6827 6816 0
21961 6816 6686 0
21962 6694 6686 0
21963 6950 7060 0
21964 7060 7061 0
21965 6934 7061 0
21966 6935 6827 0
21967 6922 6816 0
21968 7222 7421 0
21969 7410 7421 0
21970 7222 7223 0
21971 6828 6697 0
21972 6817 6687 0
21973 6697 6687 0
21974 7025 7112 0
21975 7114 7112 0
21976 7114 7014 0
21977 4455 4456 0
21978 4203 4204 0
21979 7024 7110 0
21980 7112 7110 0
21981 7025 7024 0
21982 6581 6694 0
21983 6568 6686 0
21984 7192 7062 0
21985 7192 7182 0
21986 7063 7182 0
21987 6785 6775 0
21988 6775 6638 0
21989 6647 6638 0
21990 6825 6692 0
21991 6826 6693 0
21992 6707 6832 0
21993 6825 6832 0
21994 7133 7276 0
21995 7276 7268 0
21996 7268 7134 0
21997 7133 7134 0
21998 6445 6583 0
21999 6439 6570 0
22000 392 870 0
22001 853 870 0
22002 859 908 0
22003 968 908 0
22004 968 985 0
22005 985 76 0
22006 76 75 0
22007 75 382 0
22008 392 382 0
22009 1339 857 0
22010 1339 1333 0
22011 1333 708 0
22012 708 712 0
22013 712 851 0
22014 857 851 0
22015 992 1204 0
22016 1204 1187 0
22017 957 1187 0
22018 957 992 0
22019 1204 1413 0
22020 1413 1405 0
22021 1187 1405 0
22022 847 473 0
22023 835 456 0
22024 473 456 0
22025 1413 1595 0
22026 1585 1595 0
22027 1585 1405 0
22028 1339 1720 0
22029 1720 1716 0
22030 1716 1332 0
22031 1339 1332 0
22032 1291 1107 0
22033 1269 1099 0
22034 1107 1099 0
22035 6805 7369 0
22036 7369 7359 0
22037 7359 6807 0
22038 6805 6807 0
22039 946 1107 0
22040 920 1099 0
22041 946 920 0
22042 6329 6180 0
22043 6320 6168 0
22044 6180 6168 0
22045 6245 6412 0
22046 6412 6413 0
22047 6413 6246 0
22048 6245 6246 0
22049 815 809 0
22050 654 667 0
22051 815 667 0
22052 621 810 0
22053 802 810 0
22054 614 802 0
22055 939 1067 0
22056 1060 1067 0
22057 925 1060 0
22058 6590 6787 0
22059 6787 6776 0
22060 6591 6776 0
22061 1648 1553 0
22062 1645 1554 0
22063 4183 4184 0
22064 3932 3933 0
22065 6202 6347 0
22066 6347 6348 0
22067 6348 6193 0
22068 6202 6193 0
22069 398 204 0
22070 417 398 0
22071 417 196 0
22072 204 196 0
22073 7146 6974 0
22074 7135 6960 0
22075 6974 6960 0
22076 712 636 0
22077 708 586 0
22078 586 573 0
22079 636 573 0
22080 7123 6962 0
22081 7124 6951 0
22082 6962 6951 0
22083 1523 1744 0
22084 1730 1744 0
22085 1730 1517 0
22086 1523 1517 0
22087 1743 1310 0
22088 1743 1744 0
22089 1517 1307 0
22090 1310 1307 0
22091 7070 7202 0
22092 7202 7203 0
22093 7071 7203 0
22094 7071 7070 0
22095 6678 6806 0
22096 6807 6806 0
22097 6667 6807 0
22098 6677 6805 0
22099 6805 6806 0
22100 6379 6500 0
22101 6500 6501 0
22102 6373 6501 0
22103 7168 7182 0
22104 7168 7054 0
22105 7063 7054 0
22106 7083 6957 0
22107 6971 6957 0
22108 6531 6412 0
22109 6532 6413 0
22110 6212 6370 0
22111 6371 6370 0
22112 6213 6212 0
22113 6784 6890 0
22114 6890 6881 0
22115 6785 6881 0
22116 6444 6582 0
22117 6583 6582 0
22118 6445 6444 0
22119 6867 7012 0
22120 7012 7013 0
22121 6868 7013 0
22122 7107 7015 0
22123 7102 7003 0
22124 6421 6543 0
22125 6531 6543 0
22126 6412 6421 0
22127 6498 6378 0
22128 6499 6367 0
22129 6378 6367 0
22130 6697 6571 0
22131 6687 6573 0
22132 6571 6573 0
22133 6751 6853 0
22134 6853 6845 0
22135 6739 6845 0
22136 7072 7204 0
22137 7191 7204 0
22138 7191 7060 0
22139 7060 7072 0
22140 6490 6368 0
22141 6481 6369 0
22142 6368 6369 0
22143 6877 7024 0
22144 6343 6474 0
22145 6464 6474 0
22146 6345 6343 0
22147 6626 6764 0
22148 6622 6759 0
22149 7348 7336 0
22150 7170 7336 0
22151 7170 7169 0
22152 7180 7061 0
22153 6444 6328 0
22154 6329 6328 0
22155 7072 6959 0
22156 6950 6959 0
22157 6500 6623 0
22158 6623 6624 0
22159 6501 6624 0
22160 6972 6853 0
22161 6972 6973 0
22162 6845 6973 0
22163 6482 6362 0
22164 6473 6363 0
22165 6362 6363 0
22166 6343 6201 0
22167 6344 6343 0
22168 6190 6201 0
22169 6474 6599 0
22170 6590 6599 0
22171 6599 6725 0
22172 6725 6716 0
22173 6590 6716 0
22174 4577 4635 0
22175 4635 4628 0
22176 4578 4628 0
22177 4578 4577 0
22178 6462 6358 0
22179 6463 6359 0
22180 6358 6359 0
22181 6958 7052 0
22182 7052 7053 0
22183 7053 7032 0
22184 7032 6947 0
22185 6958 6947 0
22186 6510 6572 0
22187 6573 6572 0
22188 6573 6308 0
22189 6308 6321 0
22190 6321 6372 0
22191 6372 6431 0
22192 6510 6431 0
22193 6420 6250 0
22194 6410 6251 0
22195 6250 6251 0
22196 6639 6465 0
22197 6640 6454 0
22198 6465 6454 0
22199 6777 6962 0
22200 6778 6951 0
22201 7136 6961 0
22202 6962 6961 0
22203 6587 6386 0
22204 6580 6387 0
22205 6386 6387 0
22206 6787 6974 0
22207 6776 6960 0
22208 6363 6206 0
22209 6214 6206 0
22210 6222 6368 0
22211 6369 6211 0
22212 6222 6211 0
22213 6328 6179 0
22214 6180 6179 0
22215 6491 6618 0
22216 6606 6618 0
22217 6482 6491 0
22218 6421 6252 0
22219 6245 6252 0
22220 7115 6936 0
22221 7107 6923 0
22222 6386 6232 0
22223 6387 6227 0
22224 6232 6227 0
22225 6238 6396 0
22226 6386 6396 0
22227 6232 6238 0
22228 6878 6695 0
22229 6870 6696 0
22230 6220 6378 0
22231 6367 6210 0
22232 6220 6210 0
22233 6463 6451 0
22234 6451 6361 0
22235 6359 6361 0
22236 7045 7121 0
22237 7121 7122 0
22238 7122 7046 0
22239 7045 7046 0
22240 6647 6559 0
22241 6638 6549 0
22242 6559 6549 0
22243 6463 6559 0
22244 6451 6549 0
22245 15197 13982 0
22246 15197 15187 0
22247 13978 15187 0
22248 13978 13982 0
22249 1595 1796 0
22250 1796 1811 0
22251 1812 1811 0
22252 1584 1595 0
22253 392 240 0
22254 382 220 0
22255 240 220 0
22256 284 132 0
22257 284 275 0
22258 275 60 0
22259 60 63 0
22260 63 133 0
22261 132 133 0
22262 288 473 0
22263 456 275 0
22264 288 275 0
22265 1716 1711 0
22266 1333 1711 0
22267 1333 1332 0
22268 1369 1361 0
22269 1113 1361 0
22270 1113 1120 0
22271 4218 3963 0
22272 3959 3963 0
22273 7230 7427 0
22274 7427 7420 0
22275 7420 7151 0
22276 7151 7150 0
22277 7150 7231 0
22278 7230 7231 0
22279 912 1310 0
22280 1310 1306 0
22281 1306 1109 0
22282 1114 1109 0
22283 912 913 0
22284 723 671 0
22285 919 935 0
22286 788 671 0
22287 1386 1205 0
22288 1377 1386 0
22289 1377 1347 0
22290 1206 1205 0
22291 6471 6394 0
22292 6472 6411 0
22293 6394 6411 0
22294 4414 4415 0
22295 4415 4176 0
22296 4175 4176 0
22297 7288 7390 0
22298 7390 7391 0
22299 7391 7289 0
22300 7288 7289 0
22301 4408 4409 0
22302 4409 4151 0
22303 4163 4151 0
22304 1724 1575 0
22305 1724 1725 0
22306 1575 1576 0
22307 6949 6775 0
22308 6775 6786 0
22309 6948 6786 0
22310 6251 6394 0
22311 6394 6395 0
22312 6395 6244 0
22313 6251 6244 0
22314 5055 5046 0
22315 5046 4800 0
22316 4780 4800 0
22317 6193 6305 0
22318 6305 6306 0
22319 6306 6184 0
22320 6193 6184 0
22321 6985 6857 0
22322 6853 6857 0
22323 5074 5073 0
22324 4814 4813 0
22325 6871 6687 0
22326 6862 6679 0
22327 6687 6679 0
22328 4790 5053 0
22329 5054 5053 0
22330 4778 4790 0
22331 6971 6795 0
22332 6796 6957 0
22333 4830 4635 0
22334 4823 4830 0
22335 4823 4628 0
22336 850 851 0
22337 851 636 0
22338 688 636 0
22339 6972 7142 0
22340 7144 7142 0
22341 7144 6973 0
22342 6618 6750 0
22343 6751 6750 0
22344 5061 5053 0
22345 4789 4790 0
22346 6767 6582 0
22347 6768 6583 0
22348 7121 7230 0
22349 7122 7231 0
22350 7202 7288 0
22351 7203 7289 0
22352 7133 7059 0
22353 7134 7070 0
22354 7070 7059 0
22355 4611 4705 0
22356 4705 4698 0
22357 4698 4603 0
22358 4611 4603 0
22359 4529 4768 0
22360 4790 4768 0
22361 4790 4517 0
22362 4529 4517 0
22363 4778 4519 0
22364 4778 4779 0
22365 4779 4505 0
22366 4519 4505 0
22367 4518 4777 0
22368 4778 4777 0
22369 4519 4518 0
22370 4611 4505 0
22371 4603 4506 0
22372 4505 4506 0
22373 4790 4777 0
22374 4517 4518 0
22375 6359 6235 0
22376 6359 6360 0
22377 6360 6236 0
22378 6235 6236 0
22379 6361 6360 0
22380 6361 6237 0
22381 6236 6237 0
22382 7045 6982 0
22383 6983 7046 0
22384 6983 6982 0
22385 6605 6666 0
22386 6655 6666 0
22387 6655 6598 0
22388 6605 6598 0
22389 6543 6605 0
22390 6531 6598 0
22391 6959 6882 0
22392 6950 6876 0
22393 6882 6876 0
22394 4705 4779 0
22395 4779 4781 0
22396 4698 4781 0
22397 7336 7154 0
22398 7337 7336 0
22399 7143 7154 0
22400 6799 6850 0
22401 6800 6851 0
22402 7204 7290 0
22403 7290 7291 0
22404 7291 7190 0
22405 7204 7190 0
22406 6738 6801 0
22407 6795 6801 0
22408 6795 6724 0
22409 6738 6724 0
22410 6452 6396 0
22411 6443 6386 0
22412 6687 6623 0
22413 6624 6679 0
22414 7063 7012 0
22415 7054 7013 0
22416 6890 6958 0
22417 6881 6947 0
22418 6852 6898 0
22419 6898 6899 0
22420 6899 6844 0
22421 6852 6844 0
22422 6832 6882 0
22423 6825 6876 0
22424 6666 6738 0
22425 6655 6724 0
22426 7090 7150 0
22427 7091 7151 0
22428 6970 6898 0
22429 6971 6899 0
22430 6304 6429 0
22431 6298 6430 0
22432 6801 6852 0
22433 6795 6844 0
22434 4148 4186 0
22435 4186 4187 0
22436 4149 4187 0
22437 4149 4148 0
22438 7152 7184 0
22439 7152 7169 0
22440 4187 4173 0
22441 4149 4173 0
22442 6169 6307 0
22443 6308 6307 0
22444 6170 6308 0
22445 6170 6169 0
22446 6857 6750 0
22447 4409 4410 0
22448 4410 4152 0
22449 4151 4152 0
22450 4416 4415 0
22451 4162 4176 0
22452 4824 4826 0
22453 4826 4569 0
22454 4568 4569 0
22455 6370 6491 0
22456 6362 6370 0
22457 4817 4826 0
22458 4570 4569 0
22459 6465 6305 0
22460 6454 6306 0
22461 6982 6831 0
22462 6983 6824 0
22463 6831 6824 0
22464 6961 6808 0
22465 6962 6802 0
22466 6808 6802 0
22467 6492 6648 0
22468 6639 6648 0
22469 6639 6493 0
22470 6492 6493 0
22471 6676 6831 0
22472 6664 6824 0
22473 6347 6492 0
22474 6348 6493 0
22475 6725 6869 0
22476 6869 6861 0
22477 6716 6861 0
22478 7043 6869 0
22479 7038 6861 0
22480 6808 6648 0
22481 6639 6802 0
22482 7411 7400 0
22483 7212 7400 0
22484 7225 7212 0
22485 6247 6342 0
22486 6359 6342 0
22487 6235 6247 0
22488 7290 7392 0
22489 7393 7392 0
22490 7191 7190 0
22491 7276 7401 0
22492 7390 7401 0
22493 7268 7390 0
22494 87 113 0
22495 240 113 0
22496 240 241 0
22497 241 79 0
22498 79 81 0
22499 87 81 0
22500 1307 1306 0
22501 899 1307 0
22502 899 898 0
22503 1110 1109 0
22504 1141 1371 0
22505 1414 1371 0
22506 1409 1360 0
22507 1143 1360 0
22508 1143 1141 0
22509 10844 11065 0
22510 11065 11054 0
22511 10830 11054 0
22512 10830 10844 0
22513 15337 15344 0
22514 15344 15420 0
22515 15420 15425 0
22516 15425 15444 0
22517 15444 15473 0
22518 15473 15482 0
22519 15482 15557 0
22520 15557 15589 0
22521 15589 15615 0
22522 15615 15650 0
22523 15650 15616 0
22524 15616 15191 0
22525 15191 14777 0
22526 14777 14806 0
22527 14806 15169 0
22528 15337 15169 0
22529 11080 9628 0
22530 11080 11061 0
22531 11505 11061 0
22532 11606 11045 0
22533 9917 11045 0
22534 9917 9629 0
22535 9629 9628 0
22536 4598 4199 0
22537 4027 4052 0
22538 3605 4052 0
22539 3605 3685 0
22540 2287 3685 0
22541 2068 2287 0
22542 1761 1917 0
22543 1693 1465 0
22544 1475 1465 0
22545 748 1087 0
22546 3 1 0
22547 1 25 0
22548 25 47 0
22549 47 155 0
22550 283 155 0
22551 283 266 0
22552 266 375 0
22553 441 375 0
22554 441 717 0
22555 800 717 0
22556 1021 800 0
22557 1412 1456 0
22558 1804 1456 0
22559 1974 2655 0
22560 2957 2655 0
22561 5010 6046 0
22562 6046 6215 0
22563 6215 6414 0
22564 6523 6414 0
22565 5815 6511 0
22566 5740 5855 0
22567 5674 5740 0
22568 5674 4888 0
22569 4888 4928 0
22570 4928 4983 0
22571 5010 4983 0
22572 14546 14629 0
22573 14716 14629 0
22574 14727 13569 0
22575 14011 13569 0
22576 14011 14109 0
22577 14109 14142 0
22578 14142 14269 0
22579 14546 14269 0
22580 10145 10107 0
22581 10107 9159 0
22582 9186 9159 0
22583 8123 8936 0
22584 8936 9178 0
22585 9178 9382 0
22586 9628 9382 0
22587 9600 7669 0
22588 7452 7428 0
22589 7160 7463 0
22590 7463 7458 0
22591 7458 7218 0
22592 7218 7217 0
22593 7217 7162 0
22594 7160 7162 0
22595 7238 7444 0
22596 7444 7457 0
22597 7457 7473 0
22598 7463 7473 0
22599 7463 7216 0
22600 7238 7216 0
22601 7238 7031 0
22602 7216 6968 0
22603 6968 6995 0
22604 7031 6995 0
22605 6578 6830 0
22606 6830 6822 0
22607 6822 6579 0
22608 6578 6579 0
22609 7229 7451 0
22610 7451 7445 0
22611 7445 7219 0
22612 7229 7219 0
22613 6296 6553 0
22614 6553 6545 0
22615 6545 6297 0
22616 6296 6297 0
22617 7239 7455 0
22618 7455 7449 0
22619 7449 7240 0
22620 7239 7240 0
22621 6589 6836 0
22622 6836 6837 0
22623 6837 6585 0
22624 6589 6585 0
22625 6565 6849 0
22626 6849 6842 0
22627 6842 6552 0
22628 6565 6552 0
22629 6842 6843 0
22630 6843 6554 0
22631 6552 6554 0
22632 6292 6546 0
22633 6546 6536 0
22634 6536 6293 0
22635 6292 6293 0
22636 6836 6843 0
22637 6545 6836 0
22638 6545 6554 0
22639 6545 6546 0
22640 6297 6292 0
22641 6277 6527 0
22642 6527 6519 0
22643 6519 6278 0
22644 6277 6278 0
22645 6956 7208 0
22646 7208 7209 0
22647 7209 6944 0
22648 6956 6944 0
22649 6955 7161 0
22650 7162 7161 0
22651 7217 7208 0
22652 6956 6955 0
22653 6566 6823 0
22654 6823 6811 0
22655 6811 6567 0
22656 6566 6567 0
22657 6319 6616 0
22658 6616 6617 0
22659 6617 6302 0
22660 6319 6302 0
22661 6565 6302 0
22662 6565 6551 0
22663 6551 6303 0
22664 6302 6303 0
22665 6553 6551 0
22666 6296 6303 0
22667 6327 6856 0
22668 6849 6856 0
22669 6849 6617 0
22670 6319 6327 0
22671 6536 6537 0
22672 6537 6284 0
22673 6293 6284 0
22674 6945 7210 0
22675 7210 7196 0
22676 7196 6946 0
22677 6945 6946 0
22678 7160 6968 0
22679 7160 7161 0
22680 6968 6955 0
22681 7209 7210 0
22682 6944 6945 0
22683 6933 7186 0
22684 7186 7187 0
22685 7187 6916 0
22686 6933 6916 0
22687 7228 7450 0
22688 7451 7450 0
22689 7229 7228 0
22690 7196 7197 0
22691 7197 6931 0
22692 6946 6931 0
22693 6537 6525 0
22694 6525 6285 0
22695 6284 6285 0
22696 6830 6837 0
22697 6578 6585 0
22698 7197 7185 0
22699 7185 6932 0
22700 6931 6932 0
22701 6822 6823 0
22702 6579 6566 0
22703 7449 7450 0
22704 7240 7228 0
22705 7250 7454 0
22706 7455 7454 0
22707 7239 7250 0
22708 6917 7173 0
22709 7173 7174 0
22710 7174 6918 0
22711 6917 6918 0
22712 11269 11064 0
22713 11269 11394 0
22714 11394 11472 0
22715 11065 11472 0
22716 11065 11064 0
22717 11065 11163 0
22718 11163 11156 0
22719 11054 11156 0
22720 6286 6526 0
22721 6527 6526 0
22722 6277 6286 0
22723 7186 7185 0
22724 6933 6932 0
22725 6525 6526 0
22726 6285 6286 0
22727 7187 7173 0
22728 6916 6917 0
22729 7458 7249 0
22730 7458 7454 0
22731 7250 7249 0
22732 8 9 0
22733 9 13 0
22734 13 16 0
22735 16 17 0
22736 17 7 0
22737 7 6 0
22738 8 6 0
22739 23 28 0
22740 28 21 0
22741 21 24 0
22742 24 18 0
22743 18 19 0
22744 19 11 0
22745 11 10 0
22746 10 15 0
22747 15 14 0
22748 23 14 0
22749 10842 11064 0
22750 10842 10844 0
22751 11543 11661 0
22752 11661 11626 0
22753 11626 11473 0
22754 11472 11473 0
22755 11445 11472 0
22756 8945 9023 0
22757 9023 9054 0
22758 9054 9097 0
22759 9098 9097 0
22760 8946 8945 0
22761 9115 9097 0
22762 9097 9024 0
22763 8945 9024 0
22764 8944 8945 0
22765 13575 13625 0
22766 13625 13626 0
22767 13571 13626 0
22768 13700 13625 0
22769 13691 13626 0
22770 11472 11163 0
22771 11156 11473 0
22772 7614 7865 0
22773 7865 7866 0
22774 7866 7611 0
22775 7614 7611 0
22776 7620 7879 0
22777 7865 7879 0
22778 7614 7620 0
22779 7839 7834 0
22780 7834 7591 0
22781 7602 7591 0
22782 7849 7866 0
22783 7607 7611 0
22784 3793 3928 0
22785 3928 3942 0
22786 3783 3942 0
22787 4008 3941 0
22788 4009 3942 0
22789 3942 3941 0
22790 13185 13168 0
22791 13185 13160 0
22792 13160 13144 0
22793 13168 13144 0
22794 12287 12788 0
22795 12788 12619 0
22796 12619 12150 0
22797 12150 11966 0
22798 11966 11917 0
22799 12287 11917 0
22800 12822 12606 0
22801 12822 12968 0
22802 13144 12968 0
22803 13160 13381 0
22804 13381 13129 0
22805 13129 13024 0
22806 13024 12948 0
22807 12948 12915 0
22808 12915 12894 0
22809 12788 12894 0
22810 12287 11916 0
22811 11916 11816 0
22812 11816 12413 0
22813 12335 12413 0
22814 12446 12606 0
22815 11966 12440 0
22816 12619 12440 0
22817 12619 12588 0
22818 12588 12570 0
22819 12570 12077 0
22820 12077 12013 0
22821 11966 12013 0
22822 13417 13963 0
22823 13963 13767 0
22824 13767 13734 0
22825 13734 13592 0
22826 13592 13452 0
22827 13452 13138 0
22828 13138 13152 0
22829 13417 13152 0
22830 13025 13398 0
22831 13398 13568 0
22832 13568 13698 0
22833 13698 13716 0
22834 13716 13487 0
22835 13487 12735 0
22836 12735 12969 0
22837 13025 12969 0
22838 13487 13453 0
22839 13453 12695 0
22840 12695 12685 0
22841 12735 12685 0
22842 4808 6524 0
22843 6524 6339 0
22844 6339 4608 0
22845 4808 4608 0
22846 11557 11412 0
22847 11557 11376 0
22848 11376 11375 0
22849 11412 11375 0
22850 3406 3423 0
22851 3423 3320 0
22852 3320 3298 0
22853 3406 3298 0
22854 3224 3142 0
22855 3224 3202 0
22856 3116 3142 0
22857 20 31 1
22858 11338 11447 1
22859 11993 12038 1
22860 7759 7734 1
22861 4324 4323 1
22862 12394 12415 1
22863 26 32 1
22864 980 1030 1
22865 13230 13190 1
22866 1003 1016 1
22867 163 207 1
22868 4894 4875 1
22869 5045 5034 1
22870 4876 4877 1
22871 5563 5522 1
22872 6083 6084 1
22873 5440 5460 1
22874 1709 1708 1
22875 15461 15462 1
22876 8068 8123 1
22877 140 218 1
22878 15633 15575 1
22879 1335 1321 1
22880 1945 2027 1
22881 14242 14267 1
22882 13972 13897 1
22883 1750 1847 1
22884 2598 2599 1
22885 2649 2648 1
22886 50 51 1
22887 3298 3271 1
22888 15644 15572 1
22889 15619 15611 1
22890 11158 11174 1
22891 8921 8922 1
22892 72 118 1
22893 95 142 1
22894 999 1028 1
22895 6005 6037 1
22896 5822 5779 1
22897 9194 9173 1
22898 5831 5830 1
22899 4683 4743 1
22900 9691 9571 1
22901 7666 7670 1
22902 10163 10156 1
22903 7848 7832 1
22904 12192 12183 1
22905 2498 2499 1
22906 2017 2049 1
22907 2053 2081 1
22908 2044 2086 1
22909 2046 2071 1
22910 3904 3903 1
22911 6022 6039 1
22912 5891 5937 1
22913 10093 10110 1
22914 2667 2709 1
22915 2167 2127 1
22916 7 14 1
22917 4965 4934 1
22918 12887 12819 1
22919 14537 14518 1
22920 15239 15240 1
22921 13793 13837 1
22922 264 340 1
22923 1208 1296 1
22924 9588 9589 1
22925 40 34 1
22926 12066 12090 1
22927 13138 13129 1
22928 15459 15382 1
22929 5213 5201 1
22930 15454 15438 1
22931 1639 1605 1
22932 2403 2340 1
22933 13535 13536 1
22934 3487 3501 1
22935 2888 2878 1
22936 4977 5030 1
22937 9080 9101 1
22938 3725 3628 1
22939 10036 10046 1
22940 7364 7407 1
22941 7975 7941 1
22942 1139 1154 1
22943 10101 10119 1
22944 11670 11616 1
22945 3515 3484 1
22946 2721 2722 1
22947 11815 11865 1
22948 10979 11075 1
22949 15397 15410 1
22950 7373 7417 1
22951 13698 13734 1
22952 11786 11676 1
22953 991 932 1
22954 7834 7867 1
22955 15593 15565 1
22956 2678 2722 1
22957 470 433 1
22958 13450 13303 1
22959 363 463 1
22960 6155 6187 1
22961 6505 6381 1
22962 7412 7530 1
22963 6137 6102 1
22964 14054 14055 1
22965 2041 1958 1
22966 2746 2729 1
22967 2398 2372 1
22968 3877 3787 1
22969 6766 6718 1
22970 15282 15209 1
22971 9025 9031 1
22972 7368 7323 1
22973 8486 8526 1
22974 14550 14540 1
22975 6779 6744 1
22976 7342 7315 1
22977 14806 14719 1
22978 15390 15391 1
22979 44 47 1
22980 28 59 1
22981 4706 4759 1
22982 510 571 1
22983 9621 9719 1
22984 14542 14556 1
22985 15256 15241 1
22986 7919 8003 1
22987 10543 10652 1
22988 6675 6627 1
22989 6683 6735 1
22990 1011 953 1
22991 2211 2222 1
22992 2188 2187 1
22993 10583 10617 1
22994 305 402 1
22995 14049 14010 1
22996 15336 15335 1
22997 15516 15490 1
22998 13240 13264 1
22999 4837 4814 1
23000 10604 10644 1
23001 12552 12551 1
23002 6119 6079 1
23003 5515 5462 1
23004 5501 5554 1
23005 6090 6054 1
23006 265 366 1
23007 2346 2438 1
23008 1370 1309 1
23009 10562 10563 1
23010 15355 15354 1
23011 15443 15451 1
23012 1449 1458 1
23013 11575 11576 1
23014 995 890 1
23015 7369 7384 1
23016 11159 11135 1
23017 8553 8513 1
23018 7847 7905 1
23019 5615 5576 1
23020 9094 9159 1
23021 11149 11154 1
23022 14992 14911 1
23023 12179 12236 1
23024 5479 5430 1
23025 5355 5301 1
23026 10128 10129 1
23027 8294 8293 1
23028 7710 7718 1
23029 171 236 1
23030 11439 11370 1
23031 12313 12359 1
23032 2030 2048 1
23033 5259 5260 1
23034 14769 14758 1
23035 956 955 1
23036 7709 7696 1
23037 9216 9077 1
23038 9441 9442 1
23039 2845 2821 1
23040 7211 7165 1
23041 8755 8678 1
23042 7801 7802 1
23043 15297 15291 1
23044 8341 8386 1
23045 4588 4566 1
23046 3287 3288 1
23047 4128 4077 1
23048 5954 5906 1
23049 1030 1031 1
23050 11325 11274 1
23051 13088 13126 1
23052 1009 903 1
23053 824 884 1
23054 499 498 1
23055 7136 7135 1
23056 4024 4058 1
23057 5990 6027 1
23058 4707 4649 1
23059 5339 5378 1
23060 12611 12533 1
23061 8246 8161 1
23062 6497 6528 1
23063 3484 3443 1
23064 2094 2040 1
23065 2156 2092 1
23066 4923 4922 1
23067 8939 8940 1
23068 11368 11369 1
23069 5221 5222 1
23070 10873 10919 1
23071 2696 2697 1
23072 3404 3405 1
23073 6339 6475 1
23074 14091 13976 1
23075 7119 7118 1
23076 3994 3969 1
23077 2626 2691 1
23078 7171 7205 1
23079 14687 14680 1
23080 2930 2931 1
23081 2827 2793 1
23082 5131 5234 1
23083 11089 11088 1
23084 14334 14327 1
23085 6116 6115 1
23086 13563 13585 1
23087 6070 6071 1
23088 14988 14874 1
23089 1287 1203 1
23090 11766 11765 1
23091 6168 6169 1
23092 4980 4981 1
23093 8214 8323 1
23094 11112 11097 1
23095 11353 11459 1
23096 9764 9751 1
23097 11120 11165 1
23098 8182 8284 1
23099 15189 15149 1
23100 7073 6953 1
23101 3898 3971 1
23102 6934 6935 1
23103 678 760 1
23104 6450 6435 1
23105 13627 13628 1
23106 5005 5006 1
23107 9454 9447 1
23108 3648 3657 1
23109 14528 14624 1
23110 5876 5769 1
23111 13904 13903 1
23112 7085 6992 1
23113 2830 2896 1
23114 1726 1733 1
23115 6244 6252 1
23116 13271 13338 1
23117 7338 7339 1
23118 6981 6855 1
23119 14435 14414 1
23120 5103 5210 1
23121 12320 12319 1
23122 7037 7117 1
23123 8463 8480 1
23124 2882 2883 1
23125 1928 1919 1
23126 4605 4682 1
23127 7357 7335 1
23128 8817 8859 1
23129 13489 13490 1
23130 15585 15574 1
23131 6316 6422 1
23132 1498 1421 1
23133 12558 12557 1
23134 11947 12009 1
23135 3098 3092 1
23136 11354 11465 1
23137 15409 15396 1
23138 13873 13872 1
23139 1760 1748 1
23140 3495 3519 1
23141 4896 4895 1
23142 4865 4850 1
23143 5909 5808 1
23144 14982 14897 1
23145 9854 9853 1
23146 3377 3392 1
23147 6836 6944 1
23148 14020 13904 1
23149 10882 10893 1
23150 14794 14804 1
23151 12449 12448 1
23152 13404 13403 1
23153 8887 8798 1
23154 14980 14957 1
23155 11782 11781 1
23156 2280 2265 1
23157 6237 6238 1
23158 5036 5046 1
23159 7557 7558 1
23160 14677 14684 1
23161 3819 3738 1
23162 6283 6401 1
23163 13471 13463 1
23164 4479 4480 1
23165 2819 2844 1
23166 5109 5092 1
23167 11626 11736 1
23168 1245 1157 1
23169 9857 9858 1
23170 11872 11873 1
23171 12340 12328 1
23172 819 899 1
23173 10735 10824 1
23174 11068 11056 1
23175 14305 14310 1
23176 6226 6217 1
23177 8024 7996 1
23178 15234 15219 1
23179 12495 12543 1
23180 413 435 1
23181 6182 6270 1
23182 3873 3749 1
23183 14152 14138 1
23184 4466 4376 1
23185 12175 12176 1
23186 8731 8696 1
23187 15329 15323 1
23188 2429 2554 1
23189 6889 6794 1
23190 9381 9380 1
23191 13538 13588 1
23192 2623 2624 1
23193 9690 9672 1
23194 2997 3103 1
23195 10680 10679 1
23196 10393 10392 1
23197 5032 5031 1
23198 3910 3854 1
23199 9635 9636 1
23200 9692 9541 1
23201 1800 1801 1
23202 14538 14446 1
23203 2201 2200 1
23204 7486 7487 1
23205 5196 5197 1
23206 8461 8462 1
23207 6125 6126 1
23208 6159 6171 1
23209 13989 13879 1
23210 5377 5354 1
23211 2352 2303 1
23212 14097 13939 1
23213 9660 9613 1
23214 8230 8115 1
23215 12005 11960 1
23216 5459 5449 1
23217 374 359 1
23218 10776 10898 1
23219 5209 5298 1
23220 8286 8287 1
23221 4361 4296 1
23222 9744 9743 1
23223 6246 6247 1
23224 5182 5261 1
23225 13803 13849 1
23226 12405 12404 1
23227 1737 1795 1
23228 909 883 1
23229 13222 13235 1
23230 10623 10516 1
23231 1057 1122 1
23232 3925 3813 1
23233 1739 1749 1
23234 14924 14961 1
23235 14603 14517 1
23236 15218 15168 1
23237 10217 10031 1
23238 7248 7238 1
23239 7124 7125 1
23240 13168 13151 1
23241 14377 14347 1
23242 6484 6376 1
23243 14854 14853 1
23244 1797 1798 1
23245 11176 11227 1
23246 3653 3643 1
23247 10558 10557 1
23248 6364 6380 1
23249 10666 10665 1
23250 9676 9647 1
23251 3991 3992 1
23252 3244 3243 1
23253 12611 12605 1
23254 14885 14886 1
23255 15446 15447 1
23256 3802 3803 1
23257 8879 8777 1
23258 10248 10236 1
23259 12590 12595 1
23260 5770 5662 1
23261 1590 1662 1
23262 9620 9767 1
23263 5067 5164 1
23264 12489 12383 1
23265 9920 9921 1
23266 8661 8660 1
23267 7355 7356 1
23268 5735 5842 1
23269 7419 7427 1
23270 3040 2947 1
23271 1896 1798 1
23272 9012 9013 1
23273 2041 2196 1
23274 6278 6189 1
23275 8990 9102 1
23276 13931 13942 1
23277 1686 1601 1
23278 1682 1768 1
23279 3358 3410 1
23280 13106 13107 1
23281 3127 3126 1
23282 2538 2414 1
23283 3209 3295 1
23284 8669 8793 1
23285 758 686 1
23286 5587 5581 1
23287 1561 1560 1
23288 15386 15413 1
23289 13877 13955 1
23290 698 776 1
23291 2993 2914 1
23292 6376 6375 1
23293 11828 11901 1
23294 12744 12829 1
23295 12740 12739 1
23296 14052 13943 1
23297 12177 12296 1
23298 9884 9755 1
23299 4937 5039 1
23300 9832 9706 1
23301 6279 6278 1
23302 2967 3094 1
23303 4865 4977 1
23304 4457 4570 1
23305 7678 7526 1
23306 12088 12203 1
23307 10914 10999 1
23308 14777 14651 1
23309 1693 1728 1
23310 3229 3328 1
23311 10826 10825 1
23312 1720 1806 1
23313 13802 13801 1
23314 8020 8019 1
23315 5478 5477 1
23316 803 802 1
23317 9220 9219 1
23318 10020 10032 1
23319 5068 4945 1
23320 8017 7878 1
23321 12862 12861 1
23322 5202 5085 1
23323 7517 7384 1
23324 11239 11227 1
23325 9622 9623 1
23326 13533 13548 1
23327 9588 9587 1
23328 4126 4127 1
23329 7469 7477 1
23330 9698 9681 1
23331 9663 9650 1
23332 3140 3154 1
23333 2779 2743 1
23334 1436 1437 1
23335 1445 1431 1
23336 12404 12403 1
23337 2536 2552 1
23338 9586 9588 1
23339 13416 13417 1
23340 9651 9650 1
23341 9653 9652 1
23342 2600 2601 1
23343 2638 2637 1
23344 3813 3812 1
23345 3166 3135 1
23346 2054 2082 1
23347 2070 2045 1
23348 2083 2055 1
23349 2047 2072 1
23350 4987 4964 1
23351 5465 5453 1
23352 9935 9952 1
23353 9193 9184 1
23354 9663 9681 1
23355 9929 9948 1
23356 9699 9681 1
23357 4191 4169 1
23358 9608 9591 1
23359 9607 9624 1
23360 9588 9563 1
23361 9588 9574 1
23362 9588 9575 1
23363 9623 9617 1
23364 9681 9670 1
23365 9683 9700 1
23366 9683 9711 1
23367 3126 3151 1
23368 3128 3152 1
23369 3153 3137 1
23370 4838 4827 1
23371 8895 8877 1
23372 9562 9588 1
23373 9605 9623 1
23374 4337 4318 1
23375 9588 9564 1
23376 9624 9606 1
23377 9650 9670 1
23378 15543 15535 1
23379 1443 1442 1
23380 2211 2212 1
23381 1451 1450 1
23382 2892 2893 1
23383 1461 1462 1
23384 9589 9623 1
23385 9622 9588 1
23386 1460 1459 1
23387 9728 9681 1
23388 9682 9653 1
23389 9682 9683 1
23390 9730 9683 1
23391 9651 9653 1
23392 9650 9652 1
23393 3136 3135 1
23394 3153 3152 1
23395 2222 2212 1
23396 2533 2519 1
23397 1453 1441 1
23398 9622 9650 1
23399 2763 2744 1
23400 4613 4631 1
23401 3589 3554 1
23402 9605 9588 1
23403 9557 9588 1
23404 9701 9683 1
23405 9624 9617 1
23406 9681 9729 1
23407 12173 12164 1
23408 12103 12090 1
23409 2128 2139 1
23410 2152 2139 1
23411 14823 14819 1
23412 14633 14645 1
23413 14185 14170 1
23414 9605 9624 1
23415 9651 9623 1
23416 9651 9681 1
23417 9588 9617 1
23418 9623 9606 1
23419 9623 9587 1
23420 9624 9652 1
23421 9624 9590 1
23422 9653 9670 1
23423 9681 9710 1
23424 9683 9654 1
23425 12143 12164 1
23426 12122 12090 1
23427 4877 4878 1
23428 15348 15365 1
23429 6538 6508 1
23430 6489 6522 1
23431 7178 7140 1
23432 6156 6144 1
23433 6547 6516 1
23434 7188 7149 1
23435 7141 7179 1
23436 7132 7167 1
23437 7333 7307 1
23438 7198 7157 1
23439 7334 7308 1
23440 14720 14709 1
23441 7220 7175 1
23442 7159 7200 1
23443 6555 6520 1
23444 6092 6130 1
23445 6103 6138 1
23446 6093 6131 1
23447 7158 7199 1
23448 4317 4318 1
23449 9588 9590 1
23450 3143 3142 1
23451 2128 2073 1
23452 2837 2812 1
23453 4115 4152 1
23454 6149 6174 1
23455 6164 6147 1
23456 4482 4513 1
23457 9698 9650 1
23458 9663 9623 1
23459 6150 6175 1
23460 3589 3622 1
23461 9929 9961 1
23462 9607 9591 1
23463 9588 9606 1
23464 9623 9575 1
23465 12115 12122 1
23466 2143 2093 1
23467 11239 11213 1
23468 9586 9623 1
23469 9651 9624 1
23470 9623 9652 1
23471 9623 9590 1
23472 9681 9652 1
23473 40 41 1
23474 12056 12090 1
23475 2085 2043 1
23476 2085 2042 1
23477 2086 2043 1
23478 2042 2084 1
23479 14705 14711 1
23480 3356 3406 1
23481 2248 2231 1
23482 9699 9650 1
23483 9607 9623 1
23484 9650 9617 1
23485 12173 12192 1
23486 2294 2284 1
23487 2044 2069 1
23488 4022 4072 1
23489 4023 4073 1
23490 5959 6000 1
23491 5998 5957 1
23492 4047 4098 1
23493 4040 4090 1
23494 5958 5999 1
23495 4106 4057 1
23496 5992 5951 1
23497 5984 6029 1
23498 4801 4757 1
23499 6036 6012 1
23500 4041 4091 1
23501 359 360 1
23502 4153 4103 1
23503 4117 4070 1
23504 4104 4055 1
23505 4965 4933 1
23506 5942 5986 1
23507 5985 5941 1
23508 5583 5543 1
23509 14906 14891 1
23510 6148 6110 1
23511 6145 6101 1
23512 7355 7313 1
23513 7910 7849 1
23514 7353 7397 1
23515 7354 7399 1
23516 7341 7388 1
23517 8478 8514 1
23518 7976 7929 1
23519 7968 7916 1
23520 12017 12057 1
23521 8493 8536 1
23522 8485 8524 1
23523 6780 6746 1
23524 5607 5568 1
23525 7379 7332 1
23526 7943 7879 1
23527 6487 6529 1
23528 1012 955 1
23529 8566 8511 1
23530 7314 7356 1
23531 8492 8534 1
23532 6700 6756 1
23533 6701 6758 1
23534 6773 6732 1
23535 6774 6734 1
23536 1024 964 1
23537 6488 6530 1
23538 6790 6753 1
23539 5516 5464 1
23540 5489 5546 1
23541 6721 6673 1
23542 6146 6176 1
23543 2758 2759 1
23544 5478 5539 1
23545 8504 8555 1
23546 8499 8544 1
23547 6661 6713 1
23548 7335 7295 1
23549 6642 6690 1
23550 6496 6540 1
23551 8521 8575 1
23552 5552 5499 1
23553 13710 13733 1
23554 6515 6558 1
23555 6068 6114 1
23556 8545 8500 1
23557 6714 6662 1
23558 5561 5598 1
23559 5562 5599 1
23560 5471 5524 1
23561 7319 7365 1
23562 7320 7366 1
23563 2762 2761 1
23564 8510 8565 1
23565 6091 6139 1
23566 5590 5550 1
23567 6730 6771 1
23568 6731 6772 1
23569 6120 6080 1
23570 6121 6081 1
23571 6702 6652 1
23572 6703 6653 1
23573 8564 8509 1
23574 7343 7304 1
23575 6763 6711 1
23576 5560 5597 1
23577 5490 5547 1
23578 5476 5537 1
23579 6089 6053 1
23580 5592 5551 1
23581 5477 5538 1
23582 6781 6747 1
23583 6095 6060 1
23584 6096 6061 1
23585 6094 6059 1
23586 8576 8522 1
23587 8577 8523 1
23588 10090 10120 1
23589 9959 9937 1
23590 5500 5553 1
23591 12358 12313 1
23592 7327 7375 1
23593 7328 7376 1
23594 5502 5457 1
23595 5596 5559 1
23596 5569 5608 1
23597 5609 5570 1
23598 6699 6755 1
23599 966 1026 1
23600 965 1025 1
23601 8554 8503 1
23602 7326 7374 1
23603 1031 981 1
23604 9682 9681 1
23605 9699 9653 1
23606 13895 13925 1
23607 9623 9563 1
23608 9623 9574 1
23609 9653 9654 1
23610 9653 9617 1
23611 9591 9590 1
23612 12143 12122 1
23613 12142 12164 1
23614 3484 3442 1
23615 2753 2810 1
23616 2096 2032 1
23617 2799 2738 1
23618 2820 2859 1
23619 2134 2060 1
23620 3155 3156 1
23621 2785 2823 1
23622 2803 2838 1
23623 2768 2814 1
23624 2825 2787 1
23625 2038 2112 1
23626 2832 2796 1
23627 2815 2769 1
23628 2797 2833 1
23629 2166 2127 1
23630 2050 2123 1
23631 2110 2170 1
23632 2846 2811 1
23633 2058 2133 1
23634 2095 2031 1
23635 5950 5991 1
23636 4060 4015 1
23637 4785 4739 1
23638 5983 6028 1
23639 5943 5987 1
23640 5976 6019 1
23641 5275 5326 1
23642 4056 4105 1
23643 5313 5267 1
23644 4080 4033 1
23645 5360 5310 1
23646 5361 5311 1
23647 4987 5034 1
23648 6762 6710 1
23649 459 426 1
23650 7969 7918 1
23651 3471 3423 1
23652 3266 3298 1
23653 1033 983 1
23654 7305 7344 1
23655 6118 6077 1
23656 956 1013 1
23657 5470 5523 1
23658 14138 14132 1
23659 7367 7321 1
23660 6082 6044 1
23661 7935 7865 1
23662 12415 12402 1
23663 9697 9681 1
23664 9573 9588 1
23665 5564 5512 1
23666 5458 5503 1
23667 5459 5504 1
23668 982 1032 1
23669 13151 13144 1
23670 6052 6088 1
23671 12958 12968 1
23672 12385 12394 1
23673 9607 9588 1
23674 9607 9653 1
23675 9623 9564 1
23676 9591 9606 1
23677 1907 1914 1
23678 2076 2019 1
23679 4059 4014 1
23680 5340 5379 1
23681 4097 4144 1
23682 4838 4875 1
23683 7931 7863 1
23684 8895 8921 1
23685 455 421 1
23686 984 918 1
23687 8583 8531 1
23688 12016 12065 1
23689 7246 7195 1
23690 942 996 1
23691 9741 9683 1
23692 9544 9588 1
23693 2184 2213 1
23694 14185 14178 1
23695 9605 9650 1
23696 3566 3587 1
23697 9608 9624 1
23698 9623 9670 1
23699 9653 9710 1
23700 9653 9606 1
23701 9683 9710 1
23702 2048 2073 1
23703 1991 1977 1
23704 2059 2133 1
23705 2838 2802 1
23706 4782 4745 1
23707 7385 7352 1
23708 3486 3444 1
23709 13256 13225 1
23710 3444 3485 1
23711 9624 9575 1
23712 2754 2798 1
23713 5302 5356 1
23714 5323 5366 1
23715 5342 5282 1
23716 4096 4143 1
23717 5969 5922 1
23718 4964 4933 1
23719 5978 5933 1
23720 9186 9158 1
23721 7903 7846 1
23722 14532 14518 1
23723 13353 13314 1
23724 13951 13911 1
23725 14195 14219 1
23726 12015 12065 1
23727 14061 14036 1
23728 14147 14117 1
23729 13878 13906 1
23730 14399 14365 1
23731 14089 14108 1
23732 13564 13522 1
23733 14151 14184 1
23734 9562 9623 1
23735 9589 9624 1
23736 13986 14029 1
23737 13322 13277 1
23738 13707 13742 1
23739 14183 14197 1
23740 495 448 1
23741 14290 14256 1
23742 13660 13696 1
23743 14315 14276 1
23744 14048 14016 1
23745 13752 13720 1
23746 13726 13689 1
23747 9727 9681 1
23748 9682 9650 1
23749 9605 9653 1
23750 14092 14065 1
23751 9624 9670 1
23752 9624 9654 1
23753 9650 9710 1
23754 9650 9606 1
23755 9683 9652 1
23756 2154 2216 1
23757 2205 2139 1
23758 2809 2752 1
23759 4046 4107 1
23760 4039 4099 1
23761 4741 4680 1
23762 4747 4688 1
23763 5386 5337 1
23764 4067 4130 1
23765 5350 5281 1
23766 4875 4876 1
23767 6682 6748 1
23768 5439 5492 1
23769 6722 6659 1
23770 6066 6122 1
23771 9589 9650 1
23772 9622 9624 1
23773 7129 7130 1
23774 2746 2747 1
23775 6715 6651 1
23776 5461 5525 1
23777 6672 6737 1
23778 6133 6076 1
23779 5505 5451 1
23780 6075 6132 1
23781 6096 6050 1
23782 6057 6104 1
23783 6058 6105 1
23784 952 1027 1
23785 6097 6051 1
23786 9728 9650 1
23787 9682 9624 1
23788 9557 9623 1
23789 12245 12183 1
23790 12141 12192 1
23791 2345 2296 1
23792 2336 2289 1
23793 3138 3139 1
23794 2192 2119 1
23795 2073 2152 1
23796 4740 4678 1
23797 5369 5309 1
23798 4648 4721 1
23799 5404 5354 1
23800 9080 9090 1
23801 13867 13813 1
23802 6660 6723 1
23803 14072 14039 1
23804 2203 2184 1
23805 9663 9653 1
23806 9622 9681 1
23807 6736 6671 1
23808 6641 6704 1
23809 9699 9683 1
23810 9605 9591 1
23811 9650 9729 1
23812 9683 9670 1
23813 2673 2679 1
23814 2410 2396 1
23815 3515 3442 1
23816 2343 2294 1
23817 3128 3137 1
23818 2360 2316 1
23819 2335 2372 1
23820 2323 2364 1
23821 1947 1939 1
23822 2049 1992 1
23823 3116 3080 1
PREMISES 6719
0 2343 189 1
1 1886 547 1
2 1690 786 1
3 1612 721 1
4 1642 823 1
5 1752 554 1
6 1970 566 1
7 1790 703 1
8 1812 543 1
9 1604 821 1
10 1657 655 1
11 1572 677 1
12 1866 666 1
13 1695 774 1
14 1921 569 1
15 1963 524 1
16 1773 577 1
17 1813 654 1
18 1827 662 1
19 1754 665 1
20 1575 681 1
21 1693 825 1
22 1690 700 1
23 1761 760 1
24 1814 637 1
25 1835 529 1
26 1652 824 1
27 1832 796 1
28 1928 788 1
29 2004 621 1
30 1626 767 1
31 1734 775 1
32 1511 725 1
33 1778 581 1
34 1872 556 1
35 1673 634 1
36 1600 682 1
37 1631 724 1
38 1303 2067 1
39 2401 201 1
40 1236 728 1
41 1251 804 1
42 2398 126 1
43 1640 631 1
44 2284 45 1
45 2268 91 1
46 1327 801 1
47 1302 706 1
48 1605 794 1
49 1581 779 1
50 1679 761 1
51 1832 642 1
52 1470 793 1
53 1856 758 1
54 1875 794 1
55 2672 717 1
56 2590 762 1
57 2615 734 1
58 1740 796 1
59 1971 526 1
60 2437 732 1
61 1664 697 1
62 1748 616 1
63 1873 597 1
64 2414 760 1
65 1866 741 1
66 1932 570 1
67 1964 533 1
68 2581 783 1
69 2510 758 1
70 1504 821 1
71 1555 546 1
72 1636 551 1
73 1960 679 1
74 2483 741 1
75 1887 709 1
76 1987 617 1
77 2525 741 1
78 1648 708 1
79 1318 785 1
80 633 1713 1
81 1804 1774 1
82 2911 131 1
83 1493 706 1
84 1820 519 1
85 1775 652 1
86 2628 786 1
87 2323 718 1
88 2242 245 1
89 1515 808 1
90 2292 119 1
91 1572 648 1
92 2425 246 1
93 2476 805 1
94 1356 827 1
95 1491 790 1
96 1435 717 1
97 2351 794 1
98 2749 154 1
99 1458 807 1
100 1443 719 1
101 2431 793 1
102 2813 140 1
103 1402 800 1
104 2473 763 1
105 1514 585 1
106 2602 688 1
107 1747 727 1
108 2586 793 1
109 2527 678 1
110 1955 725 1
111 1632 734 1
112 1612 823 1
113 2500 776 1
114 1603 756 1
115 2467 819 1
116 1588 539 1
117 1611 735 1
118 1562 820 1
119 1600 697 1
120 2447 807 1
121 1633 739 1
122 1663 739 1
123 1671 823 1
124 1678 658 1
125 1563 744 1
126 1926 687 1
127 1642 582 1
128 2208 751 1
129 1671 565 1
130 1692 780 1
131 1743 552 1
132 1870 527 1
133 2526 720 1
134 1576 578 1
135 1728 652 1
136 1594 743 1
137 1777 789 1
138 2615 733 1
139 2355 716 1
140 1898 594 1
141 1864 760 1
142 1851 569 1
143 1791 581 1
144 1626 559 1
145 1674 806 1
146 1747 613 1
147 1825 823 1
148 1646 531 1
149 2568 84 1
150 2411 70 1
151 1911 268 1
152 1147 870 1
153 868 987 1
154 1436 746 1
155 1945 546 1
156 2490 690 1
157 1513 590 1
158 1306 660 1
159 1690 542 1
160 1861 643 1
161 1771 821 1
162 1639 527 1
163 2251 216 1
164 2635 189 1
165 1968 612 1
166 2756 121 1
167 2460 80 1
168 2378 50 1
169 1944 512 1
170 1973 692 1
171 1814 665 1
172 2694 121 1
173 1691 671 1
174 1441 824 1
175 2296 12 1
176 1402 788 1
177 1093 666 1
178 1382 730 1
179 2251 23 1
180 1400 828 1
181 2356 783 1
182 1460 784 1
183 2450 718 1
184 2288 58 1
185 2830 107 1
186 2443 233 1
187 1387 827 1
188 2308 22 1
189 2798 171 1
190 1401 729 1
191 1353 708 1
192 1911 702 1
193 1365 636 1
194 1595 706 1
195 2809 193 1
196 1931 766 1
197 1837 701 1
198 1295 787 1
199 1937 777 1
200 1689 769 1
201 2408 2 1
202 1686 528 1
203 1427 662 1
204 2259 64 1
205 1211 863 1
206 1898 587 1
207 2666 121 1
208 2780 226 1
209 2411 23 1
210 2652 156 1
211 2711 123 1
212 1403 793 1
213 2838 108 1
214 1516 702 1
215 1598 644 1
216 1832 595 1
217 2829 98 1
218 1750 581 1
219 1726 740 1
220 1277 833 1
221 1201 836 1
222 1195 851 1
223 2313 110 1
224 365 1031 1
225 2613 248 1
226 2300 121 1
227 1910 532 1
228 2755 206 1
229 2373 108 1
230 1155 2036 1
231 1896 724 1
232 2632 183 1
233 2759 57 1
234 1925 664 1
235 2462 208 1
236 2469 34 1
237 1341 726 1
238 1754 607 1
239 2952 207 1
240 2660 246 1
241 2725 186 1
242 2724 234 1
243 1428 713 1
244 2844 239 1
245 2243 258 1
246 1654 691 1
247 1698 574 1
248 2698 177 1
249 2006 796 1
250 1713 582 1
251 2420 87 1
252 2741 201 1
253 2344 214 1
254 1111 703 1
255 1580 726 1
256 2697 159 1
257 1907 826 1
258 1965 688 1
259 1312 790 1
260 1693 661 1
261 1758 743 1
262 1276 749 1
263 2292 183 1
264 1957 729 1
265 1572 616 1
266 1625 575 1
267 2881 152 1
268 2261 161 1
269 2270 112 1
270 2288 136 1
271 1156 745 1
272 1899 569 1
273 1571 616 1
274 1065 738 1
275 1487 583 1
276 1413 627 1
277 1473 607 1
278 1252 680 1
279 2400 806 1
280 2581 700 1
281 1522 713 1
282 1430 799 1
283 1456 742 1
284 1864 817 1
285 2446 739 1
286 1455 746 1
287 2412 713 1
288 2603 707 1
289 2612 719 1
290 1484 783 1
291 1949 782 1
292 1635 703 1
293 1489 718 1
294 2497 739 1
295 2500 754 1
296 2370 759 1
297 2468 788 1
298 2465 728 1
299 2588 733 1
300 2596 709 1
301 2531 734 1
302 2480 703 1
303 1748 789 1
304 1936 559 1
305 1520 678 1
306 2641 746 1
307 2021 758 1
308 1723 556 1
309 2513 756 1
310 2482 717 1
311 1586 767 1
312 334 1545 1
313 2583 660 1
314 1922 814 1
315 1431 700 1
316 2721 231 1
317 2522 4 1
318 2448 19 1
319 1859 629 1
320 1590 791 1
321 2653 222 1
322 2658 206 1
323 1893 792 1
324 1456 795 1
325 1692 717 1
326 1543 597 1
327 2391 56 1
328 1847 828 1
329 1897 621 1
330 1615 1495 1
331 2860 140 1
332 1800 819 1
333 2615 208 1
334 2347 729 1
335 1474 690 1
336 1773 623 1
337 2705 20 1
338 1857 537 1
339 2629 248 1
340 2630 185 1
341 2751 117 1
342 1854 775 1
343 2361 53 1
344 1832 724 1
345 2744 195 1
346 1563 814 1
347 2802 150 1
348 2546 685 1
349 1868 594 1
350 1553 783 1
351 2379 709 1
352 2375 84 1
353 2661 160 1
354 1379 813 1
355 2432 55 1
356 2408 83 1
357 1570 695 1
358 1696 831 1
359 2269 173 1
360 1866 701 1
361 1715 732 1
362 1734 782 1
363 1512 554 1
364 2508 71 1
365 1912 730 1
366 1468 747 1
367 1251 727 1
368 1772 815 1
369 1211 756 1
370 1808 513 1
371 1658 747 1
372 1747 711 1
373 1465 707 1
374 1697 693 1
375 1590 658 1
376 1584 657 1
377 1191 716 1
378 1725 613 1
379 1290 666 1
380 1956 587 1
381 1835 775 1
382 1754 529 1
383 1920 632 1
384 1786 640 1
385 1784 676 1
386 1604 582 1
387 1654 799 1
388 1956 733 1
389 1831 626 1
390 1915 677 1
391 1777 500 1
392 1605 579 1
393 1509 815 1
394 2569 701 1
395 2393 850 1
396 2598 755 1
397 2708 51 1
398 1661 595 1
399 2660 114 1
400 2383 28 1
401 2548 28 1
402 2350 13 1
403 1353 817 1
404 2442 696 1
405 2843 146 1
406 1895 767 1
407 2341 53 1
408 1492 811 1
409 2381 16 1
410 1420 733 1
411 1555 633 1
412 1290 759 1
413 1323 714 1
414 1405 745 1
415 1469 808 1
416 1462 833 1
417 2562 761 1
418 2777 140 1
419 1437 735 1
420 1405 629 1
421 2842 126 1
422 1334 722 1
423 2768 197 1
424 1908 712 1
425 1279 826 1
426 2785 218 1
427 1574 632 1
428 2870 66 1
429 1898 816 1
430 2872 11 1
431 2638 659 1
432 1283 723 1
433 2355 77 1
434 1831 670 1
435 2535 702 1
436 1316 825 1
437 1371 746 1
438 1391 715 1
439 2531 684 1
440 1350 668 1
441 1319 672 1
442 1640 615 1
443 1798 694 1
444 1966 603 1
445 1887 674 1
446 1517 736 1
447 2547 794 1
448 1610 810 1
449 1334 632 1
450 1398 616 1
451 1925 657 1
452 1435 644 1
453 1436 767 1
454 631 800 1
455 2480 171 1
456 2603 8 1
457 2466 111 1
458 2821 219 1
459 2461 142 1
460 2493 223 1
461 2676 59 1
462 2853 224 1
463 2868 196 1
464 2614 218 1
465 2770 153 1
466 2578 174 1
467 2857 181 1
468 2547 227 1
469 2547 164 1
470 2521 229 1
471 2558 230 1
472 2469 81 1
473 2639 166 1
474 2525 197 1
475 2622 46 1
476 2585 175 1
477 2756 39 1
478 2736 0 1
479 2613 149 1
480 2322 743 1
481 2672 55 1
482 2847 29 1
483 2657 112 1
484 2742 102 1
485 2746 19 1
486 2823 58 1
487 2745 74 1
488 2749 27 1
489 2780 67 1
490 2657 43 1
491 2593 240 1
492 2582 48 1
493 2796 36 1
494 2693 74 1
495 2743 69 1
496 2869 47 1
497 2489 31 1
498 2666 78 1
499 2647 6 1
500 353 672 1
501 1892 1905 1
502 2555 200 1
503 2333 268 1
504 2044 584 1
505 2062 616 1
506 2042 547 1
507 2011 550 1
508 2044 568 1
509 1980 546 1
510 2091 582 1
511 2051 574 1
512 2030 536 1
513 1976 587 1
514 2102 532 1
515 2838 871 1
516 261 684 1
517 1064 1151 1
518 1442 2200 1
519 3016 1697 1
520 634 49 1
521 250 1352 1
522 3509 2008 1
523 437 1586 1
524 91 1204 1
525 3517 2044 1
526 1318 1445 1
527 391 1116 1
528 1483 1643 1
529 3485 2165 1
530 154 1378 1
531 1154 1522 1
532 493 1789 1
533 1188 1323 1
534 1502 1065 1
535 1272 1514 1
536 1840 1697 1
537 3037 828 1
538 716 2047 1
539 2087 1744 1
540 555 396 1
541 1396 1649 1
542 2740 922 1
543 1669 2084 1
544 1093 1272 1
545 665 355 1
546 2519 1897 1
547 2047 1753 1
548 843 1293 1
549 1248 1190 1
550 171 610 1
551 50 1266 1
552 1006 1305 1
553 1467 1301 1
554 2272 1580 1
555 2228 1999 1
556 1437 1494 1
557 14 1106 1
558 612 297 1
559 123 985 1
560 3244 1736 1
561 1037 1573 1
562 387 983 1
563 412 1215 1
564 1205 1140 1
565 449 972 1
566 460 309 1
567 1290 1274 1
568 3333 1980 1
569 214 510 1
570 221 638 1
571 409 536 1
572 1567 1838 1
573 462 400 1
574 1133 1388 1
575 1155 1092 1
576 576 1892 1
577 1150 814 1
578 1454 1770 1
579 2444 1220 1
580 1660 1701 1
581 221 413 1
582 1344 1714 1
583 1606 1979 1
584 1361 1320 1
585 1534 1751 1
586 579 141 1
587 2295 1154 1
588 3089 1099 1
589 1641 1783 1
590 2200 1913 1
591 1624 1734 1
592 626 1952 1
593 1109 990 1
594 563 1778 1
595 1286 1145 1
596 1911 1800 1
597 2956 548 1
598 1087 2013 1
599 1812 1991 1
600 1054 481 1
601 1196 971 1
602 2030 1060 1
603 1683 2183 1
604 640 1461 1
605 637 1421 1
606 2740 1737 1
607 1636 1913 1
608 1582 2079 1
609 1545 1806 1
610 1506 1861 1
611 67 604 1
612 652 1874 1
613 1745 1797 1
614 1414 1433 1
615 432 817 1
616 2052 1107 1
617 681 1393 1
618 509 11 1
619 1210 1446 1
620 1610 1673 1
621 511 281 1
622 1577 1626 1
623 2083 1168 1
624 3443 1896 1
625 3419 2154 1
626 1326 984 1
627 446 1472 1
628 547 1332 1
629 2263 1898 1
630 911 1504 1
631 327 948 1
632 2146 1563 1
633 2091 1648 1
634 842 1652 1
635 2042 1430 1
636 3498 1920 1
637 2759 1033 1
638 2280 1080 1
639 224 1274 1
640 954 1208 1
641 250 258 1
642 449 909 1
643 257 289 1
644 1815 2054 1
645 2596 1555 1
646 1797 1584 1
647 2881 358 1
648 2363 1875 1
649 1366 1093 1
650 376 1470 1
651 2646 960 1
652 1616 1585 1
653 488 1271 1
654 2412 1879 1
655 912 1529 1
656 37 677 1
657 14 922 1
658 24 529 1
659 3505 1906 1
660 1685 2177 1
661 1586 1896 1
662 332 1159 1
663 718 679 1
664 461 841 1
665 898 532 1
666 248 1087 1
667 1719 1798 1
668 769 826 1
669 2478 1821 1
670 1205 986 1
671 767 1960 1
672 833 1195 1
673 1492 1823 1
674 1299 954 1
675 2697 1346 1
676 630 1207 1
677 3105 552 1
678 469 1216 1
679 652 415 1
680 315 318 1
681 1696 1779 1
682 138 1238 1
683 918 1007 1
684 545 1405 1
685 1572 1424 1
686 746 1447 1
687 1439 2093 1
688 2971 1564 1
689 1326 1388 1
690 1119 756 1
691 880 1495 1
692 1033 1384 1
693 2446 1880 1
694 519 1323 1
695 1631 1087 1
696 1635 1952 1
697 2433 1476 1
698 1751 1526 1
699 1220 1084 1
700 1648 2035 1
701 2093 1660 1
702 1664 1713 1
703 1834 2098 1
704 2378 1880 1
705 1778 1156 1
706 1026 394 1
707 518 1705 1
708 643 1318 1
709 372 911 1
710 1172 702 1
711 768 1097 1
712 756 69 1
713 1476 1804 1
714 2411 439 1
715 2359 435 1
716 2417 290 1
717 2348 410 1
718 2377 379 1
719 2345 417 1
720 2275 320 1
721 1304 1597 1
722 1674 1825 1
723 706 290 1
724 1451 1889 1
725 1033 552 1
726 553 1854 1
727 1915 1036 1
728 2466 1385 1
729 725 1731 1
730 372 522 1
731 978 317 1
732 857 1972 1
733 713 929 1
734 702 1218 1
735 911 1329 1
736 2050 1657 1
737 1012 1449 1
738 2022 1025 1
739 785 1508 1
740 1837 966 1
741 3230 1235 1
742 1952 1037 1
743 1873 2202 1
744 862 73 1
745 1376 1794 1
746 1364 1270 1
747 1405 1356 1
748 1706 1577 1
749 2181 2106 1
750 817 32 1
751 754 1141 1
752 1733 1518 1
753 1399 1389 1
754 1489 975 1
755 789 1799 1
756 980 378 1
757 3034 447 1
758 1281 911 1
759 504 166 1
760 3080 397 1
761 711 972 1
762 2372 2185 1
763 974 261 1
764 282 342 1
765 2737 263 1
766 1598 2120 1
767 1380 1434 1
768 1713 1083 1
769 942 1232 1
770 805 958 1
771 914 143 1
772 663 1870 1
773 1656 1627 1
774 1327 1627 1
775 1099 1446 1
776 2889 345 1
777 1811 1028 1
778 1860 1034 1
779 2982 379 1
780 2382 2150 1
781 1110 671 1
782 2792 355 1
783 1938 2189 1
784 666 1063 1
785 1706 1620 1
786 1652 1150 1
787 3375 2053 1
788 1711 2053 1
789 1768 1090 1
790 847 1097 1
791 545 2 1
792 779 1381 1
793 1042 1040 1
794 1437 1407 1
795 962 1136 1
796 1795 2188 1
797 435 473 1
798 755 1268 1
799 1894 1558 1
800 3012 783 1
801 2838 348 1
802 845 679 1
803 507 978 1
804 2989 396 1
805 1713 1586 1
806 1152 1847 1
807 1069 545 1
808 949 1370 1
809 802 490 1
810 2339 2014 1
811 878 53 1
812 863 1883 1
813 2425 1984 1
814 657 1010 1
815 1557 1583 1
816 531 1154 1
817 2800 342 1
818 761 1344 1
819 2694 1635 1
820 563 572 1
821 2750 2007 1
822 696 590 1
823 2063 2030 1
824 1384 1180 1
825 718 536 1
826 773 187 1
827 2196 2069 1
828 37 572 1
829 936 1092 1
830 2562 1973 1
831 795 1390 1
832 1659 1974 1
833 619 204 1
834 382 1413 1
835 2209 2106 1
836 333 300 1
837 1423 1091 1
838 3052 680 1
839 1795 2156 1
840 2746 269 1
841 2572 2006 1
842 1083 1801 1
843 2335 1969 1
844 937 231 1
845 2474 1597 1
846 2406 1901 1
847 631 598 1
848 2497 2014 1
849 2384 1980 1
850 2339 1977 1
851 2339 1987 1
852 2374 1933 1
853 2486 2027 1
854 781 1453 1
855 1044 1869 1
856 1740 1431 1
857 1696 1169 1
858 606 558 1
859 1341 2199 1
860 2718 2104 1
861 1031 1426 1
862 2431 1999 1
863 3049 1401 1
864 3340 2008 1
865 2529 2160 1
866 914 1437 1
867 2906 733 1
868 2348 1612 1
869 1119 899 1
870 778 1400 1
871 1955 1496 1
872 875 1375 1
873 3204 1115 1
874 2737 1955 1
875 2518 2153 1
876 2646 2103 1
877 1471 1957 1
878 1564 1396 1
879 754 1475 1
880 1885 1070 1
881 2792 339 1
882 870 1433 1
883 2011 2170 1
884 1477 1724 1
885 3341 1278 1
886 1838 1080 1
887 1825 1077 1
888 2366 1088 1
889 2542 2080 1
890 670 1671 1
891 2817 1973 1
892 239 1006 1
893 873 1910 1
894 754 1689 1
895 1650 1091 1
896 1491 987 1
897 1606 1708 1
898 2452 2094 1
899 2750 2172 1
900 1393 1821 1
901 3222 1150 1
902 2535 1973 1
903 611 1131 1
904 1465 1434 1
905 3236 1124 1
906 2882 622 1
907 2592 2178 1
908 492 1281 1
909 1503 1912 1
910 2554 1983 1
911 1607 2147 1
912 2883 1491 1
913 2848 537 1
914 2618 2074 1
915 2647 1903 1
916 2358 2058 1
917 2698 1958 1
918 3033 1719 1
919 1510 2007 1
920 2716 1906 1
921 2699 1349 1
922 3083 695 1
923 2886 595 1
924 1327 999 1
925 2707 1927 1
926 3150 1676 1
927 2148 1070 1
928 459 921 1
929 2075 1998 1
930 1573 1589 1
931 2354 2018 1
932 1529 1393 1
933 3443 1868 1
934 2903 468 1
935 372 1349 1
936 2287 1655 1
937 1463 1039 1
938 2342 1998 1
939 1767 1627 1
940 2716 363 1
941 2327 2101 1
942 2500 2178 1
943 2511 2060 1
944 2648 2177 1
945 2756 1920 1
946 658 1391 1
947 3025 529 1
948 2493 2130 1
949 2546 2184 1
950 853 1171 1
951 1782 1915 1
952 2429 2010 1
953 2955 777 1
954 1461 1203 1
955 247 1310 1
956 3230 1123 1
957 2333 2048 1
958 2795 1953 1
959 2435 2017 1
960 2420 2178 1
961 1560 2137 1
962 2424 2095 1
963 3007 1069 1
964 2356 2100 1
965 2678 2034 1
966 2355 2079 1
967 289 1120 1
968 2480 1973 1
969 1395 1037 1
970 3020 1375 1
971 2449 2105 1
972 1307 1061 1
973 2703 1853 1
974 3052 1187 1
975 2739 1888 1
976 2515 2090 1
977 1603 2186 1
978 2728 1861 1
979 3169 868 1
980 2963 1809 1
981 2742 2038 1
982 2925 1052 1
983 1887 2012 1
984 2892 256 1
985 2222 2120 1
986 2574 1901 1
987 2753 1978 1
988 1383 1020 1
989 2813 2002 1
990 3271 2075 1
991 723 1271 1
992 1802 1626 1
993 1779 1571 1
994 3027 551 1
995 865 1719 1
996 780 2069 1
997 1752 1623 1
998 632 553 1
999 2508 2103 1
1000 3127 1084 1
1001 1934 1496 1
1002 2526 1890 1
1003 2604 1879 1
1004 2307 2099 1
1005 3276 1061 1
1006 2548 1501 1
1007 1540 2112 1
1008 752 1083 1
1009 1919 1065 1
1010 2752 1863 1
1011 2493 2150 1
1012 2290 2074 1
1013 3086 381 1
1014 2868 715 1
1015 2815 727 1
1016 2059 1926 1
1017 1709 1952 1
1018 916 1216 1
1019 2432 1931 1
1020 2855 2065 1
1021 616 1575 1
1022 1061 591 1
1023 2411 1979 1
1024 2394 2096 1
1025 2617 1961 1
1026 2115 1028 1
1027 3189 928 1
1028 1696 1197 1
1029 2558 2095 1
1030 3054 480 1
1031 894 1118 1
1032 2529 1364 1
1033 3271 2015 1
1034 2711 2159 1
1035 2668 273 1
1036 2403 1815 1
1037 2511 1972 1
1038 2365 1926 1
1039 815 492 1
1040 3325 1264 1
1041 2243 1340 1
1042 2438 1919 1
1043 409 496 1
1044 673 1247 1
1045 2588 2052 1
1046 2732 2206 1
1047 1392 1046 1
1048 395 877 1
1049 1751 1991 1
1050 1573 2165 1
1051 2035 2148 1
1052 813 1618 1
1053 2518 2183 1
1054 2473 2013 1
1055 3361 1291 1
1056 1969 2198 1
1057 2345 2145 1
1058 1318 877 1
1059 3181 1018 1
1060 1407 1135 1
1061 2251 1840 1
1062 1634 1137 1
1063 3179 1167 1
1064 644 981 1
1065 3151 829 1
1066 3148 807 1
1067 3174 888 1
1068 2854 2071 1
1069 2885 361 1
1070 2667 1953 1
1071 2917 588 1
1072 964 1049 1
1073 586 930 1
1074 2041 1538 1
1075 2930 2067 1
1076 3137 766 1
1077 2441 2150 1
1078 1796 1926 1
1079 929 1778 1
1080 817 1991 1
1081 2214 1929 1
1082 786 193 1
1083 391 780 1
1084 2086 2165 1
1085 2146 1903 1
1086 2015 2194 1
1087 656 732 1
1088 2705 2177 1
1089 1971 1490 1
1090 2597 2176 1
1091 844 989 1
1092 831 890 1
1093 3126 1007 1
1094 1642 1587 1
1095 2524 1444 1
1096 2735 2070 1
1097 3183 954 1
1098 2612 2140 1
1099 2781 1930 1
1100 2636 2010 1
1101 843 1276 1
1102 3215 1161 1
1103 3285 1237 1
1104 595 1050 1
1105 1553 1088 1
1106 2867 1698 1
1107 1933 856 1
1108 947 1979 1
1109 3034 619 1
1110 879 143 1
1111 3111 1186 1
1112 2631 312 1
1113 1589 1227 1
1114 2136 1521 1
1115 2172 1901 1
1116 2466 2057 1
1117 2818 1658 1
1118 3125 861 1
1119 2476 2177 1
1120 1495 1965 1
1121 3361 1399 1
1122 3080 742 1
1123 745 166 1
1124 1520 1171 1
1125 1001 957 1
1126 1644 1142 1
1127 1090 708 1
1128 130 348 1
1129 152 273 1
1130 131 249 1
1131 911 518 1
1132 903 1045 1
1133 2884 509 1
1134 548 936 1
1135 1564 1155 1
1136 2808 2194 1
1137 2945 637 1
1138 3103 711 1
1139 558 191 1
1140 3007 930 1
1141 2036 2186 1
1142 505 938 1
1143 1493 1434 1
1144 1806 1882 1
1145 537 1085 1
1146 2780 2177 1
1147 648 1625 1
1148 2353 2195 1
1149 1866 1608 1
1150 3308 1646 1
1151 3249 1170 1
1152 3135 1211 1
1153 460 1158 1
1154 1089 875 1
1155 857 868 1
1156 3469 1550 1
1157 2714 1981 1
1158 1825 1460 1
1159 675 923 1
1160 895 23 1
1161 2844 1641 1
1162 687 162 1
1163 3451 1716 1
1164 2915 751 1
1165 1504 1394 1
1166 924 555 1
1167 2997 850 1
1168 2632 1018 1
1169 2671 1912 1
1170 1986 1597 1
1171 2943 672 1
1172 3315 1977 1
1173 966 477 1
1174 2949 924 1
1175 1733 1885 1
1176 1884 892 1
1177 1663 1366 1
1178 2198 1980 1
1179 799 72 1
1180 2820 2028 1
1181 2675 2064 1
1182 889 599 1
1183 850 1986 1
1184 3103 1444 1
1185 1992 847 1
1186 608 1527 1
1187 2774 1905 1
1188 1025 966 1
1189 3454 1644 1
1190 1942 969 1
1191 2645 370 1
1192 1756 1893 1
1193 2679 1977 1
1194 2375 2062 1
1195 3145 1015 1
1196 2671 2138 1
1197 2970 1778 1
1198 1840 2179 1
1199 2247 1597 1
1200 2026 2134 1
1201 3030 717 1
1202 3105 863 1
1203 663 211 1
1204 2973 607 1
1205 3277 1112 1
1206 3125 1037 1
1207 2249 1875 1
1208 103 904 1
1209 908 486 1
1210 1016 1923 1
1211 2283 2026 1
1212 2887 2120 1
1213 916 1049 1
1214 1076 701 1
1215 2689 2075 1
1216 3004 1820 1
1217 2652 2170 1
1218 2908 664 1
1219 3391 1853 1
1220 3112 1715 1
1221 2727 2197 1
1222 1054 681 1
1223 851 846 1
1224 733 398 1
1225 1884 2127 1
1226 1281 869 1
1227 2044 2108 1
1228 957 488 1
1229 768 961 1
1230 3281 2062 1
1231 1970 1328 1
1232 2092 1822 1
1233 1527 2060 1
1234 3089 1192 1
1235 2770 2154 1
1236 3069 884 1
1237 3108 475 1
1238 867 107 1
1239 577 925 1
1240 2687 2077 1
1241 782 1874 1
1242 2646 2017 1
1243 3291 1256 1
1244 2976 1741 1
1245 2957 1676 1
1246 3148 1087 1
1247 705 1906 1
1248 1324 906 1
1249 3242 1073 1
1250 2089 2050 1
1251 2088 2025 1
1252 3349 1422 1
1253 1365 899 1
1254 2690 316 1
1255 3022 1458 1
1256 2622 439 1
1257 846 332 1
1258 1798 1065 1
1259 2717 2008 1
1260 570 637 1
1261 921 751 1
1262 735 1238 1
1263 2159 2118 1
1264 2669 2111 1
1265 2721 2035 1
1266 2894 379 1
1267 3294 1966 1
1268 2943 417 1
1269 2610 407 1
1270 3055 1158 1
1271 2220 1831 1
1272 2173 1955 1
1273 1865 2021 1
1274 1599 1210 1
1275 1574 1920 1
1276 2997 1789 1
1277 3505 1764 1
1278 3140 1143 1
1279 1587 1947 1
1280 2596 2156 1
1281 2927 577 1
1282 2837 408 1
1283 2785 2069 1
1284 3030 2202 1
1285 881 1044 1
1286 776 670 1
1287 2455 2072 1
1288 2225 1862 1
1289 2518 2068 1
1290 2915 690 1
1291 2611 425 1
1292 2907 533 1
1293 2986 680 1
1294 757 39 1
1295 3508 1675 1
1296 509 855 1
1297 3006 1355 1
1298 2630 1899 1
1299 2219 1921 1
1300 2681 1919 1
1301 2620 2178 1
1302 1848 890 1
1303 3103 756 1
1304 1773 1880 1
1305 3160 1284 1
1306 3006 271 1
1307 3470 1891 1
1308 1384 1973 1
1309 3125 2191 1
1310 2159 1926 1
1311 747 733 1
1312 944 906 1
1313 1430 2067 1
1314 3033 565 1
1315 416 139 1
1316 2202 1859 1
1317 1203 1037 1
1318 915 1056 1
1319 3277 1087 1
1320 707 1144 1
1321 551 796 1
1322 510 582 1
1323 748 1819 1
1324 2637 1982 1
1325 3266 2134 1
1326 1861 986 1
1327 3268 1933 1
1328 1044 668 1
1329 947 453 1
1330 2068 2099 1
1331 2622 1911 1
1332 1362 945 1
1333 323 1336 1
1334 2071 1919 1
1335 3157 917 1
1336 714 195 1
1337 2773 2180 1
1338 3072 1072 1
1339 2049 1886 1
1340 1252 1035 1
1341 343 112 1
1342 210 136 1
1343 317 112 1
1344 256 95 1
1345 2655 2032 1
1346 3038 1615 1
1347 1185 1052 1
1348 2720 1273 1
1349 2202 2081 1
1350 3005 939 1
1351 3095 1742 1
1352 2939 552 1
1353 638 550 1
1354 1999 925 1
1355 2755 320 1
1356 2888 1709 1
1357 2625 1929 1
1358 802 1939 1
1359 3133 1240 1
1360 3160 1210 1
1361 2418 2065 1
1362 2402 2154 1
1363 225 1444 1
1364 748 1835 1
1365 2976 760 1
1366 672 992 1
1367 925 563 1
1368 2718 317 1
1369 1678 1039 1
1370 2862 1084 1
1371 2407 2193 1
1372 1556 2077 1
1373 2735 2203 1
1374 768 398 1
1375 3109 839 1
1376 1948 886 1
1377 762 1820 1
1378 952 1410 1
1379 2358 2167 1
1380 3206 1703 1
1381 753 987 1
1382 1913 940 1
1383 65 973 1
1384 2099 2192 1
1385 3114 2140 1
1386 3375 1319 1
1387 1852 2015 1
1388 2610 2201 1
1389 3460 1730 1
1390 2926 506 1
1391 3517 1738 1
1392 3105 800 1
1393 495 706 1
1394 3052 1039 1
1395 772 603 1
1396 3065 1674 1
1397 3401 1365 1
1398 2966 726 1
1399 2304 2177 1
1400 2141 2088 1
1401 541 1142 1
1402 2506 1592 1
1403 533 898 1
1404 2041 1316 1
1405 3218 1925 1
1406 853 104 1
1407 2614 635 1
1408 3224 1857 1
1409 2207 2038 1
1410 2930 826 1
1411 2012 1932 1
1412 3268 2167 1
1413 2681 1472 1
1414 971 1004 1
1415 3329 1933 1
1416 3072 1223 1
1417 2605 346 1
1418 2455 2154 1
1419 3232 1464 1
1420 2902 1685 1
1421 3293 1584 1
1422 2153 1620 1
1423 652 727 1
1424 842 33 1
1425 57 439 1
1426 900 647 1
1427 2881 1675 1
1428 3210 2177 1
1429 1638 1416 1
1430 1077 987 1
1431 3372 2010 1
1432 2227 1159 1
1433 2132 2050 1
1434 3109 1676 1
1435 1910 2023 1
1436 1863 1613 1
1437 1833 1994 1
1438 3155 2046 1
1439 2242 712 1
1440 2127 819 1
1441 1992 963 1
1442 908 1092 1
1443 2915 1847 1
1444 3071 1643 1
1445 2976 820 1
1446 1862 1289 1
1447 1087 642 1
1448 3000 837 1
1449 851 719 1
1450 1009 1068 1
1451 2643 1336 1
1452 1002 1644 1
1453 1847 2113 1
1454 3315 1206 1
1455 2001 1921 1
1456 2160 1976 1
1457 2219 1243 1
1458 731 1342 1
1459 3057 1824 1
1460 3288 1176 1
1461 1949 2160 1
1462 1699 1930 1
1463 818 541 1
1464 3309 1898 1
1465 3115 1354 1
1466 918 191 1
1467 3123 2167 1
1468 3395 2074 1
1469 934 1397 1
1470 2979 1560 1
1471 1912 1986 1
1472 1854 2117 1
1473 2665 1624 1
1474 1994 2056 1
1475 3117 1777 1
1476 1002 1374 1
1477 1938 2100 1
1478 3092 1069 1
1479 3311 1867 1
1480 2468 1711 1
1481 895 239 1
1482 2900 1960 1
1483 2675 1643 1
1484 968 577 1
1485 952 1726 1
1486 417 899 1
1487 3216 1981 1
1488 1268 1046 1
1489 1731 1944 1
1490 2949 538 1
1491 2850 2065 1
1492 1666 1229 1
1493 2612 968 1
1494 2881 2205 1
1495 3089 1621 1
1496 2692 1293 1
1497 2987 1916 1
1498 2044 1886 1
1499 2899 2202 1
1500 2302 2174 1
1501 978 1868 1
1502 1520 1154 1
1503 3399 2097 1
1504 2692 1093 1
1505 3173 1920 1
1506 1783 1208 1
1507 2768 1409 1
1508 2359 1023 1
1509 3249 1869 1
1510 3326 1869 1
1511 1975 2101 1
1512 3057 1760 1
1513 2709 1209 1
1514 2982 586 1
1515 2644 1996 1
1516 2981 908 1
1517 3419 1576 1
1518 3134 1040 1
1519 1035 589 1
1520 2155 2016 1
1521 1909 2082 1
1522 940 989 1
1523 1899 2078 1
1524 3289 857 1
1525 2864 2023 1
1526 3146 1964 1
1527 2261 1078 1
1528 3184 2170 1
1529 3096 1036 1
1530 593 1241 1
1531 3087 892 1
1532 3304 1057 1
1533 2886 666 1
1534 749 7 1
1535 1908 2104 1
1536 3222 2011 1
1537 1827 981 1
1538 1770 954 1
1539 2939 1572 1
1540 2101 1913 1
1541 742 1398 1
1542 1923 2189 1
1543 1977 2189 1
1544 938 884 1
1545 3169 2167 1
1546 3006 1771 1
1547 108 128 1
1548 2968 1630 1
1549 2889 1887 1
1550 3342 2171 1
1551 2129 1873 1
1552 907 110 1
1553 1084 833 1
1554 3217 1974 1
1555 3142 991 1
1556 1079 999 1
1557 2924 2063 1
1558 3124 2145 1
1559 2258 1412 1
1560 2718 1175 1
1561 3016 694 1
1562 3263 1862 1
1563 2283 2200 1
1564 915 241 1
1565 3488 1834 1
1566 3158 1370 1
1567 2574 354 1
1568 2820 2168 1
1569 2450 1594 1
1570 534 1069 1
1571 2511 1135 1
1572 2898 1492 1
1573 2891 1744 1
1574 3078 1011 1
1575 2422 1219 1
1576 2130 2046 1
1577 2895 1789 1
1578 3082 945 1
1579 1972 2083 1
1580 3177 2142 1
1581 3115 2039 1
1582 3123 2079 1
1583 3238 2135 1
1584 2827 1968 1
1585 3190 2145 1
1586 2913 1963 1
1587 629 563 1
1588 2981 1402 1
1589 1867 1988 1
1590 3210 1994 1
1591 2012 1239 1
1592 3264 1033 1
1593 2989 259 1
1594 2882 1911 1
1595 3371 2176 1
1596 2961 2071 1
1597 3133 2150 1
1598 3101 1414 1
1599 2068 1936 1
1600 647 1282 1
1601 3020 1697 1
1602 3207 1951 1
1603 2887 1728 1
1604 738 314 1
1605 2844 2089 1
1606 1067 639 1
1607 2815 1908 1
1608 772 1463 1
1609 984 1798 1
1610 3219 2165 1
1611 3315 1931 1
1612 1866 1154 1
1613 849 309 1
1614 547 617 1
1615 2902 569 1
1616 3237 2106 1
1617 3098 1587 1
1618 2955 1903 1
1619 3218 1069 1
1620 482 1158 1
1621 2381 1739 1
1622 2669 1358 1
1623 1908 1980 1
1624 918 463 1
1625 2077 2082 1
1626 3050 763 1
1627 627 1264 1
1628 2994 1623 1
1629 581 515 1
1630 3098 1196 1
1631 3049 1477 1
1632 476 1150 1
1633 2494 1279 1
1634 955 1538 1
1635 2939 1779 1
1636 2698 1136 1
1637 511 1530 1
1638 3204 1035 1
1639 2836 309 1
1640 987 1375 1
1641 3248 2087 1
1642 2808 307 1
1643 2176 1381 1
1644 2851 1956 1
1645 3166 1450 1
1646 3265 1951 1
1647 3136 1449 1
1648 3226 2088 1
1649 2915 1896 1
1650 2342 1836 1
1651 3168 1698 1
1652 2986 1614 1
1653 3011 721 1
1654 2919 447 1
1655 1939 2050 1
1656 3188 1947 1
1657 1966 1976 1
1658 1864 1975 1
1659 3171 1423 1
1660 1987 1778 1
1661 2476 1137 1
1662 3159 1895 1
1663 3481 1663 1
1664 2382 1413 1
1665 2140 2159 1
1666 1647 1846 1
1667 626 1964 1
1668 2117 2115 1
1669 1915 1434 1
1670 1960 2011 1
1671 1997 2087 1
1672 3118 2178 1
1673 1885 1491 1
1674 2089 1704 1
1675 1905 1392 1
1676 3015 1170 1
1677 2916 810 1
1678 2463 1559 1
1679 1875 2022 1
1680 3290 2166 1
1681 2149 1315 1
1682 2023 1265 1
1683 1028 886 1
1684 3130 571 1
1685 2055 2084 1
1686 2939 1598 1
1687 3163 911 1
1688 728 1172 1
1689 2328 1049 1
1690 2966 2069 1
1691 2071 1881 1
1692 2010 2021 1
1693 3011 600 1
1694 2509 1026 1
1695 915 1560 1
1696 878 1395 1
1697 3231 1006 1
1698 550 1717 1
1699 2569 1290 1
1700 3312 2195 1
1701 469 1201 1
1702 2907 1944 1
1703 767 1549 1
1704 2262 1763 1
1705 2977 1672 1
1706 955 955 1
1707 2950 290 1
1708 3383 1232 1
1709 2971 2089 1
1710 3244 2065 1
1711 1356 1067 1
1712 3327 2155 1
1713 2159 1868 1
1714 3417 1466 1
1715 1052 1518 1
1716 1860 2184 1
1717 3074 1902 1
1718 1795 1043 1
1719 3216 1284 1
1720 3157 1241 1
1721 802 1807 1
1722 3364 1651 1
1723 3106 2149 1
1724 2793 2002 1
1725 2881 367 1
1726 3205 593 1
1727 1795 1122 1
1728 556 987 1
1729 2635 790 1
1730 2783 318 1
1731 1539 1105 1
1732 3351 2164 1
1733 1885 1085 1
1734 2787 1322 1
1735 2929 1516 1
1736 3335 2073 1
1737 3214 1872 1
1738 3031 1296 1
1739 1803 1047 1
1740 3449 1779 1
1741 3304 2206 1
1742 2163 1585 1
1743 3256 2194 1
1744 3208 1226 1
1745 2194 1543 1
1746 97 305 1
1747 44 239 1
1748 3295 2146 1
1749 908 1136 1
1750 3333 2086 1
1751 727 225 1
1752 2686 1779 1
1753 3079 1142 1
1754 3228 1888 1
1755 3424 1089 1
1756 904 479 1
1757 3084 1608 1
1758 3323 1855 1
1759 2108 1874 1
1760 3233 1684 1
1761 1733 1476 1
1762 2089 2045 1
1763 2620 422 1
1764 1479 1083 1
1765 2039 2023 1
1766 2916 2150 1
1767 2004 2003 1
1768 3364 1356 1
1769 1413 874 1
1770 1045 1898 1
1771 3315 2047 1
1772 2957 763 1
1773 3295 1888 1
1774 2973 1982 1
1775 546 1099 1
1776 3188 1267 1
1777 2958 1945 1
1778 1515 948 1
1779 2592 1178 1
1780 2623 388 1
1781 2879 396 1
1782 1879 2183 1
1783 2829 500 1
1784 3328 1733 1
1785 3139 1431 1
1786 590 1418 1
1787 2797 2042 1
1788 796 1240 1
1789 966 789 1
1790 1945 1157 1
1791 3144 1489 1
1792 3193 1968 1
1793 3386 1807 1
1794 3348 1889 1
1795 2756 1041 1
1796 3139 732 1
1797 1684 1085 1
1798 3157 941 1
1799 2852 1892 1
1800 2025 1965 1
1801 3121 2016 1
1802 1474 870 1
1803 1315 1060 1
1804 2940 1973 1
1805 1105 584 1
1806 2185 2190 1
1807 3257 2053 1
1808 3037 1498 1
1809 2905 510 1
1810 351 940 1
1811 3384 1827 1
1812 2903 787 1
1813 2715 1617 1
1814 2878 285 1
1815 1503 1220 1
1816 871 194 1
1817 468 1087 1
1818 524 1232 1
1819 2835 433 1
1820 1598 1088 1
1821 3185 2095 1
1822 2148 1675 1
1823 2248 1371 1
1824 2790 1828 1
1825 1979 1958 1
1826 755 351 1
1827 2495 438 1
1828 818 1868 1
1829 777 1200 1
1830 1472 884 1
1831 3167 1825 1
1832 2934 1803 1
1833 2086 2187 1
1834 2887 1657 1
1835 2933 1990 1
1836 1449 954 1
1837 2349 1495 1
1838 1986 2022 1
1839 670 1325 1
1840 2080 2091 1
1841 2789 591 1
1842 2617 769 1
1843 2605 1696 1
1844 1432 1837 1
1845 3238 1207 1
1846 1857 1043 1
1847 1918 1078 1
1848 3392 2188 1
1849 2843 1127 1
1850 1124 534 1
1851 2904 1987 1
1852 2402 1185 1
1853 3079 1531 1
1854 91 379 1
1855 2331 1274 1
1856 1580 1382 1
1857 1682 1102 1
1858 2599 424 1
1859 2913 1818 1
1860 3387 1606 1
1861 2854 2176 1
1862 2772 1218 1
1863 3121 1211 1
1864 2907 863 1
1865 2086 1832 1
1866 3031 1791 1
1867 989 166 1
1868 1883 1101 1
1869 2863 2191 1
1870 3221 1885 1
1871 2104 1586 1
1872 2950 1662 1
1873 2815 1951 1
1874 2948 2033 1
1875 3109 1530 1
1876 2876 1863 1
1877 3142 1942 1
1878 2190 2065 1
1879 1920 2064 1
1880 3111 2163 1
1881 2984 1616 1
1882 495 539 1
1883 2772 1757 1
1884 3459 1537 1
1885 3374 2034 1
1886 3267 2087 1
1887 2745 1240 1
1888 3393 1544 1
1889 2922 1517 1
1890 667 626 1
1891 3216 855 1
1892 3276 1179 1
1893 3090 1240 1
1894 563 516 1
1895 650 552 1
1896 3502 1802 1
1897 1398 906 1
1898 2828 276 1
1899 3175 2082 1
1900 3084 1813 1
1901 2398 1118 1
1902 2914 1588 1
1903 3229 2071 1
1904 827 554 1
1905 2186 1319 1
1906 2179 2159 1
1907 3046 1652 1
1908 3133 2033 1
1909 3438 1933 1
1910 1353 1647 1
1911 3136 1792 1
1912 1401 952 1
1913 2800 1002 1
1914 741 477 1
1915 2741 1892 1
1916 2790 1194 1
1917 2017 1049 1
1918 1731 1859 1
1919 3176 1721 1
1920 3215 1245 1
1921 3204 1621 1
1922 2849 2042 1
1923 1931 1021 1
1924 2938 1931 1
1925 126 113 1
1926 2915 2067 1
1927 3133 1264 1
1928 2906 2028 1
1929 3369 2065 1
1930 2897 2052 1
1931 3213 2062 1
1932 1123 1471 1
1933 2746 1113 1
1934 2963 880 1
1935 3327 1326 1
1936 3171 1814 1
1937 3040 1818 1
1938 1461 1085 1
1939 3119 884 1
1940 1891 2166 1
1941 1867 2032 1
1942 2566 2004 1
1943 2740 1234 1
1944 2881 500 1
1945 2820 1928 1
1946 3222 2051 1
1947 2652 702 1
1948 2897 287 1
1949 629 1093 1
1950 3121 913 1
1951 3084 1560 1
1952 2941 659 1
1953 2827 1215 1
1954 2054 2046 1
1955 2839 637 1
1956 1593 1079 1
1957 3072 1723 1
1958 3250 1773 1
1959 2665 805 1
1960 2147 2203 1
1961 1385 878 1
1962 2729 1820 1
1963 1951 2054 1
1964 390 267 1
1965 3113 1955 1
1966 2838 1885 1
1967 2877 1926 1
1968 2828 2008 1
1969 171 499 1
1970 2816 988 1
1971 2912 1891 1
1972 3039 1442 1
1973 1397 900 1
1974 2351 1224 1
1975 2961 1550 1
1976 3340 1879 1
1977 1672 1284 1
1978 3317 1959 1
1979 3054 2106 1
1980 3303 1878 1
1981 1793 2110 1
1982 2191 2181 1
1983 2964 699 1
1984 3043 1803 1
1985 2852 548 1
1986 2880 1933 1
1987 3334 1807 1
1988 3472 1823 1
1989 1388 1060 1
1990 3042 2152 1
1991 3155 1981 1
1992 2705 1333 1
1993 658 243 1
1994 2814 1237 1
1995 3145 1878 1
1996 2737 274 1
1997 3402 1520 1
1998 2222 2202 1
1999 1411 862 1
2000 2768 1736 1
2001 1573 879 1
2002 3078 1389 1
2003 2250 1397 1
2004 2907 1647 1
2005 2906 328 1
2006 2793 2023 1
2007 2792 1275 1
2008 2811 403 1
2009 2653 1122 1
2010 917 183 1
2011 2200 2197 1
2012 1890 1093 1
2013 733 539 1
2014 125 502 1
2015 807 501 1
2016 2784 416 1
2017 2033 1975 1
2018 548 612 1
2019 1898 1556 1
2020 2948 381 1
2021 2045 2088 1
2022 2944 919 1
2023 1962 1598 1
2024 3129 1927 1
2025 1138 1570 1
2026 190 458 1
2027 161 460 1
2028 2926 1840 1
2029 2808 1576 1
2030 2287 668 1
2031 2164 686 1
2032 2060 686 1
2033 2037 683 1
2034 2207 689 1
2035 2216 675 1
2036 1771 1207 1
2037 2906 2028 1
2038 2767 2074 1
2039 2804 1189 1
2040 2694 1039 1
2041 2198 2204 1
2042 3016 945 1
2043 770 472 1
2044 2895 1832 1
2045 2244 1457 1
2046 1483 900 1
2047 973 370 1
2048 2868 1588 1
2049 3045 967 1
2050 2900 259 1
2051 2883 1731 1
2052 911 676 1
2053 2998 1711 1
2054 1403 985 1
2055 1755 985 1
2056 2614 960 1
2057 2327 1884 1
2058 3210 1277 1
2059 2907 920 1
2060 2514 1166 1
2061 2932 757 1
2062 3074 928 1
2063 1032 1489 1
2064 2678 657 1
2065 3087 680 1
2066 3265 1795 1
2067 1359 995 1
2068 3159 933 1
2069 2947 1613 1
2070 2650 431 1
2071 2892 1650 1
2072 1464 913 1
2073 2079 2172 1
2074 2353 1772 1
2075 1346 960 1
2076 2926 1527 1
2077 2899 846 1
2078 426 704 1
2079 1304 895 1
2080 2701 399 1
2081 677 496 1
2082 1445 1218 1
2083 2015 1975 1
2084 2167 1482 1
2085 850 195 1
2086 2915 854 1
2087 3016 1682 1
2088 320 187 1
2089 2845 1806 1
2090 1984 1630 1
2091 3156 1274 1
2092 3008 1816 1
2093 2211 1753 1
2094 3016 2144 1
2095 676 303 1
2096 1988 2050 1
2097 908 454 1
2098 3012 1695 1
2099 1901 856 1
2100 3269 1188 1
2101 3105 1540 1
2102 3197 1991 1
2103 1924 929 1
2104 3045 1535 1
2105 2357 1181 1
2106 2940 934 1
2107 2245 2154 1
2108 2944 1528 1
2109 2113 1842 1
2110 2791 1590 1
2111 2254 1423 1
2112 2857 290 1
2113 2978 1807 1
2114 1426 983 1
2115 2769 1182 1
2116 2721 1111 1
2117 2554 1676 1
2118 485 509 1
2119 2963 748 1
2120 460 1474 1
2121 1884 937 1
2122 2915 2209 1
2123 1331 918 1
2124 2541 781 1
2125 3104 1433 1
2126 3018 1306 1
2127 3150 1477 1
2128 2335 1170 1
2129 1015 1254 1
2130 3278 1710 1
2131 2398 1160 1
2132 2973 2161 1
2133 3106 732 1
2134 2777 1592 1
2135 2955 2149 1
2136 2186 2170 1
2137 3124 1296 1
2138 377 1163 1
2139 2973 1816 1
2140 2730 1815 1
2141 2278 1701 1
2142 2830 378 1
2143 3227 1309 1
2144 2852 260 1
2145 2384 1798 1
2146 3131 1209 1
2147 3544 1770 1
2148 3245 1225 1
2149 2246 1207 1
2150 637 1141 1
2151 1073 1523 1
2152 2043 1401 1
2153 1447 1134 1
2154 3261 1811 1
2155 3305 1689 1
2156 2187 1829 1
2157 2962 2190 1
2158 2787 374 1
2159 2868 1726 1
2160 2327 1724 1
2161 1444 943 1
2162 2343 1756 1
2163 2850 1581 1
2164 663 1080 1
2165 2844 1257 1
2166 918 613 1
2167 1548 930 1
2168 1473 891 1
2169 2920 893 1
2170 3320 1820 1
2171 3111 1249 1
2172 1508 884 1
2173 1476 876 1
2174 3434 1816 1
2175 1486 1444 1
2176 527 494 1
2177 2888 869 1
2178 3189 1248 1
2179 2407 1713 1
2180 2910 806 1
2181 1985 1563 1
2182 2164 2172 1
2183 3420 1588 1
2184 1692 1501 1
2185 1955 2015 1
2186 2995 2189 1
2187 2598 736 1
2188 625 230 1
2189 2989 1533 1
2190 3054 1501 1
2191 1445 961 1
2192 2708 1819 1
2193 2958 950 1
2194 2243 2178 1
2195 1412 907 1
2196 3046 929 1
2197 3225 1327 1
2198 2568 1111 1
2199 1014 926 1
2200 2612 648 1
2201 2687 1575 1
2202 2682 754 1
2203 2873 1819 1
2204 871 479 1
2205 1434 879 1
2206 1421 939 1
2207 3216 1637 1
2208 890 1952 1
2209 3388 1599 1
2210 2641 1105 1
2211 3038 2210 1
2212 883 1430 1
2213 3279 1189 1
2214 2525 1189 1
2215 2850 938 1
2216 1452 946 1
2217 2954 1548 1
2218 2789 1300 1
2219 2648 1800 1
2220 3304 1804 1
2221 2183 2197 1
2222 3091 1566 1
2223 644 963 1
2224 1746 2016 1
2225 2594 697 1
2226 2944 2160 1
2227 2383 1780 1
2228 3179 1796 1
2229 2691 397 1
2230 19 354 1
2231 2721 1005 1
2232 744 743 1
2233 2754 1390 1
2234 760 547 1
2235 3203 1837 1
2236 2579 1233 1
2237 1892 1721 1
2238 662 495 1
2239 2624 740 1
2240 2531 1480 1
2241 2361 1455 1
2242 161 196 1
2243 303 212 1
2244 258 186 1
2245 102 68 1
2246 277 268 1
2247 98 153 1
2248 170 302 1
2249 90 182 1
2250 143 73 1
2251 355 1418 1
2252 3361 1673 1
2253 2898 1365 1
2254 2147 1460 1
2255 1988 1409 1
2256 2628 572 1
2257 2733 1286 1
2258 3099 1612 1
2259 3413 1563 1
2260 2657 1399 1
2261 2532 1457 1
2262 2300 1254 1
2263 3117 1351 1
2264 2660 1529 1
2265 294 1337 1
2266 1927 1174 1
2267 3324 1305 1
2268 1778 1435 1
2269 3418 1655 1
2270 2455 1554 1
2271 3406 1691 1
2272 3096 1473 1
2273 2618 993 1
2274 3080 1320 1
2275 2981 892 1
2276 2567 521 1
2277 479 577 1
2278 2931 2148 1
2279 2876 2150 1
2280 1943 1505 1
2281 3241 1365 1
2282 3186 1578 1
2283 1459 863 1
2284 2770 1617 1
2285 3191 1636 1
2286 1982 1170 1
2287 544 539 1
2288 804 303 1
2289 2023 1689 1
2290 1063 584 1
2291 3405 1523 1
2292 2837 1734 1
2293 3172 1461 1
2294 3355 1664 1
2295 3111 1674 1
2296 682 603 1
2297 938 1344 1
2298 685 1117 1
2299 1008 1098 1
2300 253 238 1
2301 200 134 1
2302 2301 1250 1
2303 2699 1180 1
2304 2768 395 1
2305 3160 1381 1
2306 2943 2179 1
2307 1820 1393 1
2308 1773 1254 1
2309 1897 1219 1
2310 2264 1928 1
2311 3249 1646 1
2312 2879 2165 1
2313 3179 1466 1
2314 3200 1311 1
2315 2613 1019 1
2316 3369 1642 1
2317 2809 1278 1
2318 890 1165 1
2319 237 181 1
2320 123 137 1
2321 62 117 1
2322 192 131 1
2323 47 102 1
2324 207 185 1
2325 206 166 1
2326 183 208 1
2327 211 157 1
2328 178 116 1
2329 165 38 1
2330 203 263 1
2331 237 161 1
2332 130 174 1
2333 163 115 1
2334 168 246 1
2335 203 226 1
2336 132 147 1
2337 197 215 1
2338 871 1727 1
2339 12 4 1
2340 28 42 1
2341 51 14 1
2342 2217 1794 1
2343 2679 1263 1
2344 1950 831 1
2345 3340 1490 1
2346 3285 1579 1
2347 222 113 1
2348 146 228 1
2349 193 91 1
2350 214 76 1
2351 286 29 1
2352 288 147 1
2353 241 205 1
2354 273 41 1
2355 289 68 1
2356 2017 1545 1
2357 3128 1414 1
2358 2650 514 1
2359 1961 1446 1
2360 3066 670 1
2361 2721 1797 1
2362 1854 1377 1
2363 911 387 1
2364 26 89 1
2365 84 59 1
2366 117 37 1
2367 822 544 1
2368 739 1543 1
2369 3422 1920 1
2370 57 86 1
2371 2138 1805 1
2372 1017 233 1
2373 3248 1321 1
2374 923 345 1
2375 2805 1422 1
2376 372 83 1
2377 199 36 1
2378 969 510 1
2379 503 508 1
2380 3194 1843 1
2381 1728 2070 1
2382 1798 2076 1
2383 2580 854 1
2384 2564 1036 1
2385 2748 282 1
2386 3135 1326 1
2387 55 126 1
2388 222 236 1
2389 357 218 1
2390 149 259 1
2391 32 321 1
2392 837 1585 1
2393 2912 2192 1
2394 3454 1722 1
2395 2642 574 1
2396 494 505 1
2397 2370 1084 1
2398 2394 1409 1
2399 820 258 1
2400 2067 1981 1
2401 2640 1454 1
2402 2318 1343 1
2403 2113 809 1
2404 3411 1575 1
2405 3446 1653 1
2406 3078 1648 1
2407 2807 1537 1
2408 2791 1458 1
2409 617 495 1
2410 563 1281 1
2411 2538 832 1
2412 3227 1321 1
2413 3075 1711 1
2414 2263 1345 1
2415 2718 1150 1
2416 2924 1770 1
2417 16 242 1
2418 3300 1717 1
2419 3314 1628 1
2420 2385 1714 1
2421 2340 1270 1
2422 3186 1587 1
2423 2773 449 1
2424 2382 1440 1
2425 2820 1325 1
2426 3275 1683 1
2427 2932 253 1
2428 3349 1532 1
2429 3105 1812 1
2430 2198 763 1
2431 246 761 1
2432 2163 1722 1
2433 1987 1507 1
2434 2557 1688 1
2435 231 182 1
2436 103 190 1
2437 302 245 1
2438 120 89 1
2439 200 323 1
2440 245 184 1
2441 326 243 1
2442 114 71 1
2443 192 118 1
2444 825 217 1
2445 2876 836 1
2446 791 254 1
2447 764 1575 1
2448 3329 1379 1
2449 986 374 1
2450 2142 1295 1
2451 2664 1697 1
2452 2455 1791 1
2453 1733 1420 1
2454 1891 1699 1
2455 2779 1180 1
2456 2043 1171 1
2457 3340 1629 1
2458 3484 1624 1
2459 3203 1579 1
2460 563 484 1
2461 2732 1021 1
2462 2824 1565 1
2463 2423 1141 1
2464 2642 1223 1
2465 1865 1639 1
2466 3314 1454 1
2467 3464 1899 1
2468 772 1105 1
2469 1850 1136 1
2470 1969 1135 1
2471 2495 1801 1
2472 3089 1486 1
2473 2384 1191 1
2474 918 1614 1
2475 3198 1604 1
2476 1886 1353 1
2477 45 100 1
2478 63 49 1
2479 526 1583 1
2480 2494 1490 1
2481 3324 1473 1
2482 726 568 1
2483 2419 1556 1
2484 2045 1651 1
2485 2828 1545 1
2486 3153 1533 1
2487 3036 2173 1
2488 778 528 1
2489 2988 1544 1
2490 3185 1301 1
2491 2923 2170 1
2492 2378 1762 1
2493 1727 1182 1
2494 2503 1598 1
2495 3423 1602 1
2496 791 646 1
2497 2719 1790 1
2498 2289 1456 1
2499 2584 1759 1
2500 1023 1818 1
2501 1918 1838 1
2502 2617 848 1
2503 2013 1410 1
2504 2123 1444 1
2505 1941 1573 1
2506 3287 1229 1
2507 36 138 1
2508 8 165 1
2509 886 313 1
2510 915 468 1
2511 2808 1811 1
2512 3173 1574 1
2513 859 280 1
2514 2585 1510 1
2515 3211 1357 1
2516 229 311 1
2517 2667 533 1
2518 2577 636 1
2519 2894 885 1
2520 1410 1238 1
2521 2543 732 1
2522 2753 1801 1
2523 2268 1259 1
2524 2793 1698 1
2525 3406 1790 1
2526 3325 1747 1
2527 2586 1654 1
2528 902 1391 1
2529 932 377 1
2530 3282 1534 1
2531 3156 1443 1
2532 2595 1040 1
2533 2127 1097 1
2534 3217 1628 1
2535 1858 1587 1
2536 2668 1483 1
2537 842 444 1
2538 844 453 1
2539 2477 1584 1
2540 1338 1168 1
2541 1916 1201 1
2542 763 1314 1
2543 282 44 1
2544 274 1 1
2545 254 29 1
2546 284 24 1
2547 186 48 1
2548 411 55 1
2549 304 135 1
2550 242 79 1
2551 204 21 1
2552 273 97 1
2553 354 74 1
2554 268 122 1
2555 334 58 1
2556 2449 1319 1
2557 3242 1465 1
2558 3504 1402 1
2559 2898 1817 1
2560 1909 875 1
2561 2320 1419 1
2562 16 296 1
2563 111 278 1
2564 2271 1848 1
2565 766 1365 1
2566 45 380 1
2567 3360 1651 1
2568 2508 1798 1
2569 15 284 1
2570 119 314 1
2571 247 353 1
2572 80 219 1
2573 104 230 1
2574 26 161 1
2575 1759 902 1
2576 761 445 1
2577 1892 1156 1
2578 234 334 1
2579 34 204 1
2580 1793 1112 1
2581 532 1093 1
2582 2319 1306 1
2583 2194 1635 1
2584 2694 1437 1
2585 3208 1521 1
2586 2591 1179 1
2587 92 278 1
2588 154 294 1
2589 4 241 1
2590 76 234 1
2591 175 323 1
2592 161 346 1
2593 134 315 1
2594 167 276 1
2595 2405 1297 1
2596 223 346 1
2597 10 226 1
2598 990 653 1
2599 3060 1396 1
2600 2428 1541 1
2601 3328 1958 1
2602 640 966 1
2603 128 258 1
2604 164 390 1
2605 2046 1391 1
2606 587 1481 1
2607 2828 1506 1
2608 2893 1800 1
2609 3240 1581 1
2610 1808 2056 1
2611 2731 1660 1
2612 1754 1234 1
2613 2525 1804 1
2614 2171 1432 1
2615 101 420 1
2616 76 297 1
2617 91 190 1
2618 128 297 1
2619 159 151 1
2620 101 218 1
2621 20 180 1
2622 27 168 1
2623 2638 1242 1
2624 2599 1045 1
2625 3103 1650 1
2626 2087 1529 1
2627 2436 1530 1
2628 2494 1000 1
2629 1080 1696 1
2630 2158 1548 1
2631 945 447 1
2632 2673 1199 1
2633 678 589 1
2634 2898 938 1
2635 1059 635 1
2636 2304 1400 1
2637 2088 1547 1
2638 2600 613 1
2639 3211 1469 1
2640 2467 1102 1
2641 3071 1553 1
2642 814 314 1
2643 2237 1792 1
2644 1798 1622 1
2645 1647 1436 1
2646 3194 1439 1
2647 2797 1684 1
2648 2388 1157 1
2649 2773 1561 1
2650 2300 1802 1
2651 2161 1291 1
2652 2216 1699 1
2653 2510 1387 1
2654 697 210 1
2655 3350 1621 1
2656 806 1853 1
2657 2308 1707 1
2658 2686 1802 1
2659 2422 1890 1
2660 3054 1806 1
2661 2719 1709 1
2662 1694 2130 1
2663 38 270 1
2664 75 362 1
2665 67 328 1
2666 1782 1292 1
2667 927 281 1
2668 3341 1647 1
2669 1052 1498 1
2670 906 271 1
2671 2376 1406 1
2672 2997 2170 1
2673 3325 1841 1
2674 2427 1092 1
2675 597 508 1
2676 125 519 1
2677 2736 1288 1
2678 3525 1904 1
2679 1956 1303 1
2680 1889 1194 1
2681 1922 820 1
2682 667 487 1
2683 1240 876 1
2684 1988 1529 1
2685 2068 1371 1
2686 2569 1664 1
2687 1882 1267 1
2688 1708 1207 1
2689 625 463 1
2690 2769 1619 1
2691 898 690 1
2692 2311 1102 1
2693 2287 1217 1
2694 995 594 1
2695 1296 894 1
2696 2442 1009 1
2697 2846 1752 1
2698 2259 1377 1
2699 2027 1278 1
2700 592 507 1
2701 2757 1444 1
2702 700 450 1
2703 2343 1288 1
2704 3312 1330 1
2705 1633 1432 1
2706 1736 1270 1
2707 1972 1230 1
2708 1544 1446 1
2709 1749 1411 1
2710 2778 1605 1
2711 2142 1339 1
2712 2190 1689 1
2713 1085 1891 1
2714 850 1771 1
2715 930 332 1
2716 1639 1379 1
2717 879 377 1
2718 2346 1555 1
2719 2526 1042 1
2720 479 1622 1
2721 194 1015 1
2722 3517 1737 1
2723 2661 1523 1
2724 2571 1595 1
2725 60 28 1
2726 6 33 1
2727 21 34 1
2728 15 54 1
2729 22 18 1
2730 746 307 1
2731 97 32 1
2732 2391 1260 1
2733 194 1 1
2734 186 11 1
2735 2662 528 1
2736 2475 1176 1
2737 2358 1665 1
2738 1137 1599 1
2739 2391 1668 1
2740 2398 1459 1
2741 2331 1453 1
2742 2378 1558 1
2743 675 616 1
2744 2421 1498 1
2745 1637 1389 1
2746 1626 1626 1
2747 3540 1792 1
2748 2117 1273 1
2749 2852 1306 1
2750 560 1394 1
2751 2803 1686 1
2752 837 557 1
2753 2375 1452 1
2754 2730 1507 1
2755 613 469 1
2756 827 455 1
2757 127 39 1
2758 2721 1255 1
2759 1420 1244 1
2760 2652 1504 1
2761 2037 1352 1
2762 2536 1130 1
2763 2349 1057 1
2764 3253 1543 1
2765 3322 1359 1
2766 2282 1142 1
2767 2356 1130 1
2768 977 554 1
2769 2796 1497 1
2770 3209 1532 1
2771 850 1845 1
2772 2058 1501 1
2773 2538 1653 1
2774 1997 791 1
2775 2330 775 1
2776 2002 839 1
2777 2027 802 1
2778 2029 810 1
2779 2102 794 1
2780 2130 749 1
2781 2032 786 1
2782 3329 1402 1
2783 2110 818 1
2784 188 305 1
2785 238 329 1
2786 729 425 1
2787 2288 1695 1
2788 3413 1861 1
2789 2692 1378 1
2790 3351 1635 1
2791 1807 1454 1
2792 2170 1694 1
2793 2283 1728 1
2794 558 521 1
2795 1821 1254 1
2796 2302 1453 1
2797 2246 1642 1
2798 3445 1858 1
2799 2507 1095 1
2800 2232 1658 1
2801 2737 1390 1
2802 3419 1637 1
2803 883 221 1
2804 3230 1340 1
2805 2397 1486 1
2806 3187 1494 1
2807 3179 1516 1
2808 3250 1460 1
2809 3297 1462 1
2810 3301 1345 1
2811 3396 1976 1
2812 885 2010 1
2813 2149 1460 1
2814 2485 1256 1
2815 2380 1573 1
2816 746 1072 1
2817 3195 1553 1
2818 835 1307 1
2819 3254 1481 1
2820 1329 1155 1
2821 2370 1837 1
2822 2298 1404 1
2823 2012 1482 1
2824 906 378 1
2825 748 398 1
2826 2813 1435 1
2827 2796 1646 1
2828 2872 1392 1
2829 3391 1693 1
2830 3265 1591 1
2831 538 668 1
2832 3383 1646 1
2833 2299 1668 1
2834 872 350 1
2835 2327 1707 1
2836 509 1118 1
2837 3279 1330 1
2838 691 464 1
2839 1999 1211 1
2840 1721 1890 1
2841 914 603 1
2842 946 369 1
2843 2807 1681 1
2844 95 449 1
2845 122 393 1
2846 44 487 1
2847 37 454 1
2848 47 499 1
2849 71 471 1
2850 124 425 1
2851 28 500 1
2852 15 492 1
2853 118 408 1
2854 110 450 1
2855 84 443 1
2856 134 428 1
2857 876 404 1
2858 2165 1400 1
2859 1438 1993 1
2860 2755 1489 1
2861 3334 1352 1
2862 219 349 1
2863 112 373 1
2864 1706 1431 1
2865 2668 1402 1
2866 864 1460 1
2867 2712 1484 1
2868 930 1449 1
2869 675 505 1
2870 2547 1604 1
2871 2355 1368 1
2872 826 1846 1
2873 1676 1612 1
2874 2428 1081 1
2875 653 536 1
2876 2595 1155 1
2877 2147 1193 1
2878 920 405 1
2879 2024 1346 1
2880 1934 1266 1
2881 2166 1278 1
2882 3498 1729 1
2883 2356 1023 1
2884 2321 1051 1
2885 1998 1831 1
2886 3238 1357 1
2887 448 564 1
2888 1030 1539 1
2889 599 472 1
2890 2074 703 1
2891 3266 1435 1
2892 722 431 1
2893 526 522 1
2894 491 573 1
2895 471 568 1
2896 3160 1843 1
2897 3209 1630 1
2898 2450 1294 1
2899 2219 1347 1
2900 3356 1924 1
2901 3452 1664 1
2902 3279 1545 1
2903 3175 1755 1
2904 3173 1370 1
2905 1756 1385 1
2906 3126 1540 1
2907 1874 1314 1
2908 1730 1382 1
2909 894 202 1
2910 2898 1690 1
2911 832 408 1
2912 3212 1481 1
2913 3241 1792 1
2914 1837 887 1
2915 3246 1504 1
2916 3539 1851 1
2917 1717 1624 1
2918 1702 1397 1
2919 3135 1751 1
2920 2744 1365 1
2921 2618 598 1
2922 812 392 1
2923 3368 1901 1
2924 1696 1390 1
2925 3213 1337 1
2926 1672 1395 1
2927 1645 1382 1
2928 2803 1494 1
2929 2476 1019 1
2930 2080 1279 1
2931 1880 1759 1
2932 1638 1253 1
2933 2851 1336 1
2934 2387 1417 1
2935 909 816 1
2936 2352 1487 1
2937 1724 1371 1
2938 1633 1428 1
2939 3212 1489 1
2940 833 402 1
2941 2710 1176 1
2942 2333 1077 1
2943 1502 1985 1
2944 836 245 1
2945 754 128 1
2946 2080 1570 1
2947 578 1252 1
2948 2988 1879 1
2949 3489 1854 1
2950 513 731 1
2951 1797 1571 1
2952 678 464 1
2953 1071 431 1
2954 3477 1913 1
2955 2837 1777 1
2956 2461 1135 1
2957 2569 1229 1
2958 2839 1691 1
2959 987 950 1
2960 949 595 1
2961 529 631 1
2962 583 964 1
2963 2401 1052 1
2964 553 201 1
2965 880 361 1
2966 2698 307 1
2967 1588 1170 1
2968 910 596 1
2969 1925 2052 1
2970 2201 1269 1
2971 1619 1400 1
2972 884 448 1
2973 2239 1515 1
2974 3407 1555 1
2975 13 440 1
2976 3219 1794 1
2977 654 581 1
2978 1010 1737 1
2979 3420 1886 1
2980 1992 1282 1
2981 2704 1553 1
2982 1132 1817 1
2983 3416 1955 1
2984 702 1511 1
2985 2806 1403 1
2986 3494 1632 1
2987 2132 1713 1
2988 3220 1524 1
2989 2015 1389 1
2990 33 504 1
2991 3251 1421 1
2992 2673 1596 1
2993 2178 1596 1
2994 2903 1774 1
2995 785 1162 1
2996 1795 872 1
2997 2154 1826 1
2998 1833 880 1
2999 880 382 1
3000 3225 1394 1
3001 817 643 1
3002 3145 1399 1
3003 1826 927 1
3004 3194 1557 1
3005 1050 1915 1
3006 1683 1431 1
3007 3364 1884 1
3008 952 399 1
3009 2241 1235 1
3010 857 453 1
3011 2351 1400 1
3012 1922 830 1
3013 2779 1815 1
3014 2354 1146 1
3015 1814 855 1
3016 3289 1996 1
3017 3404 1728 1
3018 1558 1667 1
3019 3141 1439 1
3020 1641 1617 1
3021 3213 1776 1
3022 3490 1873 1
3023 2347 1523 1
3024 936 1994 1
3025 2871 1349 1
3026 3400 1852 1
3027 1629 1401 1
3028 950 1531 1
3029 286 190 1
3030 458 1109 1
3031 2445 1279 1
3032 2102 1199 1
3033 933 934 1
3034 726 1001 1
3035 722 604 1
3036 570 514 1
3037 2045 1254 1
3038 517 725 1
3039 911 704 1
3040 901 716 1
3041 889 592 1
3042 901 957 1
3043 527 684 1
3044 2422 1838 1
3045 3331 1564 1
3046 629 1354 1
3047 884 282 1
3048 715 962 1
3049 3409 1797 1
3050 845 1451 1
3051 751 419 1
3052 943 722 1
3053 2002 1750 1
3054 1922 1609 1
3055 2801 1332 1
3056 2224 1648 1
3057 2205 1011 1
3058 3230 1428 1
3059 2524 1402 1
3060 1904 1120 1
3061 1840 1264 1
3062 2407 1235 1
3063 3523 1923 1
3064 2045 1186 1
3065 3167 1571 1
3066 2573 1809 1
3067 1073 981 1
3068 2401 1033 1
3069 3214 1500 1
3070 3119 1830 1
3071 935 1840 1
3072 833 1053 1
3073 1870 1202 1
3074 483 810 1
3075 2699 1409 1
3076 2254 1119 1
3077 947 1696 1
3078 2155 1477 1
3079 871 968 1
3080 2666 1191 1
3081 707 1275 1
3082 2470 1648 1
3083 754 54 1
3084 2593 1750 1
3085 987 1564 1
3086 3141 1562 1
3087 3182 1347 1
3088 841 386 1
3089 2787 1507 1
3090 2617 1490 1
3091 3192 1401 1
3092 2146 1837 1
3093 832 196 1
3094 1025 664 1
3095 2390 1020 1
3096 1953 1690 1
3097 910 876 1
3098 454 651 1
3099 1021 436 1
3100 1404 1182 1
3101 879 756 1
3102 1511 1133 1
3103 2405 1661 1
3104 2105 1621 1
3105 684 848 1
3106 562 748 1
3107 2016 948 1
3108 2304 1563 1
3109 2615 1397 1
3110 3528 1864 1
3111 2188 1554 1
3112 1847 1386 1
3113 2595 1085 1
3114 2201 1207 1
3115 1083 1588 1
3116 1860 1264 1
3117 2671 1149 1
3118 1098 749 1
3119 856 838 1
3120 726 1946 1
3121 680 875 1
3122 656 131 1
3123 1788 859 1
3124 2759 1573 1
3125 3172 1274 1
3126 2750 1442 1
3127 2063 1236 1
3128 2403 1275 1
3129 578 1605 1
3130 2875 1381 1
3131 572 1623 1
3132 3230 1653 1
3133 1903 1412 1
3134 2184 1435 1
3135 2731 1483 1
3136 2136 1075 1
3137 2432 1096 1
3138 3105 1515 1
3139 2582 1728 1
3140 1903 1366 1
3141 2689 1648 1
3142 3117 1756 1
3143 3477 1883 1
3144 995 564 1
3145 645 853 1
3146 746 584 1
3147 1973 938 1
3148 974 811 1
3149 1835 868 1
3150 2456 1106 1
3151 1825 923 1
3152 1901 874 1
3153 690 898 1
3154 543 824 1
3155 849 1034 1
3156 555 657 1
3157 1061 1864 1
3158 1043 1689 1
3159 1955 1182 1
3160 1850 1248 1
3161 648 895 1
3162 1940 1518 1
3163 1898 1390 1
3164 2634 1291 1
3165 2736 1532 1
3166 1056 897 1
3167 1939 847 1
3168 1422 1197 1
3169 3320 1795 1
3170 1733 1319 1
3171 1019 993 1
3172 2623 1764 1
3173 2636 1192 1
3174 3163 1337 1
3175 1770 1268 1
3176 2119 1563 1
3177 2405 1174 1
3178 2230 1797 1
3179 3407 1882 1
3180 821 377 1
3181 2277 1200 1
3182 2372 1002 1
3183 148 544 1
3184 204 508 1
3185 1145 772 1
3186 1603 1134 1
3187 2729 1664 1
3188 2214 1734 1
3189 1689 1576 1
3190 1954 1392 1
3191 792 912 1
3192 2190 1352 1
3193 1068 723 1
3194 1461 1156 1
3195 1030 744 1
3196 2218 1308 1
3197 745 241 1
3198 527 811 1
3199 764 99 1
3200 2636 1613 1
3201 3256 1403 1
3202 792 623 1
3203 1066 1477 1
3204 2725 1734 1
3205 2141 1046 1
3206 1852 1515 1
3207 2641 1135 1
3208 3284 1618 1
3209 2584 1621 1
3210 3517 1915 1
3211 2631 1489 1
3212 1074 1052 1
3213 1003 850 1
3214 680 452 1
3215 2228 1787 1
3216 2651 1524 1
3217 528 717 1
3218 751 336 1
3219 2369 1394 1
3220 815 318 1
3221 537 659 1
3222 753 378 1
3223 824 196 1
3224 2218 1407 1
3225 2759 1755 1
3226 2183 1439 1
3227 3404 1756 1
3228 2356 1206 1
3229 2405 1730 1
3230 2574 1246 1
3231 1896 1433 1
3232 3211 1443 1
3233 3252 1402 1
3234 623 551 1
3235 3550 1869 1
3236 2117 1330 1
3237 2134 1174 1
3238 2744 1525 1
3239 730 55 1
3240 1035 751 1
3241 1973 1269 1
3242 2965 1862 1
3243 2492 1774 1
3244 1912 1569 1
3245 2706 1570 1
3246 537 685 1
3247 951 428 1
3248 946 1049 1
3249 1948 933 1
3250 867 699 1
3251 790 584 1
3252 649 1419 1
3253 821 664 1
3254 844 342 1
3255 948 1877 1
3256 844 331 1
3257 798 720 1
3258 846 814 1
3259 2208 1495 1
3260 766 1020 1
3261 1088 530 1
3262 735 1007 1
3263 873 926 1
3264 1053 838 1
3265 910 491 1
3266 1634 1216 1
3267 2857 1781 1
3268 1804 1376 1
3269 560 757 1
3270 537 811 1
3271 2055 1518 1
3272 907 990 1
3273 819 1744 1
3274 3257 1601 1
3275 2498 1718 1
3276 1930 1172 1
3277 2550 1331 1
3278 2054 1667 1
3279 2379 1788 1
3280 2802 1787 1
3281 2599 1489 1
3282 2124 1542 1
3283 2677 1322 1
3284 1922 1275 1
3285 2239 1056 1
3286 1927 1388 1
3287 2344 1020 1
3288 2052 1830 1
3289 2092 1355 1
3290 3504 1295 1
3291 2571 1668 1
3292 2079 1027 1
3293 1969 1555 1
3294 2420 1433 1
3295 2441 1264 1
3296 712 1176 1
3297 544 1233 1
3298 2289 1683 1
3299 571 1519 1
3300 2518 1707 1
3301 2586 1766 1
3302 1110 1773 1
3303 3479 1886 1
3304 3556 1880 1
3305 3244 1577 1
3306 522 611 1
3307 2301 1577 1
3308 2366 1481 1
3309 935 1914 1
3310 536 505 1
3311 863 414 1
3312 915 647 1
3313 903 178 1
3314 1768 1288 1
3315 581 685 1
3316 729 801 1
3317 812 723 1
3318 3476 1752 1
3319 461 1724 1
3320 2007 1573 1
3321 3387 1759 1
3322 3337 1529 1
3323 1998 1504 1
3324 2009 1477 1
3325 2011 1555 1
3326 3151 1469 1
3327 2395 1707 1
3328 589 186 1
3329 2033 1784 1
3330 2252 1762 1
3331 3223 1571 1
3332 2477 1512 1
3333 905 1128 1
3334 2315 1520 1
3335 706 725 1
3336 1035 969 1
3337 2893 1630 1
3338 664 908 1
3339 781 777 1
3340 510 899 1
3341 3338 1403 1
3342 3353 1745 1
3343 2666 879 1
3344 2039 1229 1
3345 2285 1240 1
3346 2332 1117 1
3347 2235 1765 1
3348 949 652 1
3349 3354 1458 1
3350 1816 1623 1
3351 3050 1581 1
3352 2177 1044 1
3353 2517 1550 1
3354 961 914 1
3355 897 782 1
3356 2484 1532 1
3357 2389 1778 1
3358 2455 1290 1
3359 2557 1119 1
3360 2584 1009 1
3361 1974 1230 1
3362 2490 1396 1
3363 2666 902 1
3364 672 1086 1
3365 809 1841 1
3366 15 475 1
3367 779 1055 1
3368 3353 1428 1
3369 702 951 1
3370 659 651 1
3371 2366 1556 1
3372 3361 1558 1
3373 2656 1384 1
3374 3166 1635 1
3375 2661 1272 1
3376 2286 1788 1
3377 1945 1563 1
3378 2554 1153 1
3379 2548 1299 1
3380 2754 437 1
3381 2831 1539 1
3382 2405 1642 1
3383 2461 1433 1
3384 821 158 1
3385 2252 1690 1
3386 3387 1747 1
3387 201 499 1
3388 2013 1637 1
3389 2199 1215 1
3390 2855 1419 1
3391 2636 1716 1
3392 2094 1098 1
3393 2784 1369 1
3394 3221 1548 1
3395 2667 1104 1
3396 1029 830 1
3397 3477 1683 1
3398 2327 1355 1
3399 2326 1310 1
3400 516 1574 1
3401 2476 1772 1
3402 621 1582 1
3403 846 1326 1
3404 1803 1323 1
3405 2595 1720 1
3406 862 1653 1
3407 867 1832 1
3408 1854 1482 1
3409 722 1958 1
3410 827 152 1
3411 1205 1026 1
3412 1000 557 1
3413 979 398 1
3414 3341 1512 1
3415 1578 1246 1
3416 1942 1100 1
3417 431 690 1
3418 1030 953 1
3419 788 594 1
3420 905 1768 1
3421 1163 1026 1
3422 2085 1770 1
3423 2538 1065 1
3424 2561 1759 1
3425 2454 1788 1
3426 928 1685 1
3427 2526 1253 1
3428 3460 1754 1
3429 766 1011 1
3430 2314 1491 1
3431 996 661 1
3432 976 652 1
3433 657 1148 1
3434 892 810 1
3435 656 1826 1
3436 2736 868 1
3437 865 739 1
3438 2276 1382 1
3439 1893 1408 1
3440 2345 1377 1
3441 748 1780 1
3442 2585 1093 1
3443 1945 1209 1
3444 2548 1109 1
3445 2105 1232 1
3446 1926 1204 1
3447 1796 1142 1
3448 2349 1248 1
3449 300 174 1
3450 2563 1537 1
3451 2045 1303 1
3452 553 1575 1
3453 3139 1397 1
3454 2191 1344 1
3455 3465 1961 1
3456 2171 1704 1
3457 2546 1306 1
3458 1018 623 1
3459 2528 1764 1
3460 2225 1018 1
3461 2651 930 1
3462 2520 1075 1
3463 1801 1572 1
3464 1901 1172 1
3465 74 587 1
3466 3145 1840 1
3467 3418 1450 1
3468 2708 1533 1
3469 1705 1410 1
3470 1673 1430 1
3471 3151 1531 1
3472 2224 1738 1
3473 50 152 1
3474 2478 1492 1
3475 1124 1426 1
3476 988 453 1
3477 35 141 1
3478 963 850 1
3479 853 273 1
3480 907 664 1
3481 1423 1238 1
3482 825 778 1
3483 2539 1607 1
3484 2400 1697 1
3485 798 1423 1
3486 1662 1276 1
3487 461 953 1
3488 2586 1709 1
3489 2598 1196 1
3490 2617 1204 1
3491 2604 1234 1
3492 3189 1413 1
3493 3294 1482 1
3494 784 928 1
3495 770 1803 1
3496 714 1923 1
3497 751 753 1
3498 2446 1764 1
3499 2382 1792 1
3500 467 1575 1
3501 855 845 1
3502 1106 554 1
3503 2338 1321 1
3504 2413 1513 1
3505 556 699 1
3506 2142 1091 1
3507 2588 1501 1
3508 537 1510 1
3509 2359 1175 1
3510 2039 1057 1
3511 2624 1476 1
3512 2198 1767 1
3513 723 714 1
3514 2247 1232 1
3515 2048 1421 1
3516 2554 1277 1
3517 1945 1633 1
3518 2717 1711 1
3519 874 336 1
3520 1928 1828 1
3521 3301 1465 1
3522 1805 1342 1
3523 2376 1342 1
3524 643 1812 1
3525 2451 1579 1
3526 2258 1451 1
3527 827 1051 1
3528 732 404 1
3529 2280 1382 1
3530 457 1503 1
3531 3329 1501 1
3532 2226 1259 1
3533 2473 1666 1
3534 2713 1564 1
3535 2621 1028 1
3536 1997 1209 1
3537 2500 1522 1
3538 734 650 1
3539 2104 1041 1
3540 2151 1697 1
3541 2619 1180 1
3542 1943 1694 1
3543 2391 1054 1
3544 2530 1403 1
3545 2527 1712 1
3546 2042 1465 1
3547 2379 1762 1
3548 2011 2006 1
3549 2286 1677 1
3550 3220 1465 1
3551 1999 1266 1
3552 3405 1802 1
3553 2718 1369 1
3554 2373 1722 1
3555 2075 1426 1
3556 2172 1199 1
3557 126 502 1
3558 96 507 1
3559 121 491 1
3560 2228 1155 1
3561 1766 1411 1
3562 1644 1420 1
3563 2482 1788 1
3564 836 125 1
3565 2248 1085 1
3566 1883 1303 1
3567 1867 905 1
3568 2410 1253 1
3569 1447 1192 1
3570 994 388 1
3571 835 788 1
3572 678 1036 1
3573 1578 1191 1
3574 95 277 1
3575 35 217 1
3576 890 679 1
3577 861 926 1
3578 1036 860 1
3579 717 1626 1
3580 658 919 1
3581 1403 1195 1
3582 468 706 1
3583 2103 1090 1
3584 1492 1234 1
3585 709 813 1
3586 2432 1303 1
3587 1020 744 1
3588 979 1526 1
3589 1070 571 1
3590 732 195 1
3591 2333 1369 1
3592 2313 1506 1
3593 560 1331 1
3594 2542 1013 1
3595 2573 990 1
3596 2781 1721 1
3597 2443 1708 1
3598 2172 1793 1
3599 2141 1042 1
3600 2424 1699 1
3601 2311 1707 1
3602 2517 1053 1
3603 2446 1699 1
3604 2525 1138 1
3605 2244 1283 1
3606 2536 1279 1
3607 2291 1652 1
3608 948 1703 1
3609 2575 1697 1
3610 2575 1146 1
3611 1915 1328 1
3612 2842 1508 1
3613 2780 1401 1
3614 2476 1470 1
3615 2590 1401 1
3616 2532 1552 1
3617 2504 1731 1
3618 2020 1154 1
3619 3275 1637 1
3620 2552 1323 1
3621 2358 1624 1
3622 2070 1229 1
3623 2657 1767 1
3624 1937 1689 1
3625 2510 1113 1
3626 2475 1145 1
3627 2150 1543 1
3628 1982 1749 1
3629 2025 1596 1
3630 2516 1627 1
3631 845 1920 1
3632 821 401 1
3633 3422 1482 1
3634 2471 1648 1
3635 518 605 1
3636 450 609 1
3637 2706 1157 1
3638 760 798 1
3639 526 1581 1
3640 892 728 1
3641 382 678 1
3642 990 917 1
3643 576 891 1
3644 652 709 1
3645 814 101 1
3646 777 413 1
3647 627 1341 1
3648 897 753 1
3649 877 856 1
3650 3366 1487 1
3651 2417 1346 1
3652 575 1513 1
3653 1945 1202 1
3654 806 807 1
3655 560 1307 1
3656 2661 866 1
3657 1904 1511 1
3658 2648 1410 1
3659 1894 1293 1
3660 2340 1672 1
3661 321 1160 1
3662 2731 1540 1
3663 919 581 1
3664 1906 1209 1
3665 2596 1310 1
3666 2170 1747 1
3667 2366 1748 1
3668 2578 1401 1
3669 2481 1782 1
3670 2691 1731 1
3671 2698 1162 1
3672 776 156 1
3673 639 202 1
3674 884 549 1
3675 761 717 1
3676 1053 671 1
3677 612 691 1
3678 507 1634 1
3679 861 849 1
3680 1952 936 1
3681 1583 1181 1
3682 578 1467 1
3683 2803 1700 1
3684 2732 1478 1
3685 2483 1456 1
3686 2556 1732 1
3687 768 1392 1
3688 2706 1679 1
3689 2405 1787 1
3690 2625 1241 1
3691 2760 1469 1
3692 1824 1403 1
3693 3417 1500 1
3694 3209 1492 1
3695 519 1300 1
3696 2605 1770 1
3697 891 902 1
3698 994 1049 1
3699 1769 1608 1
3700 665 1376 1
3701 1029 725 1
3702 909 945 1
3703 782 623 1
3704 2648 1057 1
3705 1017 827 1
3706 577 552 1
3707 837 916 1
3708 1488 1159 1
3709 1472 1139 1
3710 397 805 1
3711 2666 1094 1
3712 2057 1196 1
3713 1122 949 1
3714 647 674 1
3715 892 787 1
3716 1922 889 1
3717 872 886 1
3718 637 690 1
3719 2514 1379 1
3720 664 1546 1
3721 2563 1686 1
3722 2236 1374 1
3723 2619 1088 1
3724 2734 1467 1
3725 2053 1453 1
3726 2729 1512 1
3727 451 1360 1
3728 957 1558 1
3729 779 1880 1
3730 2193 1637 1
3731 2855 1456 1
3732 1012 727 1
3733 1552 1197 1
3734 842 231 1
3735 629 898 1
3736 735 894 1
3737 1781 1373 1
3738 1781 1136 1
3739 2150 1540 1
3740 2762 1357 1
3741 2332 1061 1
3742 2605 894 1
3743 2585 1383 1
3744 2177 1469 1
3745 2517 1252 1
3746 2660 1259 1
3747 811 1722 1
3748 2181 1234 1
3749 2485 1658 1
3750 2564 1127 1
3751 1042 1695 1
3752 1924 1534 1
3753 2169 1234 1
3754 2809 1765 1
3755 2539 1557 1
3756 2324 1073 1
3757 2576 1134 1
3758 2570 1079 1
3759 962 820 1
3760 2061 1393 1
3761 2586 1391 1
3762 582 1196 1
3763 1759 1411 1
3764 2128 1422 1
3765 947 1819 1
3766 961 1778 1
3767 2432 1785 1
3768 2107 1028 1
3769 832 1697 1
3770 2633 1771 1
3771 2559 1734 1
3772 2312 1013 1
3773 2481 1151 1
3774 63 356 1
3775 727 823 1
3776 545 1184 1
3777 1080 788 1
3778 905 249 1
3779 584 1351 1
3780 365 809 1
3781 936 952 1
3782 1454 1258 1
3783 2325 985 1
3784 2501 1312 1
3785 1969 1693 1
3786 827 930 1
3787 759 753 1
3788 1035 973 1
3789 985 797 1
3790 746 812 1
3791 3096 1802 1
3792 2573 1078 1
3793 1807 1153 1
3794 491 604 1
3795 1582 1137 1
3796 833 1977 1
3797 1401 1417 1
3798 2157 1055 1
3799 1907 1139 1
3800 2618 1082 1
3801 2119 1138 1
3802 2611 1416 1
3803 2675 1470 1
3804 2278 1722 1
3805 2555 1353 1
3806 2668 1216 1
3807 2176 1515 1
3808 688 666 1
3809 2682 1229 1
3810 851 1557 1
3811 754 291 1
3812 453 945 1
3813 897 1063 1
3814 1063 867 1
3815 637 673 1
3816 530 700 1
3817 482 651 1
3818 2610 1080 1
3819 1033 815 1
3820 1001 886 1
3821 409 744 1
3822 901 928 1
3823 565 597 1
3824 1992 1203 1
3825 2651 1764 1
3826 2128 1223 1
3827 2621 1011 1
3828 2091 1593 1
3829 2693 1531 1
3830 2123 1263 1
3831 2101 1218 1
3832 1792 1691 1
3833 1694 1707 1
3834 2434 1243 1
3835 678 1279 1
3836 2068 1168 1
3837 2388 1598 1
3838 2190 1173 1
3839 1826 1501 1
3840 2473 1195 1
3841 2797 1368 1
3842 2499 1018 1
3843 581 907 1
3844 845 732 1
3845 2549 1221 1
3846 1925 1755 1
3847 588 1015 1
3848 612 1198 1
3849 1898 1490 1
3850 1989 1384 1
3851 1743 871 1
3852 2343 1460 1
3853 1010 1871 1
3854 2635 1797 1
3855 2322 1307 1
3856 2755 995 1
3857 947 835 1
3858 2242 1219 1
3859 388 796 1
3860 528 740 1
3861 1014 718 1
3862 1500 1132 1
3863 2309 1240 1
3864 2738 1260 1
3865 857 781 1
3866 2667 1709 1
3867 677 632 1
3868 2526 1459 1
3869 2450 1407 1
3870 2372 1676 1
3871 1871 1290 1
3872 3346 1374 1
3873 2773 1215 1
3874 911 1981 1
3875 3276 1439 1
3876 2256 1229 1
3877 2663 1312 1
3878 2388 1203 1
3879 2452 1801 1
3880 1842 1771 1
3881 3133 1490 1
3882 2366 1079 1
3883 1962 1329 1
3884 666 1447 1
3885 2557 1272 1
3886 766 680 1
3887 2582 1187 1
3888 2092 1406 1
3889 2587 1119 1
3890 2638 1559 1
3891 878 992 1
3892 1944 1152 1
3893 79 334 1
3894 2102 1569 1
3895 2895 1347 1
3896 532 1546 1
3897 3279 1784 1
3898 2018 1528 1
3899 941 1765 1
3900 2156 1094 1
3901 1960 1176 1
3902 746 899 1
3903 1146 722 1
3904 2260 1311 1
3905 1993 1600 1
3906 886 646 1
3907 2036 1094 1
3908 940 698 1
3909 561 1205 1
3910 995 798 1
3911 1054 1086 1
3912 2573 1115 1
3913 2873 1432 1
3914 670 634 1
3915 3398 1782 1
3916 1053 1491 1
3917 3031 1746 1
3918 2454 1785 1
3919 826 257 1
3920 824 818 1
3921 3285 1601 1
3922 430 745 1
3923 1915 1762 1
3924 2204 803 1
3925 974 905 1
3926 2193 795 1
3927 2289 702 1
3928 2184 718 1
3929 2192 734 1
3930 2239 767 1
3931 2111 749 1
3932 2061 790 1
3933 2087 796 1
3934 2246 706 1
3935 2071 721 1
3936 2086 743 1
3937 2003 758 1
3938 813 325 1
3939 912 1084 1
3940 798 1748 1
3941 565 1588 1
3942 2658 1782 1
3943 800 16 1
3944 2316 1731 1
3945 2683 1697 1
3946 2616 1177 1
3947 2081 1784 1
3948 722 127 1
3949 2214 1153 1
3950 1165 788 1
3951 750 997 1
3952 2575 1808 1
3953 2063 1266 1
3954 2451 1176 1
3955 2587 1042 1
3956 2226 1041 1
3957 2069 658 1
3958 2225 757 1
3959 2619 934 1
3960 2643 1440 1
3961 2500 1032 1
3962 2460 1483 1
3963 2150 1062 1
3964 2402 1394 1
3965 2588 1249 1
3966 1982 1311 1
3967 2518 1420 1
3968 2412 1363 1
3969 2273 1035 1
3970 700 880 1
3971 647 918 1
3972 2299 1696 1
3973 697 1190 1
3974 2261 1694 1
3975 2174 1550 1
3976 2523 1035 1
3977 1000 1022 1
3978 526 1579 1
3979 999 678 1
3980 553 671 1
3981 715 730 1
3982 624 869 1
3983 774 402 1
3984 1973 896 1
3985 546 835 1
3986 2043 1281 1
3987 2662 1684 1
3988 1905 1411 1
3989 1893 1178 1
3990 3358 1459 1
3991 3303 1523 1
3992 761 218 1
3993 1148 628 1
3994 936 1548 1
3995 1360 850 1
3996 975 728 1
3997 1117 770 1
3998 736 114 1
3999 906 718 1
4000 896 1680 1
4001 1094 659 1
4002 1917 1449 1
4003 668 261 1
4004 2564 1231 1
4005 2315 1264 1
4006 2376 1729 1
4007 2061 1198 1
4008 2034 1089 1
4009 2269 1128 1
4010 2185 1080 1
4011 2095 1281 1
4012 2709 1477 1
4013 3416 1515 1
4014 2560 1074 1
4015 3271 1443 1
4016 3114 1791 1
4017 1887 1433 1
4018 2029 1105 1
4019 2311 1040 1
4020 2112 999 1
4021 445 743 1
4022 446 634 1
4023 796 623 1
4024 696 651 1
4025 1051 811 1
4026 1075 745 1
4027 993 783 1
4028 1036 696 1
4029 794 359 1
4030 735 1058 1
4031 705 117 1
4032 2315 1354 1
4033 2607 1725 1
4034 1808 1283 1
4035 1795 1383 1
4036 881 1467 1
4037 647 157 1
4038 461 858 1
4039 1004 767 1
4040 2355 1139 1
4041 2155 1388 1
4042 435 1542 1
4043 3242 1530 1
4044 2692 831 1
4045 2527 1198 1
4046 1984 1317 1
4047 3436 1760 1
4048 759 653 1
4049 997 823 1
4050 652 872 1
4051 2299 1780 1
4052 2243 1241 1
4053 2775 1781 1
4054 1000 1707 1
4055 2394 1711 1
4056 2742 1399 1
4057 475 653 1
4058 3427 1683 1
4059 2399 1655 1
4060 1904 1186 1
4061 2016 1306 1
4062 2539 1546 1
4063 2035 1345 1
4064 2699 1567 1
4065 740 875 1
4066 2175 1144 1
4067 3348 1445 1
4068 2445 1313 1
4069 2521 1185 1
4070 2743 1495 1
4071 2405 1290 1
4072 2275 1095 1
4073 675 1294 1
4074 2492 1559 1
4075 920 795 1
4076 733 654 1
4077 1012 1413 1
4078 911 1733 1
4079 2609 1310 1
4080 2053 1339 1
4081 657 167 1
4082 2635 1829 1
4083 1294 879 1
4084 2064 1526 1
4085 2527 1485 1
4086 2572 1702 1
4087 2322 1097 1
4088 1227 896 1
4089 1570 1159 1
4090 935 948 1
4091 687 675 1
4092 215 63 1
4093 118 83 1
4094 1696 1156 1
4095 517 662 1
4096 702 631 1
4097 3156 1807 1
4098 811 1897 1
4099 1846 1429 1
4100 1023 869 1
4101 852 962 1
4102 654 164 1
4103 734 938 1
4104 2607 1793 1
4105 2155 1327 1
4106 706 698 1
4107 1643 1217 1
4108 2643 1181 1
4109 3325 1751 1
4110 1895 1396 1
4111 490 607 1
4112 1824 1288 1
4113 917 1337 1
4114 1159 1035 1
4115 1488 1128 1
4116 918 626 1
4117 586 1283 1
4118 3388 1464 1
4119 2649 1026 1
4120 775 167 1
4121 1906 1243 1
4122 1876 1243 1
4123 757 650 1
4124 1837 1322 1
4125 2595 1162 1
4126 1035 991 1
4127 1080 1744 1
4128 2108 1008 1
4129 2570 582 1
4130 2580 1795 1
4131 2594 1122 1
4132 1079 1755 1
4133 894 581 1
4134 834 1004 1
4135 2139 1499 1
4136 857 321 1
4137 2122 702 1
4138 1969 736 1
4139 2088 788 1
4140 2148 735 1
4141 2208 774 1
4142 893 955 1
4143 2627 1841 1
4144 799 1945 1
4145 1978 1065 1
4146 2419 1831 1
4147 1391 856 1
4148 3431 1490 1
4149 1650 1177 1
4150 2753 1538 1
4151 2118 1468 1
4152 2322 1067 1
4153 2819 1017 1
4154 3393 1711 1
4155 962 454 1
4156 1776 1134 1
4157 3520 1782 1
4158 1938 1487 1
4159 2016 1089 1
4160 2523 1326 1
4161 2382 1145 1
4162 2202 1325 1
4163 1945 1511 1
4164 644 1215 1
4165 572 987 1
4166 3149 1582 1
4167 2578 1524 1
4168 787 675 1
4169 2643 1257 1
4170 935 760 1
4171 993 1633 1
4172 2114 1422 1
4173 781 1064 1
4174 1004 1063 1
4175 1836 1510 1
4176 2426 1672 1
4177 2032 697 1
4178 1943 754 1
4179 2021 747 1
4180 2074 755 1
4181 2228 682 1
4182 1860 1160 1
4183 2332 1339 1
4184 995 924 1
4185 2476 1275 1
4186 2570 1084 1
4187 2638 1717 1
4188 2431 1256 1
4189 1021 644 1
4190 868 745 1
4191 830 342 1
4192 1669 1217 1
4193 895 1818 1
4194 501 714 1
4195 873 891 1
4196 2396 1343 1
4197 801 874 1
4198 1957 1828 1
4199 1537 1181 1
4200 1043 698 1
4201 1637 1099 1
4202 2135 752 1
4203 2040 702 1
4204 2001 1342 1
4205 751 1061 1
4206 2361 1068 1
4207 2017 1279 1
4208 2519 1007 1
4209 3345 1732 1
4210 2702 1795 1
4211 2620 1259 1
4212 510 651 1
4213 1765 1431 1
4214 1816 1410 1
4215 814 360 1
4216 1430 1177 1
4217 921 324 1
4218 2576 1062 1
4219 2603 1297 1
4220 802 755 1
4221 2551 1397 1
4222 1025 795 1
4223 730 1975 1
4224 819 770 1
4225 2022 1622 1
4226 899 856 1
4227 2825 1199 1
4228 2620 1762 1
4229 815 1535 1
4230 2638 1425 1
4231 1755 1214 1
4232 1916 1315 1
4233 2330 1500 1
4234 2882 1505 1
4235 1836 1296 1
4236 592 1601 1
4237 1937 1593 1
4238 2286 1770 1
4239 868 648 1
4240 2035 1755 1
4241 2220 1077 1
4242 2594 1617 1
4243 2172 688 1
4244 2215 760 1
4245 2265 745 1
4246 1967 752 1
4247 1972 781 1
4248 2279 751 1
4249 2157 717 1
4250 2115 713 1
4251 2126 785 1
4252 2042 801 1
4253 2182 727 1
4254 2186 755 1
4255 2190 818 1
4256 2217 790 1
4257 2267 722 1
4258 2178 747 1
4259 2130 723 1
4260 2014 758 1
4261 2289 717 1
4262 2073 790 1
4263 2150 781 1
4264 2079 749 1
4265 2174 817 1
4266 564 739 1
4267 2574 1568 1
4268 557 1276 1
4269 2450 1674 1
4270 325 1299 1
4271 797 1866 1
4272 543 720 1
4273 3205 1594 1
4274 559 748 1
4275 538 748 1
4276 510 1144 1
4277 961 884 1
4278 1797 1265 1
4279 1815 1169 1
4280 220 185 1
4281 770 1811 1
4282 1020 1705 1
4283 898 1799 1
4284 2175 1454 1
4285 2525 1501 1
4286 2659 1677 1
4287 2273 1456 1
4288 2623 1593 1
4289 2443 1382 1
4290 2243 989 1
4291 2501 1223 1
4292 1938 1184 1
4293 2755 770 1
4294 1920 1569 1
4295 2529 1339 1
4296 1833 1530 1
4297 2484 1341 1
4298 1982 1268 1
4299 2588 1195 1
4300 2435 1370 1
4301 1903 1316 1
4302 2712 1738 1
4303 2456 1603 1
4304 2280 1468 1
4305 401 1288 1
4306 613 1006 1
4307 2633 1045 1
4308 2596 1467 1
4309 808 307 1
4310 2083 1762 1
4311 1052 906 1
4312 1848 943 1
4313 1929 911 1
4314 2544 1592 1
4315 1105 1620 1
4316 752 1346 1
4317 781 1803 1
4318 2205 1787 1
4319 541 833 1
4320 1580 1197 1
4321 722 723 1
4322 636 545 1
4323 3179 1398 1
4324 2554 1617 1
4325 551 1383 1
4326 939 1452 1
4327 2682 1135 1
4328 1851 1171 1
4329 1914 1526 1
4330 2197 1067 1
4331 1819 1317 1
4332 2553 1499 1
4333 892 738 1
4334 1769 1352 1
4335 1929 1536 1
4336 1870 1286 1
4337 2624 1629 1
4338 1967 1400 1
4339 741 1789 1
4340 2853 1593 1
4341 620 167 1
4342 3512 1705 1
4343 1729 974 1
4344 754 1842 1
4345 1933 1436 1
4346 2286 1051 1
4347 886 1952 1
4348 829 2046 1
4349 764 845 1
4350 747 390 1
4351 955 862 1
4352 807 486 1
4353 2438 1568 1
4354 3323 1317 1
4355 1308 2186 1
4356 1529 1020 1
4357 2693 1558 1
4358 822 1892 1
4359 1962 1373 1
4360 2226 1087 1
4361 2471 1326 1
4362 2587 916 1
4363 814 1643 1
4364 777 1754 1
4365 992 1725 1
4366 364 110 1
4367 2597 475 1
4368 2115 1829 1
4369 675 943 1
4370 581 894 1
4371 2131 688 1
4372 2099 689 1
4373 2117 688 1
4374 1930 1149 1
4375 2211 1215 1
4376 2148 1728 1
4377 2039 1636 1
4378 2544 1403 1
4379 2077 1467 1
4380 1887 1681 1
4381 932 646 1
4382 2743 1491 1
4383 1009 1663 1
4384 507 621 1
4385 2507 1095 1
4386 2608 871 1
4387 663 1231 1
4388 2199 1039 1
4389 1052 1736 1
4390 2408 1522 1
4391 2432 1758 1
4392 857 833 1
4393 2615 1633 1
4394 1553 1179 1
4395 970 893 1
4396 985 650 1
4397 1788 952 1
4398 831 915 1
4399 1925 899 1
4400 2533 1238 1
4401 3059 1593 1
4402 1958 1320 1
4403 2083 1560 1
4404 563 1012 1
4405 2514 1574 1
4406 2783 1403 1
4407 2013 1082 1
4408 1990 1015 1
4409 1016 686 1
4410 2137 1479 1
4411 2002 1222 1
4412 2110 1188 1
4413 470 1221 1
4414 1022 1459 1
4415 2277 1535 1
4416 2033 1145 1
4417 3228 1522 1
4418 1899 441 1
4419 1674 528 1
4420 756 1302 1
4421 726 229 1
4422 857 1567 1
4423 2010 1222 1
4424 2353 1397 1
4425 862 1947 1
4426 774 83 1
4427 853 803 1
4428 1834 1161 1
4429 2609 1810 1
4430 1836 1471 1
4431 1030 443 1
4432 895 999 1
4433 650 1831 1
4434 2218 1290 1
4435 2430 1097 1
4436 2841 1650 1
4437 1896 1128 1
4438 2634 868 1
4439 1957 1590 1
4440 2604 1165 1
4441 804 843 1
4442 492 1575 1
4443 1940 1839 1
4444 690 644 1
4445 331 1593 1
4446 2048 1117 1
4447 799 1168 1
4448 929 1661 1
4449 2688 1355 1
4450 2137 1593 1
4451 899 90 1
4452 2294 1206 1
4453 2205 1140 1
4454 443 1236 1
4455 2764 1285 1
4456 2159 1567 1
4457 2602 1369 1
4458 2633 1039 1
4459 777 1495 1
4460 637 882 1
4461 1857 447 1
4462 2394 1616 1
4463 2551 1721 1
4464 920 1446 1
4465 2479 1764 1
4466 1963 1749 1
4467 1970 1581 1
4468 1984 1231 1
4469 2462 1249 1
4470 3344 1539 1
4471 3308 1537 1
4472 2806 1623 1
4473 2407 1446 1
4474 2234 1161 1
4475 438 1725 1
4476 559 1042 1
4477 1781 1711 1
4478 772 770 1
4479 844 824 1
4480 1798 1180 1
4481 1031 821 1
4482 829 252 1
4483 752 879 1
4484 729 1354 1
4485 861 1003 1
4486 1817 1497 1
4487 1891 1672 1
4488 2463 1808 1
4489 734 771 1
4490 691 783 1
4491 3234 1378 1
4492 468 1696 1
4493 3454 1728 1
4494 2489 1409 1
4495 675 51 1
4496 3403 1760 1
4497 2139 1789 1
4498 708 1326 1
4499 1632 1202 1
4500 1469 975 1
4501 3236 1530 1
4502 447 643 1
4503 1006 807 1
4504 1789 1147 1
4505 1890 982 1
4506 1627 1206 1
4507 681 1892 1
4508 935 1099 1
4509 559 1484 1
4510 973 1812 1
4511 2051 1504 1
4512 1938 1708 1
4513 1268 1181 1
4514 476 1502 1
4515 2762 1279 1
4516 578 1348 1
4517 1075 1234 1
4518 880 1827 1
4519 509 743 1
4520 2182 1672 1
4521 1998 1697 1
4522 2049 1624 1
4523 2022 1750 1
4524 865 1288 1
4525 2083 1314 1
4526 2652 1799 1
4527 2049 1546 1
4528 2658 1448 1
4529 2500 1492 1
4530 2558 1218 1
4531 1917 1616 1
4532 1961 1846 1
4533 2303 970 1
4534 1861 1428 1
4535 597 1175 1
4536 1941 1356 1
4537 2555 1704 1
4538 2539 1156 1
4539 2524 1479 1
4540 2652 1435 1
4541 2566 1345 1
4542 2537 1738 1
4543 2630 1814 1
4544 2668 1722 1
4545 2550 1030 1
4546 2212 1184 1
4547 2227 1799 1
4548 2202 1413 1
4549 841 657 1
4550 2640 1420 1
4551 2566 1713 1
4552 3129 1461 1
4553 958 315 1
4554 923 1871 1
4555 702 55 1
4556 2295 1474 1
4557 490 659 1
4558 784 713 1
4559 721 160 1
4560 1754 1188 1
4561 473 818 1
4562 848 763 1
4563 1021 895 1
4564 2460 1541 1
4565 1745 1577 1
4566 3156 1665 1
4567 1904 1541 1
4568 2488 1553 1
4569 805 1555 1
4570 2268 1293 1
4571 2779 1374 1
4572 2438 1067 1
4573 2802 1347 1
4574 509 1600 1
4575 795 1500 1
4576 1818 1192 1
4577 941 1363 1
4578 2732 1648 1
4579 751 1026 1
4580 1757 1662 1
4581 937 1864 1
4582 1115 1819 1
4583 1804 1300 1
4584 2382 1520 1
4585 1887 1445 1
4586 2353 1342 1
4587 212 1009 1
4588 2285 1356 1
4589 445 709 1
4590 2612 1826 1
4591 728 1109 1
4592 633 1348 1
4593 2664 1127 1
4594 1886 1308 1
4595 1688 1728 1
4596 584 726 1
4597 526 1015 1
4598 796 988 1
4599 2254 1348 1
4600 2679 1115 1
4601 3157 1760 1
4602 2185 1263 1
4603 2044 1258 1
4604 811 1302 1
4605 2471 1625 1
4606 2722 1373 1
4607 2432 1425 1
4608 2238 1434 1
4609 659 1950 1
4610 803 1259 1
4611 2131 1471 1
4612 2139 1425 1
4613 2368 1376 1
4614 2244 1306 1
4615 962 774 1
4616 699 194 1
4617 2708 1548 1
4618 538 693 1
4619 876 565 1
4620 775 760 1
4621 2307 1026 1
4622 2057 1278 1
4623 2540 1714 1
4624 2107 1024 1
4625 2498 1619 1
4626 2125 1365 1
4627 1899 1242 1
4628 2366 989 1
4629 2454 1673 1
4630 2110 1679 1
4631 2400 1060 1
4632 2405 1221 1
4633 552 756 1
4634 742 858 1
4635 1056 1879 1
4636 232 166 1
4637 665 1808 1
4638 964 1783 1
4639 479 1576 1
4640 756 1844 1
4641 860 186 1
4642 1768 908 1
4643 1128 1793 1
4644 1013 795 1
4645 780 835 1
4646 1674 1143 1
4647 1920 1126 1
4648 533 1203 1
4649 1717 1325 1
4650 537 1469 1
4651 995 1727 1
4652 382 1422 1
4653 718 1538 1
4654 892 1693 1
4655 2703 1286 1
4656 131 531 1
4657 2578 1279 1
4658 825 1963 1
4659 693 1899 1
4660 881 1953 1
4661 902 1850 1
4662 1694 1910 1
4663 994 1573 1
4664 2123 1124 1
4665 2414 1539 1
4666 2467 1343 1
4667 2403 1374 1
4668 1989 741 1
4669 631 1382 1
4670 2866 1542 1
4671 2646 1615 1
4672 2537 1370 1
4673 2254 1234 1
4674 2736 1660 1
4675 1754 512 1
4676 614 661 1
4677 1159 931 1
4678 596 946 1
4679 599 666 1
4680 813 392 1
4681 2027 687 1
4682 861 1601 1
4683 821 1599 1
4684 769 1768 1
4685 1009 1700 1
4686 1837 1210 1
4687 917 2009 1
4688 1030 843 1
4689 2310 1300 1
4690 2142 1416 1
4691 815 1667 1
4692 1954 1159 1
4693 724 1941 1
4694 1855 935 1
4695 874 2028 1
4696 723 1324 1
4697 2564 1841 1
4698 2233 1078 1
4699 1728 1721 1
4700 964 1823 1
4701 894 1756 1
4702 863 1779 1
4703 507 1647 1
4704 784 1605 1
4705 697 1691 1
4706 589 1639 1
4707 728 1912 1
4708 1065 1648 1
4709 559 603 1
4710 198 69 1
4711 143 106 1
4712 1035 956 1
4713 2216 1464 1
4714 779 250 1
4715 1833 1354 1
4716 1352 1175 1
4717 2075 1723 1
4718 2789 1111 1
4719 1928 1471 1
4720 875 2019 1
4721 1123 1052 1
4722 1571 1198 1
4723 2635 1091 1
4724 1979 1408 1
4725 2719 1439 1
4726 2315 1264 1
4727 1775 1356 1
4728 715 1301 1
4729 1828 1345 1
4730 977 1758 1
4731 1785 969 1
4732 871 1988 1
4733 661 1846 1
4734 363 329 1
4735 2254 1196 1
4736 2222 1073 1
4737 2062 1810 1
4738 2452 1678 1
4739 755 151 1
4740 64 565 1
4741 926 1715 1
4742 1749 970 1
4743 698 1933 1
4744 2077 1196 1
4745 1982 1349 1
4746 2387 1583 1
4747 2196 1840 1
4748 891 1740 1
4749 822 1858 1
4750 1063 913 1
4751 559 731 1
4752 1554 1144 1
4753 1080 1841 1
4754 2621 1435 1
4755 2678 905 1
4756 785 107 1
4757 3369 1689 1
4758 802 882 1
4759 586 680 1
4760 1759 1644 1
4761 983 654 1
4762 968 773 1
4763 927 874 1
4764 952 1910 1
4765 980 1342 1
4766 776 446 1
4767 321 590 1
4768 1507 1143 1
4769 2334 1644 1
4770 3323 1487 1
4771 1731 1025 1
4772 701 1332 1
4773 808 1596 1
4774 2335 1705 1
4775 1204 1721 1
4776 688 1657 1
4777 2591 1271 1
4778 616 1605 1
4779 957 1863 1
4780 2665 1389 1
4781 984 1775 1
4782 896 1646 1
4783 504 1423 1
4784 975 1937 1
4785 682 1690 1
4786 852 1283 1
4787 1068 1848 1
4788 762 2068 1
4789 2258 1396 1
4790 732 1197 1
4791 2181 1544 1
4792 660 1591 1
4793 1167 1697 1
4794 2375 1770 1
4795 2107 1381 1
4796 878 1834 1
4797 1019 1744 1
4798 1133 1814 1
4799 915 1621 1
4800 545 1639 1
4801 1261 1047 1
4802 672 1133 1
4803 1146 1629 1
4804 705 1566 1
4805 1785 1518 1
4806 233 498 1
4807 963 1742 1
4808 682 1872 1
4809 2511 1197 1
4810 2274 1015 1
4811 2494 1314 1
4812 1020 387 1
4813 1807 1042 1
4814 596 1256 1
4815 2492 1518 1
4816 798 2050 1
4817 1026 1556 1
4818 846 1187 1
4819 556 1008 1
4820 2011 1582 1
4821 1176 1082 1
4822 2451 1494 1
4823 2226 1194 1
4824 1887 1663 1
4825 2268 998 1
4826 870 1549 1
4827 412 1581 1
4828 479 848 1
4829 1166 1739 1
4830 830 83 1
4831 609 1185 1
4832 2521 1388 1
4833 2680 1618 1
4834 990 1501 1
4835 2221 1375 1
4836 838 1496 1
4837 498 1126 1
4838 2615 1135 1
4839 2547 1336 1
4840 2544 1406 1
4841 1856 1222 1
4842 2630 1053 1
4843 2404 1738 1
4844 2179 1054 1
4845 2635 1755 1
4846 588 1379 1
4847 1184 1782 1
4848 2562 1044 1
4849 867 1817 1
4850 985 1663 1
4851 932 1607 1
4852 2116 1197 1
4853 2590 1454 1
4854 2576 1177 1
4855 2075 1174 1
4856 766 1648 1
4857 1951 1582 1
4858 741 1609 1
4859 324 155 1
4860 476 1433 1
4861 1688 1828 1
4862 1907 957 1
4863 1953 1712 1
4864 1872 1469 1
4865 2609 1669 1
4866 3172 1709 1
4867 2051 1355 1
4868 2411 1096 1
4869 974 1455 1
4870 2119 1471 1
4871 2434 1405 1
4872 897 1683 1
4873 669 1155 1
4874 1975 1610 1
4875 2111 1252 1
4876 2536 1100 1
4877 1917 1689 1
4878 2694 1760 1
4879 2348 1651 1
4880 2142 1226 1
4881 2576 1024 1
4882 2293 1728 1
4883 1008 1669 1
4884 2404 1780 1
4885 944 1710 1
4886 1037 1654 1
4887 3354 1783 1
4888 1801 1693 1
4889 1003 1600 1
4890 2116 1855 1
4891 1829 1352 1
4892 2465 1550 1
4893 347 1461 1
4894 2593 480 1
4895 792 1249 1
4896 1008 1914 1
4897 711 1344 1
4898 899 1799 1
4899 1111 1715 1
4900 3555 1731 1
4901 487 1534 1
4902 2642 1601 1
4903 2117 1242 1
4904 2715 1419 1
4905 2617 1364 1
4906 2437 1174 1
4907 2265 1034 1
4908 2092 1063 1
4909 794 1212 1
4910 2225 1458 1
4911 2266 1700 1
4912 2740 1691 1
4913 2627 1624 1
4914 559 1597 1
4915 2381 1757 1
4916 2010 1428 1
4917 1980 1260 1
4918 777 147 1
4919 3202 1358 1
4920 2135 1358 1
4921 742 1364 1
4922 1925 1684 1
4923 1793 1264 1
4924 934 1107 1
4925 2344 1423 1
4926 2704 1391 1
4927 1581 2005 1
4928 907 1973 1
4929 902 1973 1
4930 652 1671 1
4931 1009 1923 1
4932 805 1895 1
4933 2159 1299 1
4934 2340 1233 1
4935 2332 1219 1
4936 649 1006 1
4937 2793 1542 1
4938 1025 1915 1
4939 630 1826 1
4940 669 1813 1
4941 3142 1570 1
4942 2459 1415 1
4943 884 665 1
4944 1969 1246 1
4945 452 1687 1
4946 1759 1385 1
4947 2116 739 1
4948 2089 738 1
4949 2230 807 1
4950 2033 797 1
4951 2211 723 1
4952 2122 721 1
4953 2023 751 1
4954 2264 688 1
4955 2142 711 1
4956 2092 833 1
4957 855 2008 1
4958 825 176 1
4959 513 1382 1
4960 863 1919 1
4961 690 1999 1
4962 820 1990 1
4963 744 2007 1
4964 2380 1332 1
4965 1055 1766 1
4966 2294 1724 1
4967 2593 1094 1
4968 2505 1188 1
4969 2020 703 1
4970 998 407 1
4971 2234 1501 1
4972 2666 508 1
4973 747 1763 1
4974 419 1214 1
4975 587 1407 1
4976 911 1742 1
4977 1368 1009 1
4978 426 1233 1
4979 1347 1057 1
4980 696 495 1
4981 2454 1050 1
4982 1876 1819 1
4983 2146 1810 1
4984 2478 1197 1
4985 2486 1008 1
4986 1027 1895 1
4987 1027 1473 1
4988 989 1444 1
4989 2229 1338 1
4990 2803 1385 1
4991 2344 1376 1
4992 1045 1626 1
4993 835 1943 1
4994 748 1294 1
4995 955 1607 1
4996 272 159 1
4997 996 1775 1
4998 804 1306 1
4999 711 1806 1
5000 892 1851 1
5001 691 1310 1
5002 2645 1786 1
5003 942 202 1
5004 2606 1806 1
5005 3108 1285 1
5006 2166 1382 1
5007 600 1381 1
5008 2234 696 1
5009 2111 733 1
5010 1993 804 1
5011 2180 712 1
5012 1889 835 1
5013 575 1548 1
5014 959 1992 1
5015 2010 1381 1
5016 1974 1420 1
5017 2731 1643 1
5018 1864 1690 1
5019 1936 1160 1
5020 1824 1264 1
5021 1045 1235 1
5022 1060 1455 1
5023 948 1710 1
5024 961 1978 1
5025 1845 1834 1
5026 729 1225 1
5027 2125 1133 1
5028 2162 1116 1
5029 732 597 1
5030 723 2021 1
5031 861 1659 1
5032 767 1889 1
5033 2120 1469 1
5034 751 1879 1
5035 696 1903 1
5036 1016 1747 1
5037 1698 476 1
5038 2029 374 1
5039 1924 1268 1
5040 2132 1217 1
5041 819 1569 1
5042 2681 1675 1
5043 2027 736 1
5044 3052 1483 1
5045 1032 1788 1
5046 922 1354 1
5047 1742 1404 1
5048 755 1564 1
5049 475 1407 1
5050 1010 1611 1
5051 1757 1329 1
5052 664 792 1
5053 545 1608 1
5054 2747 1375 1
5055 668 1225 1
5056 1051 1667 1
5057 808 1697 1
5058 2288 1432 1
5059 2204 1454 1
5060 768 1758 1
5061 2142 1135 1
5062 815 1289 1
5063 900 1774 1
5064 1090 1744 1
5065 722 1177 1
5066 1021 1750 1
5067 481 1481 1
5068 1067 1895 1
5069 873 1961 1
5070 1975 1654 1
5071 1930 1732 1
5072 1817 1347 1
5073 2730 1666 1
5074 1906 1618 1
5075 763 1301 1
5076 724 1587 1
5077 1820 466 1
5078 1084 1613 1
5079 574 1193 1
5080 861 1307 1
5081 1196 1207 1
5082 475 1431 1
5083 1020 1260 1
5084 2463 1539 1
5085 960 1852 1
5086 465 1132 1
5087 580 267 1
5088 1734 1903 1
5089 962 1892 1
5090 2253 1208 1
5091 2093 1528 1
5092 2202 1729 1
5093 508 1387 1
5094 2778 1463 1
5095 832 1844 1
5096 1117 1733 1
5097 1140 1025 1
5098 687 2068 1
5099 1134 1654 1
5100 2676 1378 1
5101 2809 1552 1
5102 1065 1606 1
5103 167 1049 1
5104 2384 1345 1
5105 751 1658 1
5106 1165 1833 1
5107 361 1340 1
5108 977 1621 1
5109 1190 1623 1
5110 1023 1655 1
5111 964 1673 1
5112 860 1871 1
5113 656 1851 1
5114 797 1929 1
5115 843 2032 1
5116 1877 924 1
5117 520 994 1
5118 1098 1823 1
5119 2016 1545 1
5120 1939 1650 1
5121 1049 1788 1
5122 845 1461 1
5123 939 1701 1
5124 1761 1444 1
5125 839 1906 1
5126 782 1830 1
5127 1109 1870 1
5128 646 1846 1
5129 783 1839 1
5130 1013 1428 1
5131 791 1672 1
5132 552 1408 1
5133 174 396 1
5134 912 1718 1
5135 2478 1859 1
5136 340 90 1
5137 181 61 1
5138 274 111 1
5139 2025 1159 1
5140 1885 1868 1
5141 1066 1819 1
5142 159 498 1
5143 15 555 1
5144 783 1326 1
5145 2582 1566 1
5146 973 1730 1
5147 763 1371 1
5148 2162 1441 1
5149 703 206 1
5150 2387 1246 1
5151 1966 1222 1
5152 2609 1397 1
5153 1837 1337 1
5154 2568 1134 1
5155 2172 1754 1
5156 1062 646 1
5157 991 1091 1
5158 568 1099 1
5159 839 1459 1
5160 1076 1649 1
5161 3318 1563 1
5162 2170 1046 1
5163 2092 1267 1
5164 2600 1752 1
5165 2147 1403 1
5166 954 1473 1
5167 2292 1369 1
5168 2592 1243 1
5169 868 1949 1
5170 628 1341 1
5171 949 1811 1
5172 976 1754 1
5173 452 1578 1
5174 970 1744 1
5175 925 1882 1
5176 635 2086 1
5177 1767 1657 1
5178 2092 689 1
5179 931 1276 1
5180 2219 1803 1
5181 1801 1610 1
5182 834 1540 1
5183 748 1308 1
5184 360 1643 1
5185 333 1471 1
5186 2621 1473 1
5187 2622 1599 1
5188 3557 1673 1
5189 849 1299 1
5190 973 1471 1
5191 1837 1219 1
5192 734 1577 1
5193 959 84 1
5194 597 1045 1
5195 2058 1500 1
5196 913 1966 1
5197 2389 1459 1
5198 919 611 1
5199 1460 1722 1
5200 1792 1594 1
5201 1841 1381 1
5202 128 1534 1
5203 1039 1827 1
5204 2561 1522 1
5205 1971 1354 1
5206 2848 1447 1
5207 2096 1742 1
5208 1072 1725 1
5209 2355 1774 1
5210 2213 1646 1
5211 478 1544 1
5212 1716 1396 1
5213 1808 1367 1
5214 1595 1870 1
5215 2641 1235 1
5216 1800 1719 1
5217 968 1881 1
5218 703 1813 1
5219 1672 1687 1
5220 855 472 1
5221 1759 1688 1
5222 1687 1891 1
5223 1000 1728 1
5224 2602 1008 1
5225 1071 1311 1
5226 2641 1682 1
5227 413 1455 1
5228 1493 601 1
5229 1000 1762 1
5230 446 1370 1
5231 1094 1814 1
5232 832 1758 1
5233 941 1579 1
5234 2210 1495 1
5235 2739 1512 1
5236 2653 1307 1
5237 2296 1133 1
5238 2465 1654 1
5239 2161 1371 1
5240 2132 1323 1
5241 908 1999 1
5242 3106 986 1
5243 955 1845 1
5244 1855 1418 1
5245 485 756 1
5246 479 1153 1
5247 805 440 1
5248 1134 1744 1
5249 2197 1859 1
5250 1837 461 1
5251 747 577 1
5252 1359 1151 1
5253 674 714 1
5254 849 1663 1
5255 913 1630 1
5256 989 1590 1
5257 846 1633 1
5258 1733 1803 1
5259 753 1355 1
5260 488 1436 1
5261 761 1652 1
5262 970 1568 1
5263 913 1583 1
5264 1074 1665 1
5265 577 1633 1
5266 1068 1740 1
5267 450 1224 1
5268 1286 280 1
5269 1742 126 1
5270 900 1874 1
5271 673 1941 1
5272 2193 1845 1
5273 1030 1885 1
5274 1296 285 1
5275 1290 285 1
5276 1086 388 1
5277 907 451 1
5278 1237 296 1
5279 366 93 1
5280 431 52 1
5281 503 7 1
5282 1770 465 1
5283 858 1995 1
5284 731 1852 1
5285 1907 427 1
5286 1490 568 1
5287 1146 355 1
5288 180 108 1
5289 453 10 1
5290 767 1815 1
5291 2943 586 1
5292 1953 1251 1
5293 157 96 1
5294 127 101 1
5295 2274 1456 1
5296 573 1176 1
5297 901 1133 1
5298 2312 1468 1
5299 1208 955 1
5300 1150 904 1
5301 1217 906 1
5302 1964 1541 1
5303 914 1562 1
5304 3244 1652 1
5305 1239 860 1
5306 1886 448 1
5307 374 1526 1
5308 771 288 1
5309 793 286 1
5310 863 579 1
5311 858 593 1
5312 1659 524 1
5313 850 446 1
5314 1100 1789 1
5315 220 1026 1
5316 1519 579 1
5317 884 1692 1
5318 124 94 1
5319 1137 164 1
5320 1137 240 1
5321 1231 223 1
5322 1066 51 1
5323 1122 51 1
5324 2579 774 1
5325 673 1392 1
5326 1853 1575 1
5327 3038 1271 1
5328 692 116 1
5329 778 1650 1
5330 807 1618 1
5331 1627 573 1
5332 1451 1733 1
5333 153 381 1
5334 334 67 1
5335 405 8 1
5336 393 38 1
5337 351 21 1
5338 374 39 1
5339 381 3 1
5340 343 4 1
5341 424 13 1
5342 422 0 1
5343 1297 627 1
5344 1223 651 1
5345 1434 652 1
5346 1367 646 1
5347 1290 641 1
5348 1281 655 1
5349 1394 640 1
5350 1242 661 1
5351 1510 654 1
5352 1446 662 1
5353 1228 637 1
5354 1209 649 1
5355 1214 637 1
5356 2357 1382 1
5357 1692 528 1
5358 3132 495 1
5359 2960 1424 1
5360 476 893 1
5361 339 1484 1
5362 3202 1397 1
5363 970 1902 1
5364 99 1189 1
5365 634 1398 1
5366 1390 1136 1
5367 798 1343 1
5368 942 1309 1
5369 909 1270 1
5370 535 1428 1
5371 580 1399 1
5372 1723 991 1
5373 569 1430 1
5374 2118 1240 1
5375 2094 2001 1
5376 2245 1945 1
5377 1172 1182 1
5378 1073 1211 1
5379 374 1511 1
5380 738 1360 1
5381 1816 953 1
5382 1534 1087 1
5383 1564 1055 1
5384 1877 1280 1
5385 714 1368 1
5386 867 1935 1
5387 2668 1307 1
5388 942 1309 1
5389 580 1399 1
5390 798 1343 1
5391 1390 1136 1
5392 535 1428 1
5393 909 1270 1
5394 1723 991 1
5395 925 1313 1
5396 658 1398 1
5397 379 1494 1
5398 617 1395 1
5399 1172 1182 1
5400 575 1396 1
5401 747 1372 1
5402 1003 1577 1
5403 2227 1065 1
5404 2050 1139 1
5405 828 1302 1
5406 1121 1674 1
5407 1469 1711 1
5408 1823 1457 1
5409 532 1433 1
5410 139 831 1
5411 2020 490 1
5412 2763 533 1
5413 1288 426 1
5414 1223 412 1
5415 1366 341 1
5416 1394 408 1
5417 2214 206 1
5418 1258 370 1
5419 1315 370 1
5420 1202 359 1
5421 1462 470 1
5422 1216 436 1
5423 1133 314 1
5424 1223 307 1
5425 1255 417 1
5426 1250 408 1
5427 1701 490 1
5428 1325 492 1
5429 1210 430 1
5430 1991 428 1
5431 2084 367 1
5432 2469 378 1
5433 2165 402 1
5434 2342 273 1
5435 2045 454 1
5436 2285 372 1
5437 2075 348 1
5438 2152 398 1
5439 2587 514 1
5440 2216 356 1
5441 2297 401 1
5442 1863 493 1
5443 2085 405 1
5444 2601 388 1
5445 2400 301 1
5446 2465 300 1
5447 1904 483 1
5448 2516 345 1
5449 1135 482 1
5450 2610 475 1
5451 1862 488 1
5452 1863 509 1
5453 1308 507 1
5454 1451 416 1
5455 1143 373 1
5456 1216 362 1
5457 1303 433 1
5458 1201 308 1
5459 1287 418 1
5460 1288 490 1
5461 1282 315 1
5462 1130 323 1
5463 2030 394 1
5464 1177 476 1
5465 1130 428 1
5466 1096 366 1
5467 1252 310 1
5468 1574 493 1
5469 1604 460 1
5470 2481 400 1
5471 1328 436 1
5472 1068 432 1
5473 1801 370 1
5474 1362 365 1
5475 2573 452 1
5476 1999 472 1
5477 1936 462 1
5478 1472 485 1
5479 2010 318 1
5480 2548 356 1
5481 2133 345 1
5482 2151 430 1
5483 2538 486 1
5484 2243 388 1
5485 1379 434 1
5486 1629 460 1
5487 2134 334 1
5488 1922 553 1
5489 2334 503 1
5490 2007 518 1
5491 2251 626 1
5492 2100 644 1
5493 2190 637 1
5494 2133 490 1
5495 2049 514 1
5496 2093 516 1
5497 2058 544 1
5498 2195 506 1
5499 2168 534 1
5500 2101 558 1
5501 2449 317 1
5502 2345 581 1
5503 2199 343 1
5504 2373 311 1
5505 2468 505 1
5506 1852 371 1
5507 2495 582 1
5508 2580 524 1
5509 2490 589 1
5510 2565 571 1
5511 2564 542 1
5512 2355 611 1
5513 2311 291 1
5514 2379 423 1
5515 2448 513 1
5516 1950 465 1
5517 2533 512 1
5518 2230 431 1
5519 2430 498 1
5520 2579 404 1
5521 2225 335 1
5522 2332 602 1
5523 2344 508 1
5524 1906 385 1
5525 1908 336 1
5526 1935 397 1
5527 1373 474 1
5528 1834 393 1
5529 2151 457 1
5530 1995 344 1
5531 2258 408 1
5532 2465 396 1
5533 1104 324 1
5534 2271 391 1
5535 1936 257 1
5536 2179 491 1
5537 2364 553 1
5538 2134 497 1
5539 2223 583 1
5540 2200 507 1
5541 2139 661 1
5542 2301 515 1
5543 2114 533 1
5544 2180 531 1
5545 2147 543 1
5546 2068 649 1
5547 2251 520 1
5548 2114 527 1
5549 2039 533 1
5550 2148 550 1
5551 2144 471 1
5552 2126 573 1
5553 2063 604 1
5554 2116 577 1
5555 2122 458 1
5556 2197 509 1
5557 2120 648 1
5558 2170 573 1
5559 2100 601 1
5560 2247 498 1
5561 2184 489 1
5562 1383 379 1
5563 1424 407 1
5564 2687 329 1
5565 1934 449 1
5566 2614 271 1
5567 2570 351 1
5568 1426 504 1
5569 1630 509 1
5570 1058 477 1
5571 1631 503 1
5572 1461 476 1
5573 1610 504 1
5574 1394 501 1
5575 1377 497 1
5576 1461 438 1
5577 1528 458 1
5578 1362 396 1
5579 1562 281 1
5580 1420 380 1
5581 1447 502 1
5582 2018 385 1
5583 1593 501 1
5584 1080 303 1
5585 1331 306 1
5586 1713 470 1
5587 1039 377 1
5588 1140 413 1
5589 1590 378 1
5590 1561 487 1
5591 1827 331 1
5592 1473 386 1
5593 1555 377 1
5594 1540 485 1
5595 1424 482 1
5596 1474 500 1
5597 2543 340 1
5598 2165 363 1
5599 1742 450 1
5600 1446 426 1
5601 1408 419 1
5602 2074 290 1
5603 2050 325 1
5604 1471 401 1
5605 1823 369 1
5606 2061 383 1
5607 1816 319 1
5608 2027 413 1
5609 1981 434 1
5610 1911 500 1
5611 1268 492 1
5612 2337 378 1
5613 1418 333 1
5614 1961 288 1
5615 1471 349 1
5616 1219 337 1
5617 2430 677 1
5618 1944 677 1
5619 2095 652 1
5620 2157 492 1
5621 2221 565 1
5622 2001 615 1
5623 2133 578 1
5624 2278 464 1
5625 1910 446 1
5626 1934 342 1
5627 1811 480 1
5628 2074 352 1
5629 1806 299 1
5630 1704 366 1
5631 1974 329 1
5632 1727 448 1
5633 2029 243 1
5634 2357 440 1
5635 1963 430 1
5636 1795 332 1
5637 1872 416 1
5638 1840 290 1
5639 1931 285 1
5640 1520 422 1
5641 2201 232 1
5642 1663 394 1
5643 2205 318 1
5644 2029 410 1
5645 1861 350 1
5646 2343 333 1
5647 2566 416 1
5648 1988 310 1
5649 1079 398 1
5650 1381 269 1
5651 969 395 1
5652 1535 218 1
5653 1105 363 1
5654 2295 645 1
5655 2016 673 1
5656 2369 448 1
5657 1989 675 1
5658 2071 482 1
5659 2354 649 1
5660 2123 609 1
5661 2347 480 1
5662 2307 518 1
5663 2138 476 1
5664 1971 657 1
5665 2100 483 1
5666 2129 611 1
5667 2181 530 1
5668 2156 524 1
5669 2080 544 1
5670 2192 467 1
5671 2383 435 1
5672 2296 609 1
5673 2302 500 1
5674 2392 605 1
5675 2178 652 1
5676 2305 560 1
5677 2351 604 1
5678 2264 600 1
5679 2395 480 1
5680 2429 529 1
5681 2355 526 1
5682 2316 586 1
5683 2560 313 1
5684 1738 292 1
5685 1708 453 1
5686 1199 415 1
5687 1476 448 1
5688 1408 504 1
5689 2606 245 1
5690 2207 285 1
5691 1485 361 1
5692 2541 283 1
5693 1435 319 1
5694 1646 436 1
5695 1467 325 1
5696 1209 461 1
5697 1512 335 1
5698 1563 407 1
5699 2000 356 1
5700 1431 471 1
5701 1611 320 1
5702 2327 333 1
5703 1405 468 1
5704 1726 406 1
5705 1892 327 1
5706 1849 409 1
5707 1492 421 1
5708 1879 411 1
5709 1505 471 1
5710 1629 329 1
5711 1167 331 1
5712 1225 321 1
5713 1147 345 1
5714 1157 361 1
5715 2003 370 1
5716 1344 270 1
5717 1213 336 1
5718 1285 307 1
5719 1302 278 1
5720 1228 324 1
5721 2248 328 1
5722 1476 281 1
5723 1435 306 1
5724 1419 317 1
5725 1693 391 1
5726 1396 318 1
5727 1802 464 1
5728 1693 426 1
5729 2448 652 1
5730 2387 574 1
5731 2316 525 1
5732 2320 477 1
5733 2389 616 1
5734 2228 619 1
5735 2286 645 1
5736 2315 656 1
5737 2315 564 1
5738 1723 184 1
5739 2024 385 1
5740 1640 521 1
5741 1871 426 1
5742 1572 208 1
5743 1095 391 1
5744 1545 214 1
5745 1577 543 1
5746 2318 367 1
5747 668 569 1
5748 953 459 1
5749 1139 355 1
5750 1544 246 1
5751 1277 282 1
5752 1491 616 1
5753 1415 277 1
5754 1204 362 1
5755 381 817 1
5756 1042 441 1
5757 2382 586 1
5758 2185 658 1
5759 2072 605 1
5760 2402 594 1
5761 2267 567 1
5762 2322 563 1
5763 2146 611 1
5764 2219 615 1
5765 2319 549 1
5766 2130 556 1
5767 2216 657 1
5768 2256 555 1
5769 2186 663 1
5770 2308 620 1
5771 2218 538 1
5772 2211 541 1
5773 2136 584 1
5774 2095 527 1
5775 2109 514 1
5776 2112 639 1
5777 2181 618 1
5778 2353 637 1
5779 2104 550 1
5780 2256 509 1
5781 2326 514 1
5782 2122 594 1
5783 2156 546 1
5784 2068 594 1
5785 2043 576 1
5786 2501 442 1
5787 2257 443 1
5788 1875 292 1
5789 1729 279 1
5790 1767 420 1
5791 1837 299 1
5792 1862 366 1
5793 1591 295 1
5794 1690 301 1
5795 2069 300 1
5796 1654 404 1
5797 1602 388 1
5798 1603 331 1
5799 1965 302 1
5800 2618 526 1
5801 2250 279 1
5802 1378 310 1
5803 2066 392 1
5804 2076 434 1
5805 2097 317 1
5806 1992 447 1
5807 1756 334 1
5808 1143 468 1
5809 2272 360 1
5810 2176 443 1
5811 2064 278 1
5812 2077 350 1
5813 2248 332 1
5814 2415 394 1
5815 2116 312 1
5816 2522 301 1
5817 2165 345 1
5818 2268 291 1
5819 2306 206 1
5820 1222 423 1
5821 1485 361 1
5822 2042 382 1
5823 1158 425 1
5824 2141 281 1
5825 2213 273 1
5826 1122 368 1
5827 1308 424 1
5828 1486 402 1
5829 1370 345 1
5830 1306 358 1
5831 1519 414 1
5832 1456 327 1
5833 2336 422 1
5834 1701 341 1
5835 1384 299 1
5836 1460 309 1
5837 2455 629 1
5838 2143 353 1
5839 2511 520 1
5840 2181 312 1
5841 2118 317 1
5842 2418 574 1
5843 2459 436 1
5844 2178 435 1
5845 2099 611 1
5846 2250 615 1
5847 2259 550 1
5848 2217 592 1
5849 1973 621 1
5850 2376 472 1
5851 2295 548 1
5852 2122 590 1
5853 2136 485 1
5854 2272 549 1
5855 2343 549 1
5856 1984 580 1
5857 2187 519 1
5858 2168 653 1
5859 2174 543 1
5860 2095 651 1
5861 2194 544 1
5862 2165 566 1
5863 2291 626 1
5864 1972 591 1
5865 2021 551 1
5866 2239 542 1
5867 2256 529 1
5868 2290 593 1
5869 2126 562 1
5870 2116 492 1
5871 2069 637 1
5872 2276 567 1
5873 2117 607 1
5874 2178 637 1
5875 2230 576 1
5876 2216 483 1
5877 2267 469 1
5878 2115 568 1
5879 2125 550 1
5880 2236 605 1
5881 2052 480 1
5882 2286 536 1
5883 1379 117 1
5884 2074 71 1
5885 1994 9 1
5886 1242 56 1
5887 1458 157 1
5888 1696 91 1
5889 1635 156 1
5890 1576 31 1
5891 1464 35 1
5892 2243 203 1
5893 2570 970 1
5894 1475 217 1
5895 1585 54 1
5896 1506 248 1
5897 1291 263 1
5898 1396 546 1
5899 2329 3 1
5900 1412 148 1
5901 2494 951 1
5902 2516 932 1
5903 1486 136 1
5904 2166 211 1
5905 2457 973 1
5906 1558 84 1
5907 1747 203 1
5908 1477 198 1
5909 1251 119 1
5910 1297 568 1
5911 1777 201 1
5912 1636 14 1
5913 1831 195 1
5914 1442 230 1
5915 1467 202 1
5916 1546 225 1
5917 2070 244 1
5918 1518 163 1
5919 1788 218 1
5920 2192 378 1
5921 2343 308 1
5922 2535 317 1
5923 2186 334 1
5924 2434 650 1
5925 1930 403 1
5926 1628 397 1
5927 2488 595 1
5928 2258 346 1
5929 2444 396 1
5930 2498 456 1
5931 2532 619 1
5932 2453 629 1
5933 1827 279 1
5934 2440 478 1
5935 2275 397 1
5936 1959 373 1
5937 2371 656 1
5938 2488 581 1
5939 2475 606 1
5940 1735 315 1
5941 1917 104 1
5942 1811 94 1
5943 1990 27 1
5944 1995 103 1
5945 1623 106 1
5946 1848 204 1
5947 1776 86 1
5948 1756 111 1
5949 1845 143 1
5950 1764 87 1
5951 1781 23 1
5952 1792 127 1
5953 2079 19 1
5954 1771 142 1
5955 1817 30 1
5956 1806 292 1
5957 2095 415 1
5958 2528 598 1
5959 2513 573 1
5960 1882 416 1
5961 1954 398 1
5962 2319 409 1
5963 1755 292 1
5964 1745 319 1
5965 2398 600 1
5966 2569 419 1
5967 2363 455 1
5968 2415 510 1
5969 1853 398 1
5970 1649 136 1
5971 1859 206 1
5972 1845 77 1
5973 1808 200 1
5974 1956 78 1
5975 1792 153 1
5976 1902 43 1
5977 1543 162 1
5978 1708 140 1
5979 1745 275 1
5980 1054 3 1
5981 1742 136 1
5982 1207 28 1
5983 1753 258 1
5984 1150 67 1
5985 2329 949 1
5986 1241 37 1
5987 1907 213 1
5988 1891 166 1
5989 1268 601 1
5990 1381 22 1
5991 1771 57 1
5992 1167 24 1
5993 2207 156 1
5994 2078 198 1
5995 2041 94 1
5996 1448 108 1
5997 1405 111 1
5998 2236 228 1
5999 1767 44 1
6000 1963 102 1
6001 1748 58 1
6002 1575 216 1
6003 1349 551 1
6004 1697 51 1
6005 1485 87 1
6006 1763 5 1
6007 1687 15 1
6008 1548 118 1
6009 1736 50 1
6010 1667 28 1
6011 1571 18 1
6012 1735 83 1
6013 2190 17 1
6014 2179 182 1
6015 2214 134 1
6016 1384 70 1
6017 1557 57 1
6018 1347 109 1
6019 1563 164 1
6020 1573 197 1
6021 2213 963 1
6022 2093 171 1
6023 2416 961 1
6024 1398 45 1
6025 1523 72 1
6026 2323 875 1
6027 1274 545 1
6028 2103 854 1
6029 1805 226 1
6030 2193 220 1
6031 1306 123 1
6032 1534 193 1
6033 1547 192 1
6034 1197 599 1
6035 2077 894 1
6036 1687 209 1
6037 2223 57 1
6038 2354 349 1
6039 2537 499 1
6040 2335 367 1
6041 2639 541 1
6042 2330 436 1
6043 2417 456 1
6044 2416 624 1
6045 2575 519 1
6046 2428 487 1
6047 2447 360 1
6048 2483 572 1
6049 2502 478 1
6050 2148 430 1
6051 2527 487 1
6052 2600 566 1
6053 2050 302 1
6054 2349 522 1
6055 2332 387 1
6056 2144 474 1
6057 2283 427 1
6058 2538 567 1
6059 2003 316 1
6060 2382 556 1
6061 2266 330 1
6062 1811 352 1
6063 1492 43 1
6064 1376 560 1
6065 1469 68 1
6066 2187 35 1
6067 1835 179 1
6068 1782 63 1
6069 2526 384 1
6070 2454 510 1
6071 2519 410 1
6072 1950 482 1
6073 1879 448 1
6074 2584 381 1
6075 2042 355 1
6076 1699 450 1
6077 1930 478 1
6078 1970 444 1
6079 1821 497 1
6080 2247 287 1
6081 2015 435 1
6082 2147 405 1
6083 1657 460 1
6084 1864 459 1
6085 1450 423 1
6086 1113 474 1
6087 1151 471 1
6088 2410 592 1
6089 1913 430 1
6090 1622 428 1
6091 1649 458 1
6092 2577 319 1
6093 2405 322 1
6094 2431 297 1
6095 2394 319 1
6096 2059 469 1
6097 2327 527 1
6098 2587 529 1
6099 2391 564 1
6100 2190 439 1
6101 2075 40 1
6102 1836 87 1
6103 1921 17 1
6104 1846 86 1
6105 2153 79 1
6106 1471 365 1
6107 2028 438 1
6108 1679 371 1
6109 1192 506 1
6110 1639 348 1
6111 1939 321 1
6112 1203 484 1
6113 1549 331 1
6114 1715 325 1
6115 1128 95 1
6116 1646 2 1
6117 1343 565 1
6118 1234 58 1
6119 1202 546 1
6120 1147 596 1
6121 1436 64 1
6122 1425 26 1
6123 1774 88 1
6124 2122 131 1
6125 1610 94 1
6126 1555 83 1
6127 1258 476 1
6128 1373 577 1
6129 1874 214 1
6130 1163 264 1
6131 1156 123 1
6132 1495 574 1
6133 1266 541 1
6134 1189 119 1
6135 2205 181 1
6136 1415 181 1
6137 1688 107 1
6138 1744 92 1
6139 1664 96 1
6140 2218 5 1
6141 2143 74 1
6142 1379 6 1
6143 1401 538 1
6144 1630 11 1
6145 1499 263 1
6146 1609 220 1
6147 1494 523 1
6148 2144 16 1
6149 1566 72 1
6150 1264 8 1
6151 1147 16 1
6152 1468 135 1
6153 2165 85 1
6154 1480 233 1
6155 2549 320 1
6156 1780 480 1
6157 2182 475 1
6158 2511 328 1
6159 1990 285 1
6160 2137 290 1
6161 2432 336 1
6162 2115 310 1
6163 2316 313 1
6164 2297 315 1
6165 2240 393 1
6166 2117 437 1
6167 2563 397 1
6168 2399 476 1
6169 2376 390 1
6170 2144 471 1
6171 2540 535 1
6172 2160 373 1
6173 2538 302 1
6174 2299 355 1
6175 2211 308 1
6176 2514 247 1
6177 2245 388 1
6178 2340 284 1
6179 2216 432 1
6180 2499 359 1
6181 2338 269 1
6182 2549 418 1
6183 2399 305 1
6184 2408 317 1
6185 2043 214 1
6186 2051 119 1
6187 2187 132 1
6188 2104 8 1
6189 1948 14 1
6190 2166 232 1
6191 2076 158 1
6192 2019 144 1
6193 1991 113 1
6194 2019 12 1
6195 2346 638 1
6196 2390 276 1
6197 2583 573 1
6198 1587 357 1
6199 1256 493 1
6200 1770 334 1
6201 1650 328 1
6202 1660 351 1
6203 1516 311 1
6204 1845 417 1
6205 1797 374 1
6206 1645 303 1
6207 1821 390 1
6208 1873 376 1
6209 1748 425 1
6210 1206 506 1
6211 1168 504 1
6212 1751 352 1
6213 1172 508 1
6214 1682 400 1
6215 1673 390 1
6216 1956 291 1
6217 1856 440 1
6218 1932 288 1
6219 1611 300 1
6220 1543 320 1
6221 1889 321 1
6222 2316 380 1
6223 2516 449 1
6224 1965 406 1
6225 2388 354 1
6226 2065 431 1
6227 2150 281 1
6228 2386 371 1
6229 2498 287 1
6230 2005 57 1
6231 2114 44 1
6232 1682 364 1
6233 1568 297 1
6234 1308 493 1
6235 1604 440 1
6236 2402 371 1
6237 1740 404 1
6238 1437 429 1
6239 1838 314 1
6240 1580 420 1
6241 2229 62 1
6242 1254 591 1
6243 1353 577 1
6244 1159 260 1
6245 1567 141 1
6246 1209 90 1
6247 1544 100 1
6248 2552 856 1
6249 1313 550 1
6250 1194 556 1
6251 1370 586 1
6252 1398 564 1
6253 2209 112 1
6254 1793 142 1
6255 2571 616 1
6256 1083 319 1
6257 2260 837 1
6258 1122 5 1
6259 1397 137 1
6260 1368 537 1
6261 1650 8 1
6262 1249 95 1
6263 1284 63 1
6264 1384 590 1
6265 1797 140 1
6266 1680 3 1
6267 1685 81 1
6268 1677 52 1
6269 2237 75 1
6270 1198 37 1
6271 1372 156 1
6272 1630 151 1
6273 1469 163 1
6274 2110 65 1
6275 2669 925 1
6276 1626 232 1
6277 1921 10 1
6278 1468 113 1
6279 2248 231 1
6280 1496 173 1
6281 2099 216 1
6282 2231 37 1
6283 1406 269 1
6284 2288 349 1
6285 2487 515 1
6286 1250 363 1
6287 2253 462 1
6288 2435 425 1
6289 2584 270 1
6290 1891 380 1
6291 2179 307 1
6292 2046 381 1
6293 2404 276 1
6294 2370 575 1
6295 1986 361 1
6296 2477 612 1
6297 2602 512 1
6298 2506 342 1
6299 2396 612 1
6300 2556 514 1
6301 2487 513 1
6302 2387 289 1
6303 2321 383 1
6304 2375 517 1
6305 2395 425 1
6306 2073 444 1
6307 2386 269 1
6308 2164 344 1
6309 2589 372 1
6310 2557 567 1
6311 2096 48 1
6312 1968 50 1
6313 1731 45 1
6314 1957 55 1
6315 1998 60 1
6316 2010 127 1
6317 1703 381 1
6318 1899 383 1
6319 1867 349 1
6320 1699 377 1
6321 1984 310 1
6322 1622 301 1
6323 2256 321 1
6324 2158 433 1
6325 1903 370 1
6326 1863 391 1
6327 1889 335 1
6328 2428 395 1
6329 2509 462 1
6330 1657 361 1
6331 2436 638 1
6332 1860 311 1
6333 1924 296 1
6334 2576 501 1
6335 1701 320 1
6336 2442 409 1
6337 2370 397 1
6338 2409 509 1
6339 2635 595 1
6340 1427 451 1
6341 2481 318 1
6342 2201 293 1
6343 2278 369 1
6344 2583 597 1
6345 2395 369 1
6346 2397 433 1
6347 1665 290 1
6348 2300 583 1
6349 2304 333 1
6350 2114 402 1
6351 2524 560 1
6352 2334 364 1
6353 2494 541 1
6354 2591 401 1
6355 2476 551 1
6356 2502 451 1
6357 2489 419 1
6358 1771 55 1
6359 2138 37 1
6360 2069 35 1
6361 1810 21 1
6362 1866 138 1
6363 1972 26 1
6364 2008 103 1
6365 1967 4 1
6366 2204 159 1
6367 1660 51 1
6368 1553 526 1
6369 1610 102 1
6370 1628 79 1
6371 1363 43 1
6372 1260 70 1
6373 1361 29 1
6374 1727 13 1
6375 1459 23 1
6376 1629 29 1
6377 1685 62 1
6378 1472 164 1
6379 1191 569 1
6380 1603 257 1
6381 1163 108 1
6382 2004 161 1
6383 2059 153 1
6384 1643 172 1
6385 1247 30 1
6386 1653 138 1
6387 2134 250 1
6388 1470 53 1
6389 1535 523 1
6390 1423 584 1
6391 2223 82 1
6392 1608 149 1
6393 1901 241 1
6394 1626 136 1
6395 1078 103 1
6396 1093 258 1
6397 1283 552 1
6398 2227 974 1
6399 2096 941 1
6400 2090 967 1
6401 986 7 1
6402 2023 952 1
6403 2109 890 1
6404 2416 998 1
6405 2338 870 1
6406 2524 963 1
6407 1057 703 1
6408 1379 1193 1
6409 1830 258 1
6410 1170 593 1
6411 1349 3 1
6412 2338 890 1
6413 2089 882 1
6414 1172 551 1
6415 2449 852 1
6416 1244 28 1
6417 2402 826 1
6418 2294 944 1
6419 2295 863 1
6420 2414 848 1
6421 2239 902 1
6422 2302 1051 1
6423 2015 943 1
6424 2010 868 1
6425 2572 914 1
6426 2353 903 1
6427 2026 902 1
6428 2162 924 1
6429 2540 945 1
6430 2164 896 1
6431 2455 889 1
6432 2305 832 1
6433 2016 882 1
6434 1630 222 1
6435 1360 234 1
6436 1344 154 1
6437 2586 912 1
6438 1271 533 1
6439 1250 575 1
6440 2167 929 1
6441 2137 936 1
6442 2230 891 1
6443 1955 950 1
6444 2214 938 1
6445 2472 930 1
6446 2388 887 1
6447 2066 918 1
6448 1317 546 1
6449 1279 557 1
6450 2226 979 1
6451 2178 887 1
6452 2068 936 1
6453 2167 876 1
6454 2430 917 1
6455 2540 902 1
6456 2377 954 1
6457 2595 867 1
6458 2328 882 1
6459 2353 964 1
6460 2183 919 1
6461 2235 919 1
6462 2212 924 1
6463 2084 964 1
6464 2460 944 1
6465 2509 952 1
6466 1133 611 1
6467 2488 952 1
6468 2199 898 1
6469 2237 945 1
6470 2215 870 1
6471 2190 905 1
6472 2181 901 1
6473 2106 963 1
6474 2436 911 1
6475 964 79 1
6476 1937 139 1
6477 1041 143 1
6478 1035 184 1
6479 1338 77 1
6480 1043 222 1
6481 1922 222 1
6482 1229 162 1
6483 2285 948 1
6484 1231 135 1
6485 2561 830 1
6486 2007 878 1
6487 2153 102 1
6488 2226 87 1
6489 2261 117 1
6490 2391 908 1
6491 1469 241 1
6492 1301 541 1
6493 2431 852 1
6494 2269 10 1
6495 2346 971 1
6496 1929 84 1
6497 2504 932 1
6498 1744 237 1
6499 1717 207 1
6500 2121 957 1
6501 2212 936 1
6502 2312 890 1
6503 2611 857 1
6504 2203 966 1
6505 2027 958 1
6506 2252 806 1
6507 2401 821 1
6508 2074 929 1
6509 2557 858 1
6510 2274 917 1
6511 2659 916 1
6512 2067 867 1
6513 2234 870 1
6514 2570 888 1
6515 2397 899 1
6516 2251 921 1
6517 2301 864 1
6518 2528 922 1
6519 2372 873 1
6520 2259 892 1
6521 2343 972 1
6522 2136 971 1
6523 2578 835 1
6524 2159 940 1
6525 2723 831 1
6526 2414 907 1
6527 2286 894 1
6528 2387 847 1
6529 2399 878 1
6530 2452 874 1
6531 1173 617 1
6532 2185 836 1
6533 2087 946 1
6534 2437 916 1
6535 2061 830 1
6536 2549 854 1
6537 2465 923 1
6538 2526 916 1
6539 2136 891 1
6540 2419 921 1
6541 2441 818 1
6542 2290 850 1
6543 2470 856 1
6544 2289 899 1
6545 2137 822 1
6546 2539 949 1
6547 2188 849 1
6548 2130 862 1
6549 2554 901 1
6550 2278 834 1
6551 2038 899 1
6552 1933 972 1
6553 2070 911 1
6554 2297 814 1
6555 3047 1978 1
6556 1041 260 1
6557 967 27 1
6558 1343 2 1
6559 1339 34 1
6560 1946 225 1
6561 1687 168 1
6562 1130 557 1
6563 2037 965 1
6564 1717 159 1
6565 1258 98 1
6566 2197 181 1
6567 1967 887 1
6568 1475 571 1
6569 2207 952 1
6570 1505 576 1
6571 1770 275 1
6572 2039 954 1
6573 1998 860 1
6574 1512 659 1
6575 2512 828 1
6576 2387 908 1
6577 1235 678 1
6578 2597 905 1
6579 1507 650 1
6580 2085 918 1
6581 1107 659 1
6582 1851 119 1
6583 2382 938 1
6584 2396 875 1
6585 1464 660 1
6586 2499 899 1
6587 2037 945 1
6588 2095 981 1
6589 2111 949 1
6590 1433 656 1
6591 1496 612 1
6592 1461 637 1
6593 1477 628 1
6594 1564 594 1
6595 1371 665 1
6596 1954 912 1
6597 2279 796 1
6598 2069 911 1
6599 2012 907 1
6600 2055 883 1
6601 2332 864 1
6602 1707 564 1
6603 2303 989 1
6604 2117 879 1
6605 2148 971 1
6606 2088 894 1
6607 2189 856 1
6608 2662 865 1
6609 2321 911 1
6610 2060 946 1
6611 1997 943 1
6612 2109 939 1
6613 2054 899 1
6614 2014 955 1
6615 1988 953 1
6616 2275 858 1
6617 1967 947 1
6618 1415 559 1
6619 1174 652 1
6620 2330 959 1
6621 1689 462 1
6622 2639 812 1
6623 2385 894 1
6624 1524 573 1
6625 1444 587 1
6626 1244 616 1
6627 2348 862 1
6628 1262 614 1
6629 2551 833 1
6630 1976 932 1
6631 2411 937 1
6632 2416 897 1
6633 2011 901 1
6634 2469 859 1
6635 2371 921 1
6636 2441 914 1
6637 2469 897 1
6638 2049 987 1
6639 2106 850 1
6640 2171 974 1
6641 2128 971 1
6642 906 5 1
6643 1748 160 1
6644 1391 186 1
6645 711 1453 1
6646 914 2115 1
6647 2954 1400 1
6648 417 273 1
6649 2762 754 1
6650 1314 1920 1
6651 1629 1296 1
6652 2932 1136 1
6653 1623 977 1
6654 1591 971 1
6655 1544 955 1
6656 1707 896 1
6657 1732 980 1
6658 1669 852 1
6659 1698 974 1
6660 1612 917 1
6661 1605 897 1
6662 1619 899 1
6663 1722 846 1
6664 1688 879 1
6665 1629 875 1
6666 1764 853 1
6667 1695 924 1
6668 1656 932 1
6669 1800 875 1
6670 1581 871 1
6671 1640 851 1
6672 1583 878 1
6673 1569 885 1
6674 1657 877 1
6675 1672 944 1
6676 1617 938 1
6677 1623 957 1
6678 1685 958 1
6679 1687 990 1
6680 1764 915 1
6681 1723 857 1
6682 1707 888 1
6683 1684 950 1
6684 1744 890 1
6685 1762 957 1
6686 1661 981 1
6687 1742 944 1
6688 651 1502 1
6689 755 1459 1
6690 1723 864 1
6691 1836 898 1
6692 1667 882 1
6693 1820 911 1
6694 1633 987 1
6695 1136 24 1
6696 1038 75 1
6697 629 1472 1
6698 846 1482 1
6699 772 1133 1
6700 325 1296 1
6701 1869 1834 1
6702 2136 1742 1
6703 658 1522 1
6704 1582 1043 1
6705 1580 1034 1
6706 1730 1038 1
6707 1646 1033 1
6708 2455 512 1
6709 2388 552 1
6710 1216 1644 1
6711 1151 1675 1
6712 1285 1620 1
6713 1168 1796 1
6714 1260 1748 1
6715 1308 1729 1
6716 187 752 1
6717 2677 1692 1
6718 1586 410 1
END
